time_s,phase,left_n,right_n,sample_timestamp,position_rad,velocity_rad_s,command_position_rad,feedforward_nm,motor_kp,motor_kd,event
0.39227654400019674,ZERO_VERIFY,0.0,0.0,24320.120439384,28.255893797207598,-0.06837606837609655,28.255893797207598,0,0,0,
0.40364654699806124,ZERO_VERIFY,0.0,0.0,24320.131395122,28.255893797207598,-0.06837606837609655,28.255893797207598,0,0,0,
0.41393848399820854,ZERO_VERIFY,0.0,0.0,24320.142470835,28.255893797207598,-0.06837606837609655,28.255893797207598,0,0,0,
0.4248696119975648,ZERO_VERIFY,0.0,0.0,24320.153342554,28.255893797207598,-0.06837606837609655,28.255893797207598,0,0,0,
0.4358799209985591,ZERO_VERIFY,0.0,0.0,24320.164349186,28.255893797207598,-0.06837606837609655,28.255893797207598,0,0,0,
0.4469062899988785,ZERO_VERIFY,0.0,0.0,24320.175442248,28.255893797207598,-0.06837606837609655,28.255893797207598,0,0,0,
0.4584440469989204,ZERO_VERIFY,0.0,0.0,24320.186471656,28.255893797207598,-0.06837606837609655,28.255893797207598,0,0,0,
0.4688965499990445,ZERO_VERIFY,0.0,0.0,24320.197471089,28.255893797207598,-0.06837606837609655,28.255893797207598,0,0,0,
0.48009228599767084,ZERO_VERIFY,0.0,0.0,24320.208512114,28.255893797207598,-0.06837606837609655,28.255893797207598,0,0,0,
0.49160421899796347,ZERO_VERIFY,0.0,0.0,24320.219489068,28.254978255893796,-0.06837606837609655,28.254978255893796,0,0,0,
0.49170700600006967,APPROACH,0.0,0.0,24320.219489068,28.254978255893796,-0.06837606837609655,28.254977719895827,-0.35,5.0,0.05,
0.4930087590000767,APPROACH,0.0,0.0,24320.219489068,28.254978255893796,-0.06837606837609655,28.252675787896145,-0.35,5.0,0.05,
0.4944415209974977,APPROACH,0.0,0.0,24320.219489068,28.255893797207598,-0.06837606837609655,28.249839081895765,-0.35,5.0,0.05,
0.49561005599753116,APPROACH,0.0,0.0,24320.219489068,28.255893797207598,-0.06837606837609655,28.247233759896766,-0.35,5.0,0.05,
0.49686786199890776,APPROACH,0.0,0.0,24320.219489068,28.238498512245364,-9.641025641025635,28.244911399896658,-0.35,5.0,0.05,
0.4981535439983418,APPROACH,0.0,0.0,24320.219489068,28.238498512245364,-9.641025641025635,28.242180371891003,-0.35,5.0,0.05,
0.4994532309974602,APPROACH,0.0,0.0,24320.219489068,28.238498512245364,-9.641025641025635,28.239555711895513,-0.35,5.0,0.05,
0.5007099369977368,APPROACH,0.0,0.0,24320.219489068,28.212863355458914,-8.820512820512818,28.237227403894643,-0.35,5.0,0.05,
0.5019291879980301,APPROACH,0.0,0.0,24320.230399181,28.212863355458914,-8.820512820512818,28.234634155896195,-0.35,5.0,0.05,
0.5032591529998172,APPROACH,0.0,0.0,24320.230399181,28.214694438086518,-1.299145299145323,28.232053957895253,-0.35,5.0,0.05,
0.5044776809991163,APPROACH,0.0,0.0,24320.230399181,28.214694438086518,-1.299145299145323,28.22959996389661,-0.35,5.0,0.05,
0.5057441229982942,APPROACH,0.0,0.0,24320.230399181,28.214694438086518,-1.299145299145323,28.227110019893438,-0.35,5.0,0.05,
0.5071830939996289,APPROACH,0.0,0.0,24320.230399181,28.217441062027923,-4.71794871794873,28.224490733891137,-0.35,5.0,0.05,
0.5085244539986888,APPROACH,0.0,0.0,24320.230399181,28.217441062027923,-4.71794871794873,28.22142342589475,-0.35,5.0,0.05,
0.5097735179988376,APPROACH,0.0,0.0,24320.230399181,28.202792401007095,-7.179487179487182,28.219087811893836,-0.35,5.0,0.05,
0.5110210050006572,APPROACH,0.0,0.0,24320.230399181,28.202792401007095,-7.179487179487182,28.216498181894416,-0.35,5.0,0.05,
0.5122052250007982,APPROACH,0.0,0.0,24320.230399181,28.202792401007095,-7.179487179487182,28.214029511896364,-0.35,5.0,0.05,
0.5135852210005396,APPROACH,0.0,0.0,24320.241456208,28.188143739986266,-3.897435897435912,28.21145810789428,-0.35,5.0,0.05,
0.5147519829988596,APPROACH,0.0,0.0,24320.241456208,28.188143739986266,-3.897435897435912,28.20895687189593,-0.35,5.0,0.05,
0.5161026009991474,APPROACH,0.0,0.0,24320.241456208,28.18997482261387,-2.393162393162413,28.20653266989509,-0.35,5.0,0.05,
0.5172856319986749,APPROACH,0.0,0.0,24320.241456208,28.18997482261387,-2.393162393162413,28.20387477589363,-0.35,5.0,0.05,
0.5185580109973671,APPROACH,0.0,0.0,24320.241456208,28.18997482261387,-2.393162393162413,28.20135389389295,-0.35,5.0,0.05,
0.5199587209972378,APPROACH,0.0,0.0,24320.241456208,28.18448157473106,-5.264957264957275,28.1989610198955,-0.35,5.0,0.05,
0.5212641670004814,APPROACH,0.0,0.0,24320.241456208,28.18448157473106,-5.264957264957275,28.19594453989091,-0.35,5.0,0.05,
0.5225513509976736,APPROACH,0.0,0.0,24320.241456208,28.173495078965438,-5.6752136752136835,28.19360216189059,-0.35,5.0,0.05,
0.5239866230003827,APPROACH,0.0,0.0,24320.25250686,28.173495078965438,-5.6752136752136835,28.19047814589546,-0.35,5.0,0.05,
0.5252742849988863,APPROACH,0.0,0.0,24320.25250686,28.173495078965438,-5.6752136752136835,28.187928203894693,-0.35,5.0,0.05,
0.526700193000579,APPROACH,0.0,0.0,24320.25250686,28.16983291371023,-3.350427350427367,28.185341045894596,-0.35,5.0,0.05,
0.5278785859991331,APPROACH,0.0,0.0,24320.25250686,28.16983291371023,-3.350427350427367,28.182662733889877,-0.35,5.0,0.05,
0.5291625110003224,APPROACH,0.0,0.0,24320.25250686,28.16983291371023,-4.307692307692321,28.180317855892348,-0.35,5.0,0.05,
0.5304043819996878,APPROACH,0.0,0.0,24320.25250686,28.16983291371023,-4.307692307692321,28.17778060989192,-0.35,5.0,0.05,
0.531649696000386,APPROACH,0.0,0.0,24320.25250686,28.16983291371023,-4.307692307692321,28.175257287891576,-0.35,5.0,0.05,
0.5330508879997069,APPROACH,0.0,0.0,24320.25250686,28.15884641794461,-5.6752136752136835,28.172583517896122,-0.35,5.0,0.05,
0.5343494039989309,APPROACH,0.0,0.0,24320.25250686,28.15884641794461,-5.6752136752136835,28.169803989892237,-0.35,5.0,0.05,
0.5356564449975849,APPROACH,0.0,0.0,24320.263449596,28.14969100480659,-4.991452991453002,28.16734356989152,-0.35,5.0,0.05,
0.5368743920007546,APPROACH,0.0,0.0,24320.263449596,28.14969100480659,-4.991452991453002,28.164804603891092,-0.35,5.0,0.05,
0.5380508259986527,APPROACH,0.0,0.0,24320.263449596,28.14969100480659,-4.991452991453002,28.162362143893255,-0.35,5.0,0.05,
0.5394140909993439,APPROACH,0.0,0.0,24320.263449596,28.14877546349279,-4.034188034188048,28.159824901894602,-0.35,5.0,0.05,
0.5405695039989951,APPROACH,0.0,0.0,24320.263449596,28.14877546349279,-4.034188034188048,28.157307209892018,-0.35,5.0,0.05,
0.5418308689986588,APPROACH,0.0,0.0,24320.263449596,28.147859922178988,-5.538461538461547,28.154980475891783,-0.35,5.0,0.05,
0.5431682710004679,APPROACH,0.0,0.0,24320.263449596,28.147859922178988,-5.538461538461547,28.152201507896528,-0.35,5.0,0.05,
0.5447190310005681,APPROACH,0.0,0.0,24320.263449596,28.142366674296177,-5.948717948717956,28.14928875789453,-0.35,5.0,0.05,
0.5459409169998253,APPROACH,0.0,0.0,24320.274413035,28.142366674296177,-5.948717948717956,28.146660801890242,-0.35,5.0,0.05,
0.5472387769987108,APPROACH,0.0,0.0,24320.274413035,28.142366674296177,-5.948717948717956,28.143997619890136,-0.35,5.0,0.05,
0.5486578649979492,APPROACH,0.0,0.0,24320.274413035,28.142366674296177,-5.538461538461547,28.141424071896175,-0.35,5.0,0.05,
0.5498257580002246,APPROACH,0.0,0.0,24320.274413035,28.142366674296177,-5.538461538461547,28.13879961389582,-0.35,5.0,0.05,
0.5513226639995992,APPROACH,0.0,0.0,24320.274413035,28.142366674296177,-6.085470085470092,28.13624229589302,-0.35,5.0,0.05,
0.5526223619999655,APPROACH,0.0,0.0,24320.274413035,28.142366674296177,-6.085470085470092,28.133319181893306,-0.35,5.0,0.05,
0.5539033879977069,APPROACH,0.0,0.0,24320.274413035,28.142366674296177,-6.085470085470092,28.13078543389681,-0.35,5.0,0.05,
0.5553038180005387,APPROACH,0.0,0.0,24320.274413035,28.135957885099565,-7.042735042735046,28.12808224589505,-0.35,5.0,0.05,
0.556568760999653,APPROACH,0.0,0.0,24320.274413035,28.135957885099565,-7.042735042735046,28.125329261894215,-0.35,5.0,0.05,
0.5583593529991049,APPROACH,0.0,0.0,24320.285525986,28.132295719844358,-6.769230769230774,28.12203572589467,-0.35,5.0,0.05,
0.5596596750001481,APPROACH,0.0,0.0,24320.285525986,28.132295719844358,-6.769230769230774,28.119322409890877,-0.35,5.0,0.05,
0.5608988109997881,APPROACH,0.0,0.0,24320.285525986,28.132295719844358,-6.769230769230774,28.116674253892846,-0.35,5.0,0.05,
0.5624494529984077,APPROACH,0.0,0.0,24320.285525986,28.122224765392538,-6.769230769230774,28.11388173389539,-0.35,5.0,0.05,
0.5636934159992961,APPROACH,0.0,0.0,24320.285525986,28.122224765392538,-6.769230769230774,28.11113780589337,-0.35,5.0,0.05,
0.5650187139981426,APPROACH,0.0,0.0,24320.285525986,28.114900434882124,-6.495726495726501,28.108621871893114,-0.35,5.0,0.05,
0.5662393839993456,APPROACH,0.0,0.0,24320.285525986,28.114900434882124,-6.495726495726501,28.106070261893613,-0.35,5.0,0.05,
0.567580127997644,APPROACH,0.0,0.0,24320.285525986,28.114900434882124,-6.495726495726501,28.103346559896885,-0.35,5.0,0.05,
0.5688779279989831,APPROACH,0.0,0.0,24320.296611495,28.1029983978027,-6.358974358974365,28.100960217890382,-0.35,5.0,0.05,
0.5700419120003062,APPROACH,0.0,0.0,24320.296611495,28.1029983978027,-6.358974358974365,28.098369797896588,-0.35,5.0,0.05,
0.5714466549979988,APPROACH,0.0,0.0,24320.296611495,28.096589608606088,-6.085470085470092,28.0958095178951,-0.35,5.0,0.05,
0.5726272299980337,APPROACH,0.0,0.0,24320.296611495,28.096589608606088,-6.085470085470092,28.09321242189005,-0.35,5.0,0.05,
0.5737923460001184,APPROACH,0.0,0.0,24320.296611495,28.096589608606088,-6.085470085470092,28.09084617389569,-0.35,5.0,0.05,
0.575146348997805,APPROACH,0.0,0.0,24320.296611495,28.088349736781872,-5.81196581196582,28.08849070389376,-0.35,5.0,0.05,
0.5765525819988397,APPROACH,0.0,0.0,24320.296611495,28.088349736781872,-5.81196581196582,28.085551615892903,-0.35,5.0,0.05,
0.5778890399997181,APPROACH,0.0,0.0,24320.296611495,28.07736324101625,-5.81196581196582,28.082898413894576,-0.35,5.0,0.05,
0.579132311999274,APPROACH,0.0,0.0,24320.30760562,28.07736324101625,-5.81196581196582,28.08026658989663,-0.35,5.0,0.05,
0.580447219999769,APPROACH,0.0,0.0,24320.30760562,28.07736324101625,-5.81196581196582,28.0775736958906,-0.35,5.0,0.05,
0.5817943969996122,APPROACH,0.0,0.0,24320.30760562,28.06729228656443,-4.991452991453002,28.075220119893196,-0.35,5.0,0.05,
0.5829793619996053,APPROACH,0.0,0.0,24320.30760562,28.06729228656443,-4.991452991453002,28.07248115789232,-0.35,5.0,0.05,
0.5844015299990133,APPROACH,0.0,0.0,24320.30760562,28.062714579995422,-4.991452991453002,28.06990241789142,-0.35,5.0,0.05,
0.5856223619994125,APPROACH,0.0,0.0,24320.30760562,28.062714579995422,-4.991452991453002,28.067213149895245,-0.35,5.0,0.05,
0.586947149997286,APPROACH,0.0,0.0,24320.30760562,28.055390249485008,-5.264957264957275,28.06487344589666,-0.35,5.0,0.05,
0.5882312969988561,APPROACH,0.0,0.0,24320.30760562,28.055390249485008,-5.264957264957275,28.061990347895765,-0.35,5.0,0.05,
0.5895639070004108,APPROACH,0.0,0.0,24320.30760562,28.055390249485008,-5.264957264957275,28.059407273890677,-0.35,5.0,0.05,
0.5908650799974566,APPROACH,0.0,0.0,24320.318538078,28.050812542916,-5.128205128205138,28.05694779989542,-0.35,5.0,0.05,
0.5921547209982236,APPROACH,0.0,0.0,24320.318538078,28.050812542916,-5.128205128205138,28.05415721589204,-0.35,5.0,0.05,
0.5934568699994998,APPROACH,0.0,0.0,24320.318538078,28.044403753719386,-4.991452991453002,28.051799313894,-0.35,5.0,0.05,
0.5946314979992167,APPROACH,0.0,0.0,24320.318538078,28.044403753719386,-4.991452991453002,28.049191117891745,-0.35,5.0,0.05,
0.5958445180003764,APPROACH,0.0,0.0,24320.318538078,28.044403753719386,-4.991452991453002,28.04684198189468,-0.35,5.0,0.05,
0.5972757540002931,APPROACH,0.0,0.0,24320.318538078,28.033417257953765,-4.991452991453002,28.044197305892588,-0.35,5.0,0.05,
0.5985656939992623,APPROACH,0.0,0.0,24320.318538078,28.033417257953765,-4.991452991453002,28.041321397891146,-0.35,5.0,0.05,
0.5997752229995967,APPROACH,0.0,0.0,24320.318538078,28.02609292744335,-4.71794871794873,28.03900109389476,-0.35,5.0,0.05,
0.6011164659976203,APPROACH,0.0,0.0,24320.329563502,28.02609292744335,-4.71794871794873,28.036303639893298,-0.35,5.0,0.05,
0.6025303120004537,APPROACH,0.0,0.0,24320.329563502,28.02609292744335,-4.71794871794873,28.033403357892233,-0.35,5.0,0.05,
0.6039313029978075,APPROACH,0.0,0.0,24320.329563502,28.018768596932937,-4.307692307692321,28.031010087893513,-0.35,5.0,0.05,
0.6052277050002886,APPROACH,0.0,0.0,24320.329563502,28.018768596932937,-4.307692307692321,28.028031041890493,-0.35,5.0,0.05,
0.6066156659981061,APPROACH,0.0,0.0,24320.329563502,28.008697642481117,-4.444444444444457,28.025425455890648,-0.35,5.0,0.05,
0.6077766429989424,APPROACH,0.0,0.0,24320.329563502,28.008697642481117,-4.444444444444457,28.02290083189407,-0.35,5.0,0.05,
0.6089688590000151,APPROACH,0.0,0.0,24320.329563502,28.008697642481117,-4.444444444444457,28.02050274389446,-0.35,5.0,0.05,
0.6103315349973855,APPROACH,0.0,0.0,24320.329563502,27.99496452277409,-3.6239316239316395,28.017937433892506,-0.35,5.0,0.05,
0.6116319930006284,APPROACH,0.0,0.0,24320.329563502,27.99496452277409,-3.6239316239316395,28.015327243892237,-0.35,5.0,0.05,
0.6130020429991418,APPROACH,0.0,0.0,24320.340605629,27.987640192263676,-3.2136752136752307,28.012779467893118,-0.35,5.0,0.05,
0.6143920799986518,APPROACH,0.0,0.0,24320.340605629,27.987640192263676,-3.2136752136752307,28.009837723891245,-0.35,5.0,0.05,
0.6155858899983286,APPROACH,0.0,0.0,24320.340605629,27.987640192263676,-3.2136752136752307,28.00729974389221,-0.35,5.0,0.05,
0.6168676739980583,APPROACH,0.0,0.0,24320.340605629,27.97482261387045,-3.0769230769230944,28.004938827894215,-0.35,5.0,0.05,
0.618193546000839,APPROACH,0.0,0.0,24320.340605629,27.97482261387045,-3.0769230769230944,28.002128435896587,-0.35,5.0,0.05,
0.6196120429995062,APPROACH,0.0,0.0,24320.340605629,27.966582742046235,-2.803418803418822,27.9994344978925,-0.35,5.0,0.05,
0.6207901489979122,APPROACH,0.0,0.0,24320.340605629,27.966582742046235,-2.803418803418822,27.996875677891943,-0.35,5.0,0.05,
0.6221139099980064,APPROACH,0.0,0.0,24320.340605629,27.966582742046235,-2.803418803418822,27.99424405989091,-0.35,5.0,0.05,
0.623587595000572,APPROACH,0.0,0.0,24320.351520927,27.95284962233921,-2.1196581196581405,27.991441149891465,-0.35,5.0,0.05,
0.624742897998658,APPROACH,0.0,0.0,24320.351520927,27.95284962233921,-2.1196581196581405,27.988958021896245,-0.35,5.0,0.05,
0.6260422779996588,APPROACH,0.0,0.0,24320.351520927,27.947356374456398,-1.846153846153868,27.9865633418897,-0.35,5.0,0.05,
0.6273755469992466,APPROACH,0.0,0.0,24320.351520927,27.947356374456398,-1.846153846153868,27.98375037389021,-0.35,5.0,0.05,
0.6286464919976424,APPROACH,0.0,0.0,24320.351520927,27.937285420004578,-2.1196581196581405,27.981359661892633,-0.35,5.0,0.05,
0.6298354509999626,APPROACH,0.0,0.0,24320.351520927,27.937285420004578,-2.1196581196581405,27.978820849895122,-0.35,5.0,0.05,
0.6311709889996564,APPROACH,0.0,0.0,24320.351520927,27.937285420004578,-2.1196581196581405,27.97623565989604,-0.35,5.0,0.05,
0.6326418139979069,APPROACH,0.0,0.0,24320.351520927,27.92813000686656,-1.7094017094017318,27.973461857896176,-0.35,5.0,0.05,
0.634059158997843,APPROACH,0.0,0.0,24320.362567012,27.92813000686656,-1.7094017094017318,27.970350977893098,-0.35,5.0,0.05,
0.6355333520004933,APPROACH,0.0,0.0,24320.362567012,27.918974593728542,-0.8888888888889142,27.967756585895835,-0.35,5.0,0.05,
0.6367839949998597,APPROACH,0.0,0.0,24320.362567012,27.918974593728542,-0.8888888888889142,27.96499208989669,-0.35,5.0,0.05,
0.6380005889986933,APPROACH,0.0,0.0,24320.362567012,27.918974593728542,-0.8888888888889142,27.962454977890296,-0.35,5.0,0.05,
0.639382225999725,APPROACH,0.0,0.0,24320.362567012,27.90249485008011,-0.47863247863250535,27.9599212298938,-0.35,5.0,0.05,
0.6405906309992133,APPROACH,0.0,0.0,24320.362567012,27.90249485008011,-0.47863247863250535,27.9572769418967,-0.35,5.0,0.05,
0.6419691560004139,APPROACH,0.0,0.0,24320.362567012,27.894254978255894,-0.20512820512823282,27.954917177893797,-0.35,5.0,0.05,
0.6432913319986255,APPROACH,0.0,0.0,24320.362567012,27.894254978255894,-0.20512820512823282,27.951932605895557,-0.35,5.0,0.05,
0.6445478130008269,APPROACH,0.0,0.0,24320.362567012,27.894254978255894,-0.20512820512823282,27.949357987891993,-0.35,5.0,0.05,
0.6459528659979696,APPROACH,0.0,0.0,24320.373485935,27.879606317235066,0.3418803418803691,27.946971509890567,-0.35,5.0,0.05,
0.6472418659977848,APPROACH,0.0,0.0,24320.373485935,27.879606317235066,0.3418803418803691,27.94398094389296,-0.35,5.0,0.05,
0.64847514199937,APPROACH,0.0,0.0,24320.373485935,27.87594415197986,0.6153846153846416,27.9416440338912,-0.35,5.0,0.05,
0.6496485679999751,APPROACH,0.0,0.0,24320.373485935,27.87594415197986,0.6153846153846416,27.939164717893867,-0.35,5.0,0.05,
0.6508373209981073,APPROACH,0.0,0.0,24320.373485935,27.87594415197986,0.6153846153846416,27.93683203789376,-0.35,5.0,0.05,
0.6523168120002083,APPROACH,0.0,0.0,24320.373485935,27.873197528038453,0.06837606837609655,27.934135583892633,-0.35,5.0,0.05,
0.6535980320004455,APPROACH,0.0,0.0,24320.373485935,27.873197528038453,0.06837606837609655,27.931331131892215,-0.35,5.0,0.05,
0.6548961640000925,APPROACH,0.0,0.0,24320.373485935,27.87136644541085,-0.20512820512823282,27.928889009891712,-0.35,5.0,0.05,
0.6562431319980533,APPROACH,0.0,0.0,24320.384562829,27.87136644541085,-0.20512820512823282,27.925968493896356,-0.35,5.0,0.05,
0.6575933439999062,APPROACH,0.0,0.0,24320.384562829,27.87136644541085,-0.20512820512823282,27.923331731895153,-0.35,5.0,0.05,
0.658882324998558,APPROACH,0.0,0.0,24320.384562829,27.86587319752804,-0.47863247863250535,27.92091844789072,-0.35,5.0,0.05,
0.6601945559996238,APPROACH,0.0,0.0,24320.384562829,27.86587319752804,-0.47863247863250535,27.918135007895465,-0.35,5.0,0.05,
0.6616028030002781,APPROACH,0.0,0.0,24320.384562829,27.86129549095903,-0.6153846153846416,27.91543401189235,-0.35,5.0,0.05,
0.6628139679996821,APPROACH,0.0,0.0,24320.384562829,27.86129549095903,-0.6153846153846416,27.912904877893446,-0.35,5.0,0.05,
0.6641055209984188,APPROACH,0.0,0.0,24320.384562829,27.86129549095903,-0.6153846153846416,27.910238027893932,-0.35,5.0,0.05,
0.6654882209986681,APPROACH,0.0,0.0,24320.384562829,27.853055619134814,-0.7521367521367779,27.907714061891305,-0.35,5.0,0.05,
0.6670398319984088,APPROACH,0.0,0.0,24320.395483574,27.853055619134814,-0.7521367521367779,27.904478191894007,-0.35,5.0,0.05,
0.6684802359995956,APPROACH,0.0,0.0,24320.395483574,27.85030899519341,-0.7521367521367779,27.901791979894618,-0.35,5.0,0.05,
0.6696524740000314,APPROACH,0.0,0.0,24320.395483574,27.85030899519341,-0.7521367521367779,27.899147943893034,-0.35,5.0,0.05,
0.6708999529982975,APPROACH,0.0,0.0,24320.395483574,27.843900205996796,-1.0256410256410504,27.89682487189682,-0.35,5.0,0.05,
0.6722191810004006,APPROACH,0.0,0.0,24320.395483574,27.843900205996796,-1.0256410256410504,27.894100531893194,-0.35,5.0,0.05,
0.6735256409992871,APPROACH,0.0,0.0,24320.395483574,27.843900205996796,-1.0256410256410504,27.89141637189575,-0.35,5.0,0.05,
0.6747508679982275,APPROACH,0.0,0.0,24320.395483574,27.842069123369193,-1.299145299145323,27.889084091891412,-0.35,5.0,0.05,
0.6759564809981384,APPROACH,0.0,0.0,24320.395483574,27.842069123369193,-1.299145299145323,27.886624117892346,-0.35,5.0,0.05,
0.6773004019996733,APPROACH,0.0,0.0,24320.395483574,27.84023804074159,-1.5726495726495955,27.883997223894106,-0.35,5.0,0.05,
0.6785890030005248,APPROACH,0.0,0.0,24320.406522342,27.84023804074159,-1.5726495726495955,27.881354009893833,-0.35,5.0,0.05,
0.6797611069996492,APPROACH,0.0,0.0,24320.406522342,27.84023804074159,-1.5726495726495955,27.878923497891513,-0.35,5.0,0.05,
0.6810836919976282,APPROACH,0.0,0.0,24320.406522342,27.837491416800184,-2.1196581196581405,27.876526059896854,-0.35,5.0,0.05,
0.6824141149991192,APPROACH,0.0,0.0,24320.406522342,27.837491416800184,-2.1196581196581405,27.873704017890553,-0.35,5.0,0.05,
0.6837168899983226,APPROACH,0.0,0.0,24320.406522342,27.83474479285878,-2.256410256410277,27.871249959892587,-0.35,5.0,0.05,
0.6849284579984669,APPROACH,0.0,0.0,24320.406522342,27.83474479285878,-2.256410256410277,27.868601413895952,-0.35,5.0,0.05,
0.686235831999511,APPROACH,0.0,0.0,24320.406522342,27.83474479285878,-2.256410256410277,27.866025007891288,-0.35,5.0,0.05,
0.6876453549994039,APPROACH,0.0,0.0,24320.406522342,27.829251544975968,-2.393162393162413,27.863369129890337,-0.35,5.0,0.05,
0.6891238629978034,APPROACH,0.0,0.0,24320.417614946,27.829251544975968,-2.393162393162413,27.860260659895424,-0.35,5.0,0.05,
0.6905244019981183,APPROACH,0.0,0.0,24320.417614946,27.82467383840696,-2.5299145299145493,27.857610197891766,-0.35,5.0,0.05,
0.6917003290000139,APPROACH,0.0,0.0,24320.417614946,27.82467383840696,-2.5299145299145493,27.855040285890276,-0.35,5.0,0.05,
0.6928929869973217,APPROACH,0.0,0.0,24320.417614946,27.82467383840696,-2.5299145299145493,27.852655615891557,-0.35,5.0,0.05,
0.6941844770008174,APPROACH,0.0,0.0,24320.417614946,27.812771801327536,-2.5299145299145493,27.850346895896358,-0.35,5.0,0.05,
0.6954828800007817,APPROACH,0.0,0.0,24320.417614946,27.812771801327536,-2.5299145299145493,27.84772196589008,-0.35,5.0,0.05,
0.6969002869991527,APPROACH,0.0,0.0,24320.417614946,27.808194094758527,-2.256410256410277,27.845012551895046,-0.35,5.0,0.05,
0.6981060969992541,APPROACH,0.0,0.0,24320.417614946,27.808194094758527,-2.256410256410277,27.842303259895992,-0.35,5.0,0.05,
0.6992996279986983,APPROACH,0.0,0.0,24320.417614946,27.808194094758527,-2.256410256410277,27.839835447893414,-0.35,5.0,0.05,
0.7006566249983734,APPROACH,0.0,0.0,24320.428598336,27.80453192950332,-2.5299145299145493,27.837307347895397,-0.35,5.0,0.05,
0.701820851998491,APPROACH,0.0,0.0,24320.428598336,27.80453192950332,-2.5299145299145493,27.834817523894593,-0.35,5.0,0.05,
0.703123625000444,APPROACH,0.0,0.0,24320.428598336,27.803616388189518,-2.940170940170958,27.83240298389253,-0.35,5.0,0.05,
0.7044645539972407,APPROACH,0.0,0.0,24320.428598336,27.803616388189518,-2.940170940170958,27.82960903989558,-0.35,5.0,0.05,
0.7056302220007638,APPROACH,0.0,0.0,24320.428598336,27.803616388189518,-2.940170940170958,27.827194881895842,-0.35,5.0,0.05,
0.706977083998936,APPROACH,0.0,0.0,24320.428598336,27.79995422293431,-3.350427350427367,27.824852963896113,-0.35,5.0,0.05,
0.7082959159997699,APPROACH,0.0,0.0,24320.428598336,27.79995422293431,-3.350427350427367,27.82188092589174,-0.35,5.0,0.05,
0.7096245930006262,APPROACH,0.0,0.0,24320.428598336,27.796292057679103,-3.487179487179503,27.819385443895293,-0.35,5.0,0.05,
0.7111596309987362,APPROACH,0.0,0.0,24320.439599013,27.796292057679103,-3.487179487179503,27.816151729895203,-0.35,5.0,0.05,
0.7125704360005329,APPROACH,0.0,0.0,24320.439599013,27.785305561913482,-3.487179487179503,27.813587335892656,-0.35,5.0,0.05,
0.7138554589982959,APPROACH,0.0,0.0,24320.439599013,27.785305561913482,-3.487179487179503,27.810928653890436,-0.35,5.0,0.05,
0.7151834020005481,APPROACH,0.0,0.0,24320.439599013,27.785305561913482,-3.487179487179503,27.80811392389412,-0.35,5.0,0.05,
0.7166220779981813,APPROACH,0.0,0.0,24320.439599013,27.77889677271687,-3.2136752136752307,27.80542733189329,-0.35,5.0,0.05,
0.7178366659973108,APPROACH,0.0,0.0,24320.439599013,27.77889677271687,-3.2136752136752307,27.80287085589341,-0.35,5.0,0.05,
0.7192374810001638,APPROACH,0.0,0.0,24320.439599013,27.769741359578852,-3.0769230769230944,27.800201589890342,-0.35,5.0,0.05,
0.7205142040002102,APPROACH,0.0,0.0,24320.439599013,27.769741359578852,-3.0769230769230944,27.7974219318942,-0.35,5.0,0.05,
0.721818247999181,APPROACH,0.0,0.0,24320.439599013,27.769741359578852,-3.0769230769230944,27.794960941894963,-0.35,5.0,0.05,
0.7233827099989867,APPROACH,0.0,0.0,24320.450863336,27.75783932249943,-2.5299145299145493,27.792091511896864,-0.35,5.0,0.05,
0.7245799039992562,APPROACH,0.0,0.0,24320.450863336,27.75783932249943,-2.5299145299145493,27.789303233891836,-0.35,5.0,0.05,
0.7258133579998685,APPROACH,0.0,0.0,24320.450863336,27.751430533302816,-2.256410256410277,27.786967031891685,-0.35,5.0,0.05,
0.7269658000004711,APPROACH,0.0,0.0,24320.450863336,27.751430533302816,-2.256410256410277,27.784505207893083,-0.35,5.0,0.05,
0.7282349329980207,APPROACH,0.0,0.0,24320.450863336,27.751430533302816,-2.256410256410277,27.781986245893926,-0.35,5.0,0.05,
0.7295810659998097,APPROACH,0.0,0.0,24320.450863336,27.73769741359579,-2.256410256410277,27.779571235894103,-0.35,5.0,0.05,
0.730744901997241,APPROACH,0.0,0.0,24320.450863336,27.73769741359579,-2.256410256410277,27.776945667895482,-0.35,5.0,0.05,
0.7321376830004738,APPROACH,0.0,0.0,24320.450863336,27.731288624399177,-1.846153846153868,27.774421183895605,-0.35,5.0,0.05,
0.7333308969973586,APPROACH,0.0,0.0,24320.461660576,27.731288624399177,-1.846153846153868,27.771767587896896,-0.35,5.0,0.05,
0.7344875719973061,APPROACH,0.0,0.0,24320.461660576,27.731288624399177,-1.846153846153868,27.769446831896197,-0.35,5.0,0.05,
0.7357395229992107,APPROACH,0.0,0.0,24320.461660576,27.725795376516366,-1.5726495726495955,27.767166803890426,-0.35,5.0,0.05,
0.7369576799974311,APPROACH,0.0,0.0,24320.461660576,27.725795376516366,-1.5726495726495955,27.764626481891604,-0.35,5.0,0.05,
0.7383837229972414,APPROACH,0.0,0.0,24320.461660576,27.723964293888763,-1.9829059829060043,27.762083773895277,-0.35,5.0,0.05,
0.7396387469998444,APPROACH,0.0,0.0,24320.461660576,27.723964293888763,-1.9829059829060043,27.75930487989651,-0.35,5.0,0.05,
0.7408084329981648,APPROACH,0.0,0.0,24320.461660576,27.723964293888763,-1.9829059829060043,27.756837079891987,-0.35,5.0,0.05,
0.7421860600006767,APPROACH,0.0,0.0,24320.461660576,27.71755550469215,-2.393162393162413,27.75430731588974,-0.35,5.0,0.05,
0.7435048070001358,APPROACH,0.0,0.0,24320.461660576,27.71755550469215,-2.393162393162413,27.751529177892074,-0.35,5.0,0.05,
0.7447728049992293,APPROACH,0.0,0.0,24320.472595265,27.713893339436943,-2.256410256410277,27.749100511894788,-0.35,5.0,0.05,
0.7460373399990203,APPROACH,0.0,0.0,24320.472595265,27.713893339436943,-2.256410256410277,27.746468221893586,-0.35,5.0,0.05,
0.7473241109983064,APPROACH,0.0,0.0,24320.472595265,27.713893339436943,-2.256410256410277,27.74382282789272,-0.35,5.0,0.05,
0.748744282998814,APPROACH,0.0,0.0,24320.472595265,27.708400091554132,-2.5299145299145493,27.74135262189636,-0.35,5.0,0.05,
0.7499617529974785,APPROACH,0.0,0.0,24320.472595265,27.708400091554132,-2.5299145299145493,27.738530091891583,-0.35,5.0,0.05,
0.7513149749975128,APPROACH,0.0,0.0,24320.472595265,27.703822384985124,-2.803418803418822,27.73599781989585,-0.35,5.0,0.05,
0.7525912940000126,APPROACH,0.0,0.0,24320.472595265,27.703822384985124,-2.803418803418822,27.733355981895578,-0.35,5.0,0.05,
0.7538657679979224,APPROACH,0.0,0.0,24320.472595265,27.699244678416115,-2.940170940170958,27.7309228678944,-0.35,5.0,0.05,
0.7552319329988677,APPROACH,0.0,0.0,24320.483694771,27.699244678416115,-2.940170940170958,27.728056937893847,-0.35,5.0,0.05,
0.7565668509996613,APPROACH,0.0,0.0,24320.483694771,27.699244678416115,-2.940170940170958,27.72533858389331,-0.35,5.0,0.05,
0.757801173000189,APPROACH,0.0,0.0,24320.483694771,27.698329137102313,-3.0769230769230944,27.722992259893793,-0.35,5.0,0.05,
0.759042273999512,APPROACH,0.0,0.0,24320.483694771,27.698329137102313,-3.0769230769230944,27.720439867896197,-0.35,5.0,0.05,
0.7604615309974179,APPROACH,0.0,0.0,24320.483694771,27.69741359578851,-3.6239316239316395,27.717777647894103,-0.35,5.0,0.05,
0.7617084179983067,APPROACH,0.0,0.0,24320.483694771,27.69741359578851,-3.6239316239316395,27.715182075896585,-0.35,5.0,0.05,
0.7628974719991675,APPROACH,0.0,0.0,24320.483694771,27.69741359578851,-3.6239316239316395,27.712646371889853,-0.35,5.0,0.05,
0.7642383269994752,APPROACH,0.0,0.0,24320.483694771,27.695582513160907,-4.1709401709401845,27.710252889891557,-0.35,5.0,0.05,
0.7655859879996569,APPROACH,0.0,0.0,24320.483694771,27.695582513160907,-4.1709401709401845,27.707388473894092,-0.35,5.0,0.05,
0.766853106997587,APPROACH,0.0,0.0,24320.4946966,27.693751430533304,-4.444444444444457,27.70492985389253,-0.35,5.0,0.05,
0.7681633609972778,APPROACH,0.0,0.0,24320.4946966,27.693751430533304,-4.444444444444457,27.7021676698944,-0.35,5.0,0.05,
0.7694827249979426,APPROACH,0.0,0.0,24320.4946966,27.693751430533304,-4.444444444444457,27.699528297890787,-0.35,5.0,0.05,
0.7708606089981913,APPROACH,0.0,0.0,24320.4946966,27.6919203479057,-4.991452991453002,27.697062771892227,-0.35,5.0,0.05,
0.7720931399999245,APPROACH,0.0,0.0,24320.4946966,27.6919203479057,-4.991452991453002,27.694290029890247,-0.35,5.0,0.05,
0.7735205409990158,APPROACH,0.0,0.0,24320.4946966,27.690089265278097,-5.401709401709411,27.691715363894467,-0.35,5.0,0.05,
0.7747886609977286,APPROACH,0.0,0.0,24320.4946966,27.690089265278097,-5.401709401709411,27.689023277890804,-0.35,5.0,0.05,
0.7761707440004102,APPROACH,0.0,0.0,24320.4946966,27.690089265278097,-5.401709401709411,27.68636284588981,-0.35,5.0,0.05,
0.777632363999146,APPROACH,0.0,0.0,24320.50565962,27.685511558709088,-5.6752136752136835,27.68352716789493,-0.35,5.0,0.05,
0.7789022680008202,APPROACH,0.0,0.0,24320.50565962,27.685511558709088,-5.6752136752136835,27.680714023890026,-0.35,5.0,0.05,
0.7802600180002628,APPROACH,0.0,0.0,24320.50565962,27.68184939345388,-5.81196581196582,27.678068613896606,-0.35,5.0,0.05,
0.7815445009982795,APPROACH,0.0,0.0,24320.50565962,27.68184939345388,-5.81196581196582,27.675378891895228,-0.35,5.0,0.05,
0.7827203859997098,APPROACH,0.0,0.0,24320.50565962,27.68184939345388,-5.81196581196582,27.673035643894103,-0.35,5.0,0.05,
0.7840745819994481,APPROACH,0.0,0.0,24320.50565962,27.67086289768826,-5.81196581196582,27.670598583893728,-0.35,5.0,0.05,
0.7853899149995414,APPROACH,0.0,0.0,24320.50565962,27.67086289768826,-5.81196581196582,27.667711081893934,-0.35,5.0,0.05,
0.7867060850003327,APPROACH,0.0,0.0,24320.50565962,27.66170748455024,-5.401709401709411,27.665295809894154,-0.35,5.0,0.05,
0.7881827179990069,APPROACH,0.0,0.0,24320.516668137,27.66170748455024,-5.401709401709411,27.662123613890138,-0.35,5.0,0.05,
0.7895611589992768,APPROACH,0.0,0.0,24320.516668137,27.66170748455024,-5.401709401709411,27.659482181895577,-0.35,5.0,0.05,
0.7909370939996734,APPROACH,0.0,0.0,24320.516668137,27.65072098878462,-4.991452991453002,27.656961657893838,-0.35,5.0,0.05,
0.7922239949984942,APPROACH,0.0,0.0,24320.516668137,27.65072098878462,-4.991452991453002,27.65400257589615,-0.35,5.0,0.05,
0.793574200997682,APPROACH,0.0,0.0,24320.516668137,27.6406500343328,-4.854700854700866,27.651426463891106,-0.35,5.0,0.05,
0.7948388609984249,APPROACH,0.0,0.0,24320.516668137,27.6406500343328,-4.854700854700866,27.648965293891955,-0.35,5.0,0.05,
0.796141610997438,APPROACH,0.0,0.0,24320.516668137,27.627832455939576,-4.034188034188048,27.646335733895533,-0.35,5.0,0.05,
0.7974166290005087,APPROACH,0.0,0.0,24320.516668137,27.627832455939576,-4.034188034188048,27.643648547892802,-0.35,5.0,0.05,
0.798608293000143,APPROACH,0.0,0.0,24320.516668137,27.627832455939576,-4.034188034188048,27.64128227389417,-0.35,5.0,0.05,
0.800021774997731,APPROACH,0.0,0.0,24320.527641986,27.616845960173954,-3.7606837606837757,27.638672611895593,-0.35,5.0,0.05,
0.8014716090001457,APPROACH,0.0,0.0,24320.527641986,27.616845960173954,-3.7606837606837757,27.635808303895168,-0.35,5.0,0.05,
0.802817422998487,APPROACH,0.0,0.0,24320.527641986,27.60952162966354,-3.487179487179503,27.633031929895218,-0.35,5.0,0.05,
0.8040244299991173,APPROACH,0.0,0.0,24320.527641986,27.60952162966354,-3.487179487179503,27.63039307589613,-0.35,5.0,0.05,
0.8052894169995852,APPROACH,0.0,0.0,24320.527641986,27.60952162966354,-3.487179487179503,27.62788089389621,-0.35,5.0,0.05,
0.8065665350004565,APPROACH,0.0,0.0,24320.527641986,27.59945067521172,-2.940170940170958,27.625543115894537,-0.35,5.0,0.05,
0.8077363489974232,APPROACH,0.0,0.0,24320.527641986,27.59945067521172,-2.940170940170958,27.62299945589009,-0.35,5.0,0.05,
0.8089737230002356,APPROACH,0.0,0.0,24320.527641986,27.5893797207599,-2.940170940170958,27.620618295893358,-0.35,5.0,0.05,
0.8101387659989996,APPROACH,0.0,0.0,24320.538622428,27.5893797207599,-2.940170940170958,27.618146221896744,-0.35,5.0,0.05,
0.811291350000829,APPROACH,0.0,0.0,24320.538622428,27.5893797207599,-2.940170940170958,27.615876831893978,-0.35,5.0,0.05,
0.8125784080002632,APPROACH,0.0,0.0,24320.538622428,27.57930876630808,-2.393162393162413,27.61351922389556,-0.35,5.0,0.05,
0.8137212629990245,APPROACH,0.0,0.0,24320.538622428,27.57930876630808,-2.393162393162413,27.61098053189314,-0.35,5.0,0.05,
0.8148926729991217,APPROACH,0.0,0.0,24320.538622428,27.57289997711147,-2.256410256410277,27.608719569894014,-0.35,5.0,0.05,
0.8159979979973286,APPROACH,0.0,0.0,24320.538622428,27.57289997711147,-2.256410256410277,27.606371037896018,-0.35,5.0,0.05,
0.8171089209972706,APPROACH,0.0,0.0,24320.538622428,27.57289997711147,-2.256410256410277,27.604168831895798,-0.35,5.0,0.05,
0.8183796029989026,APPROACH,0.0,0.0,24320.538622428,27.560997940032046,-1.9829059829060043,27.601908895894006,-0.35,5.0,0.05,
0.8195550050004385,APPROACH,0.0,0.0,24320.538622428,27.560997940032046,-1.9829059829060043,27.599359075896494,-0.35,5.0,0.05,
0.8208046349973301,APPROACH,0.0,0.0,24320.538622428,27.55367360952163,-1.7094017094017318,27.597030009893636,-0.35,5.0,0.05,
0.8222823049982253,APPROACH,0.0,0.0,24320.549749506,27.55367360952163,-1.7094017094017318,27.593898307889752,-0.35,5.0,0.05,
0.8235132970003178,APPROACH,0.0,0.0,24320.549749506,27.55367360952163,-1.7094017094017318,27.5915247918904,-0.35,5.0,0.05,
0.8247833850000461,APPROACH,0.0,0.0,24320.549749506,27.539940489814605,-1.1623931623931867,27.58909137189155,-0.35,5.0,0.05,
0.8259944069977792,APPROACH,0.0,0.0,24320.549749506,27.539940489814605,-1.1623931623931867,27.586470403891575,-0.35,5.0,0.05,
0.8272742539993487,APPROACH,0.0,0.0,24320.549749506,27.535362783245596,-0.7521367521367779,27.58410495989053,-0.35,5.0,0.05,
0.8284463790005248,APPROACH,0.0,0.0,24320.549749506,27.535362783245596,-0.7521367521367779,27.581541279892257,-0.35,5.0,0.05,
0.8295599579978443,APPROACH,0.0,0.0,24320.549749506,27.535362783245596,-0.7521367521367779,27.579255413890927,-0.35,5.0,0.05,
0.830768284999067,APPROACH,0.0,0.0,24320.549749506,27.526207370107578,-0.8888888888889142,27.577013211893494,-0.35,5.0,0.05,
0.8321614439992118,APPROACH,0.0,0.0,24320.560746637,27.526207370107578,-0.8888888888889142,27.57407301589526,-0.35,5.0,0.05,
0.8334042200003751,APPROACH,0.0,0.0,24320.560746637,27.51705195696956,-0.7521367521367779,27.57182945589127,-0.35,5.0,0.05,
0.8345613089986728,APPROACH,0.0,0.0,24320.560746637,27.51705195696956,-0.7521367521367779,27.569319873896596,-0.35,5.0,0.05,
0.8357825489983952,APPROACH,0.0,0.0,24320.560746637,27.50698100251774,-0.06837606837609655,27.567000949894712,-0.35,5.0,0.05,
0.8369243759989331,APPROACH,0.0,0.0,24320.560746637,27.50698100251774,-0.06837606837609655,27.564560763895564,-0.35,5.0,0.05,
0.8380665369986673,APPROACH,0.0,0.0,24320.560746637,27.50698100251774,-0.06837606837609655,27.56227798789157,-0.35,5.0,0.05,
0.8392794449973735,APPROACH,0.0,0.0,24320.560746637,27.499656672007326,0.06837606837609655,27.55999252789595,-0.35,5.0,0.05,
0.840433524997934,APPROACH,0.0,0.0,24320.560746637,27.499656672007326,0.06837606837609655,27.55756136189418,-0.35,5.0,0.05,
0.8416254420008045,APPROACH,0.0,0.0,24320.560746637,27.492332341496912,0.06837606837609655,27.55526691189268,-0.35,5.0,0.05,
0.8427243799997086,APPROACH,0.0,0.0,24320.560746637,27.492332341496912,0.06837606837609655,27.552914979890623,-0.35,5.0,0.05,
0.8439045089980937,APPROACH,0.0,0.0,24320.571669127,27.492332341496912,0.06837606837609655,27.550678757893614,-0.35,5.0,0.05,
0.8451844989976962,APPROACH,0.0,0.0,24320.571669127,27.482261387045092,0.6153846153846416,27.548291469896206,-0.35,5.0,0.05,
0.8463527309977508,APPROACH,0.0,0.0,24320.571669127,27.482261387045092,0.6153846153846416,27.545750967890193,-0.35,5.0,0.05,
0.8475177839973185,APPROACH,0.0,0.0,24320.571669127,27.47127489127947,0.7521367521367779,27.543459095891443,-0.35,5.0,0.05,
0.8486335809975571,APPROACH,0.0,0.0,24320.571669127,27.47127489127947,0.7521367521367779,27.5411258698962,-0.35,5.0,0.05,
0.8498401199976797,APPROACH,0.0,0.0,24320.571669127,27.47127489127947,0.7521367521367779,27.538835743894445,-0.35,5.0,0.05,
0.8512632540005143,APPROACH,0.0,0.0,24320.571669127,27.462119478141453,1.4358974358974592,27.536404091895086,-0.35,5.0,0.05,
0.8525155190000078,APPROACH,0.0,0.0,24320.571669127,27.462119478141453,1.4358974358974592,27.53352956788992,-0.35,5.0,0.05,
0.8537705710004957,APPROACH,0.0,0.0,24320.571669127,27.456626230258642,1.4358974358974592,27.53108109389111,-0.35,5.0,0.05,
0.8549621290003415,APPROACH,0.0,0.0,24320.582733552,27.456626230258642,1.4358974358974592,27.528509861892665,-0.35,5.0,0.05,
0.8561308780008403,APPROACH,0.0,0.0,24320.582733552,27.456626230258642,1.4358974358974592,27.526209521894337,-0.35,5.0,0.05,
0.8574848850003036,APPROACH,0.0,0.0,24320.582733552,27.446555275806823,1.299145299145323,27.5238021078924,-0.35,5.0,0.05,
0.8586567019992799,APPROACH,0.0,0.0,24320.582733552,27.446555275806823,1.299145299145323,27.52112723589496,-0.35,5.0,0.05,
0.8599256559973583,APPROACH,0.0,0.0,24320.582733552,27.441977569237814,1.5726495726495955,27.518761135893577,-0.35,5.0,0.05,
0.8610976469972229,APPROACH,0.0,0.0,24320.582733552,27.441977569237814,1.5726495726495955,27.516278357893746,-0.35,5.0,0.05,
0.8623115449991019,APPROACH,0.0,0.0,24320.582733552,27.441977569237814,1.5726495726495955,27.513861607892316,-0.35,5.0,0.05,
0.8635932599972875,APPROACH,0.0,0.0,24320.582733552,27.43923094529641,1.4358974358974592,27.511476185894274,-0.35,5.0,0.05,
0.8647335450004903,APPROACH,0.0,0.0,24320.582733552,27.43923094529641,1.4358974358974592,27.508940725894057,-0.35,5.0,0.05,
0.8659653180002351,APPROACH,0.0,0.0,24320.593737926,27.437399862668805,0.7521367521367779,27.506657303894166,-0.35,5.0,0.05,
0.8671915259983507,APPROACH,0.0,0.0,24320.593737926,27.437399862668805,0.7521367521367779,27.50408581989293,-0.35,5.0,0.05,
0.8684066239984531,APPROACH,0.0,0.0,24320.593737926,27.437399862668805,0.7521367521367779,27.501683919895434,-0.35,5.0,0.05,
0.8696768080008042,APPROACH,0.0,0.0,24320.593737926,27.437399862668805,0.3418803418803691,27.49932762989308,-0.35,5.0,0.05,
0.8708293979980226,APPROACH,0.0,0.0,24320.593737926,27.437399862668805,0.3418803418803691,27.496778649890324,-0.35,5.0,0.05,
0.8721116909982811,APPROACH,0.0,0.0,24320.593737926,27.437399862668805,-0.20512820512823282,27.49441636389499,-0.35,5.0,0.05,
0.8732896260007692,APPROACH,0.0,0.0,24320.593737926,27.437399862668805,-0.20512820512823282,27.491859193892445,-0.35,5.0,0.05,
0.8745668470000965,APPROACH,0.0,0.0,24320.593737926,27.436484321355003,-0.7521367521367779,27.489542107892042,-0.35,5.0,0.05,
0.8757292999980564,APPROACH,0.0,0.0,24320.593737926,27.436484321355003,-0.7521367521367779,27.486997541892627,-0.35,5.0,0.05,
0.876925061998918,APPROACH,0.0,0.0,24320.604684175,27.436484321355003,-0.7521367521367779,27.484592617890733,-0.35,5.0,0.05,
0.8782072639987746,APPROACH,0.0,0.0,24320.604684175,27.4355687800412,-1.299145299145323,27.482276443895238,-0.35,5.0,0.05,
0.8793762979985331,APPROACH,0.0,0.0,24320.604684175,27.4355687800412,-1.299145299145323,27.47970139989163,-0.35,5.0,0.05,
0.8805968999986362,APPROACH,0.0,0.0,24320.604684175,27.4355687800412,-1.5726495726495955,27.477383407896262,-0.35,5.0,0.05,
0.8817468380002538,APPROACH,0.0,0.0,24320.604684175,27.4355687800412,-1.5726495726495955,27.474941851892503,-0.35,5.0,0.05,
0.8828902210007072,APPROACH,0.0,0.0,24320.604684175,27.4355687800412,-1.5726495726495955,27.47263529589079,-0.35,5.0,0.05,
0.8841638269987016,APPROACH,0.0,0.0,24320.604684175,27.4346532387274,-2.256410256410277,27.47031083989102,-0.35,5.0,0.05,
0.8853419659972133,APPROACH,0.0,0.0,24320.604684175,27.4346532387274,-2.256410256410277,27.467812217896856,-0.35,5.0,0.05,
0.8866786199978378,APPROACH,0.0,0.0,24320.604684175,27.432822156099796,-2.5299145299145493,27.465424475894245,-0.35,5.0,0.05,
0.8878854680006043,APPROACH,0.0,0.0,24320.615837961,27.432822156099796,-2.5299145299145493,27.462752687891474,-0.35,5.0,0.05,
0.8891088319978735,APPROACH,0.0,0.0,24320.615837961,27.432822156099796,-2.5299145299145493,27.46031042589427,-0.35,5.0,0.05,
0.8904278469999554,APPROACH,0.0,0.0,24320.615837961,27.43007553215839,-3.0769230769230944,27.4578539858933,-0.35,5.0,0.05,
0.8915989029992488,APPROACH,0.0,0.0,24320.615837961,27.43007553215839,-3.0769230769230944,27.45526949989405,-0.35,5.0,0.05,
0.8928961149977113,APPROACH,0.0,0.0,24320.615837961,27.42915999084459,-3.350427350427367,27.452838225895242,-0.35,5.0,0.05,
0.8940857239977049,APPROACH,0.0,0.0,24320.615837961,27.42915999084459,-3.350427350427367,27.45027667989168,-0.35,5.0,0.05,
0.8952299789998506,APPROACH,0.0,0.0,24320.615837961,27.42915999084459,-3.350427350427367,27.447965353895846,-0.35,5.0,0.05,
0.8965530349996698,APPROACH,0.0,0.0,24320.615837961,27.42549782558938,-3.7606837606837757,27.445669253896334,-0.35,5.0,0.05,
0.8977206989984552,APPROACH,0.0,0.0,24320.615837961,27.42549782558938,-3.7606837606837757,27.442983837893983,-0.35,5.0,0.05,
0.898987300999579,APPROACH,0.0,0.0,24320.626698771,27.422751201647976,-4.034188034188048,27.440635209889727,-0.35,5.0,0.05,
0.900188553998305,APPROACH,0.0,0.0,24320.626698771,27.422751201647976,-4.034188034188048,27.43809038589213,-0.35,5.0,0.05,
0.9013566659996286,APPROACH,0.0,0.0,24320.626698771,27.422751201647976,-4.034188034188048,27.43574363589257,-0.35,5.0,0.05,
0.9026210560004984,APPROACH,0.0,0.0,24320.626698771,27.417257953765166,-4.1709401709401845,27.433418195892294,-0.35,5.0,0.05,
0.9038043859982281,APPROACH,0.0,0.0,24320.626698771,27.417257953765166,-4.1709401709401845,27.43082946789334,-0.35,5.0,0.05,
0.9050694139987172,APPROACH,0.0,0.0,24320.626698771,27.41359578850996,-4.307692307692321,27.42846647189551,-0.35,5.0,0.05,
0.9062694019994524,APPROACH,0.0,0.0,24320.626698771,27.41359578850996,-4.307692307692321,27.42592563389305,-0.35,5.0,0.05,
0.9074551979974785,APPROACH,0.0,0.0,24320.626698771,27.41359578850996,-4.307692307692321,27.423544397891668,-0.35,5.0,0.05,
0.9087132700005895,APPROACH,0.0,0.0,24320.626698771,27.401693751430535,-4.307692307692321,27.421227293890546,-0.35,5.0,0.05,
0.9099040660003084,APPROACH,0.0,0.0,24320.637764305,27.401693751430535,-4.307692307692321,27.418634285896836,-0.35,5.0,0.05,
0.9112625399975514,APPROACH,0.0,0.0,24320.637764305,27.39436942092012,-3.7606837606837757,27.416281963896175,-0.35,5.0,0.05,
0.9124365889983892,APPROACH,0.0,0.0,24320.637764305,27.39436942092012,-3.7606837606837757,27.41356304389162,-0.35,5.0,0.05,
0.9137328899996646,APPROACH,0.0,0.0,24320.637764305,27.389791714351112,-3.487179487179503,27.411281463894987,-0.35,5.0,0.05,
0.9149155060003977,APPROACH,0.0,0.0,24320.637764305,27.389791714351112,-3.487179487179503,27.40861297189374,-0.35,5.0,0.05,
0.9160194899995986,APPROACH,0.0,0.0,24320.637764305,27.389791714351112,-3.487179487179503,27.406324441895116,-0.35,5.0,0.05,
0.9172239239996998,APPROACH,0.0,0.0,24320.637764305,27.3842984664683,-3.897435897435912,27.40409112389286,-0.35,5.0,0.05,
0.9183793129996047,APPROACH,0.0,0.0,24320.637764305,27.3842984664683,-3.897435897435912,27.401678353891178,-0.35,5.0,0.05,
0.919545577999088,APPROACH,0.0,0.0,24320.637764305,27.376974135957887,-4.034188034188048,27.39940220188989,-0.35,5.0,0.05,
0.9207226379985514,APPROACH,0.0,0.0,24320.648731229,27.376974135957887,-4.034188034188048,27.39702145988965,-0.35,5.0,0.05,
0.921887363998394,APPROACH,0.0,0.0,24320.648731229,27.376974135957887,-4.034188034188048,27.39467440189153,-0.35,5.0,0.05,
0.9231103589991108,APPROACH,0.0,0.0,24320.648731229,27.36781872281987,-3.2136752136752307,27.39235278189269,-0.35,5.0,0.05,
0.9242599259996496,APPROACH,0.0,0.0,24320.648731229,27.36781872281987,-3.2136752136752307,27.389902575895825,-0.35,5.0,0.05,
0.9254661849990953,APPROACH,0.0,0.0,24320.648731229,27.365072098878464,-3.2136752136752307,27.38763192789454,-0.35,5.0,0.05,
0.9266515359995537,APPROACH,0.0,0.0,24320.648731229,27.365072098878464,-3.2136752136752307,27.385190273890906,-0.35,5.0,0.05,
0.9278525289992103,APPROACH,0.0,0.0,24320.648731229,27.365072098878464,-3.2136752136752307,27.38276554389565,-0.35,5.0,0.05,
0.929361651000363,APPROACH,0.0,0.0,24320.648731229,27.355916685740446,-3.7606837606837757,27.38031683389388,-0.35,5.0,0.05,
0.9305452320004406,APPROACH,0.0,0.0,24320.648731229,27.355916685740446,-3.7606837606837757,27.37734360189031,-0.35,5.0,0.05,
0.9318078869982855,APPROACH,0.0,0.0,24320.659735207,27.351338979171437,-3.487179487179503,27.375041759894224,-0.35,5.0,0.05,
0.9329810899980657,APPROACH,0.0,0.0,24320.659735207,27.351338979171437,-3.487179487179503,27.372468035894848,-0.35,5.0,0.05,
0.9341693729984399,APPROACH,0.0,0.0,24320.659735207,27.351338979171437,-3.487179487179503,27.370120901892072,-0.35,5.0,0.05,
0.9354994079985772,APPROACH,0.0,0.0,24320.659735207,27.348592355230032,-3.350427350427367,27.367728905891703,-0.35,5.0,0.05,
0.93668506999893,APPROACH,0.0,0.0,24320.659735207,27.348592355230032,-3.350427350427367,27.365133301894524,-0.35,5.0,0.05,
0.9379675899981521,APPROACH,0.0,0.0,24320.659735207,27.344930189974825,-4.034188034188048,27.36265900989499,-0.35,5.0,0.05,
0.9391478889992868,APPROACH,0.0,0.0,24320.659735207,27.344930189974825,-4.034188034188048,27.360143005892745,-0.35,5.0,0.05,
0.9403484969989222,APPROACH,0.0,0.0,24320.659735207,27.344930189974825,-4.034188034188048,27.357784707893437,-0.35,5.0,0.05,
0.9417102379993594,APPROACH,0.0,0.0,24320.659735207,27.33669031815061,-4.034188034188048,27.355432821889984,-0.35,5.0,0.05,
0.9429925749973336,APPROACH,0.0,0.0,24320.670826071,27.33669031815061,-4.034188034188048,27.352576433893113,-0.35,5.0,0.05,
0.9443815710001218,APPROACH,0.0,0.0,24320.670826071,27.32753490501259,-3.7606837606837757,27.350102907891845,-0.35,5.0,0.05,
0.945562124998105,APPROACH,0.0,0.0,24320.670826071,27.32753490501259,-3.7606837606837757,27.347334687890246,-0.35,5.0,0.05,
0.9467437299972516,APPROACH,0.0,0.0,24320.670826071,27.32753490501259,-3.7606837606837757,27.34500251389661,-0.35,5.0,0.05,
0.94809774299938,APPROACH,0.0,0.0,24320.670826071,27.31746395056077,-3.0769230769230944,27.342557473895134,-0.35,5.0,0.05,
0.9493057149993547,APPROACH,0.0,0.0,24320.670826071,27.31746395056077,-3.0769230769230944,27.339900385895156,-0.35,5.0,0.05,
0.9506409370005713,APPROACH,0.0,0.0,24320.670826071,27.31105516136416,-2.940170940170958,27.337457119895838,-0.35,5.0,0.05,
0.9518366919983237,APPROACH,0.0,0.0,24320.670826071,27.31105516136416,-2.940170940170958,27.334805023894,-0.35,5.0,0.05,
0.9533103389985627,APPROACH,0.0,0.0,24320.681728107,27.29640650034333,-2.803418803418822,27.332041471892147,-0.35,5.0,0.05,
0.9545042499994452,APPROACH,0.0,0.0,24320.681728107,27.29640650034333,-2.803418803418822,27.32947631589311,-0.35,5.0,0.05,
0.9556429240001307,APPROACH,0.0,0.0,24320.681728107,27.29640650034333,-2.803418803418822,27.327121863892238,-0.35,5.0,0.05,
0.9568622229999164,APPROACH,0.0,0.0,24320.681728107,27.29091325246052,-2.1196581196581405,27.324840633890993,-0.35,5.0,0.05,
0.9580039799984661,APPROACH,0.0,0.0,24320.681728107,27.29091325246052,-2.1196581196581405,27.322403441890195,-0.35,5.0,0.05,
0.9591888849972747,APPROACH,0.0,0.0,24320.681728107,27.28633554589151,-2.256410256410277,27.320124641891447,-0.35,5.0,0.05,
0.9603448929992737,APPROACH,0.0,0.0,24320.681728107,27.28633554589151,-2.256410256410277,27.317747401896916,-0.35,5.0,0.05,
0.9614548879981157,APPROACH,0.0,0.0,24320.681728107,27.28633554589151,-2.256410256410277,27.315470777889708,-0.35,5.0,0.05,
0.962614821997704,APPROACH,0.0,0.0,24320.681728107,27.277180132753493,-2.6666666666666856,27.313260297896043,-0.35,5.0,0.05,
0.9637704870001471,APPROACH,0.0,0.0,24320.681728107,27.277180132753493,-2.6666666666666856,27.310876733893814,-0.35,5.0,0.05,
0.9649890839973523,APPROACH,0.0,0.0,24320.692799365,27.27534905012589,-2.256410256410277,27.308578167890367,-0.35,5.0,0.05,
0.9661513309984002,APPROACH,0.0,0.0,24320.692799365,27.27534905012589,-2.256410256410277,27.306140771893546,-0.35,5.0,0.05,
0.9673169310008234,APPROACH,0.0,0.0,24320.692799365,27.27534905012589,-2.256410256410277,27.30381808189238,-0.35,5.0,0.05,
0.9684486389996891,APPROACH,0.0,0.0,24320.692799365,27.274433508812088,-2.6666666666666856,27.301618293896603,-0.35,5.0,0.05,
0.9695745530007116,APPROACH,0.0,0.0,24320.692799365,27.274433508812088,-2.6666666666666856,27.29925869989645,-0.35,5.0,0.05,
0.9707403819993488,APPROACH,0.0,0.0,24320.692799365,27.272602426184484,-3.350427350427367,27.297012481890555,-0.35,5.0,0.05,
0.9718548479977471,APPROACH,0.0,0.0,24320.692799365,27.272602426184484,-3.350427350427367,27.294679435895226,-0.35,5.0,0.05,
0.9729917369986651,APPROACH,0.0,0.0,24320.692799365,27.272602426184484,-3.350427350427367,27.292418345890177,-0.35,5.0,0.05,
0.9742644389989437,APPROACH,0.0,0.0,24320.692799365,27.268024719615475,-3.487179487179503,27.290142935891048,-0.35,5.0,0.05,
0.9754385489977722,APPROACH,0.0,0.0,24320.70390113,27.268024719615475,-3.487179487179503,27.287569921894168,-0.35,5.0,0.05,
0.9766256529983366,APPROACH,0.0,0.0,24320.70390113,27.261615930418863,-3.487179487179503,27.285281053890934,-0.35,5.0,0.05,
0.9778034419978212,APPROACH,0.0,0.0,24320.70390113,27.261615930418863,-3.487179487179503,27.28284914989606,-0.35,5.0,0.05,
0.9789465699977882,APPROACH,0.0,0.0,24320.70390113,27.261615930418863,-3.487179487179503,27.2805187078932,-0.35,5.0,0.05,
0.9801448549987981,APPROACH,0.0,0.0,24320.70390113,27.25062943465324,-3.350427350427367,27.278243621892464,-0.35,5.0,0.05,
0.9812902119992941,APPROACH,0.0,0.0,24320.70390113,27.25062943465324,-3.350427350427367,27.275840061892517,-0.35,5.0,0.05,
0.9824863829999231,APPROACH,0.0,0.0,24320.70390113,27.24513618677043,-2.940170940170958,27.273567869896645,-0.35,5.0,0.05,
0.983687567000743,APPROACH,0.0,0.0,24320.70390113,27.24513618677043,-2.940170940170958,27.271170717890776,-0.35,5.0,0.05,
0.9848553099982382,APPROACH,0.0,0.0,24320.70390113,27.24513618677043,-2.940170940170958,27.268728759890358,-0.35,5.0,0.05,
0.9862876570005028,APPROACH,0.0,0.0,24320.714798631,27.237811856260016,-2.940170940170958,27.265975339892314,-0.35,5.0,0.05,
0.9874226280007861,APPROACH,0.0,0.0,24320.714798631,27.237811856260016,-2.940170940170958,27.263562609893846,-0.35,5.0,0.05,
0.9885998699974152,APPROACH,0.0,0.0,24320.714798631,27.227740901808197,-2.940170940170958,27.261317491896328,-0.35,5.0,0.05,
0.9897518899997522,APPROACH,0.0,0.0,24320.714798631,27.227740901808197,-2.940170940170958,27.258927349889994,-0.35,5.0,0.05,
0.9909978459982085,APPROACH,0.0,0.0,24320.714798631,27.217669947356377,-1.9829059829060043,27.25662402189598,-0.35,5.0,0.05,
0.9921452829985355,APPROACH,0.0,0.0,24320.714798631,27.217669947356377,-1.9829059829060043,27.25412686589086,-0.35,5.0,0.05,
0.9932963989995187,APPROACH,0.0,0.0,24320.714798631,27.217669947356377,-1.9829059829060043,27.251833987896383,-0.35,5.0,0.05,
0.9944765170002938,APPROACH,0.0,0.0,24320.714798631,27.206683451590756,-1.846153846153868,27.249578297896072,-0.35,5.0,0.05,
0.995603832998313,APPROACH,0.0,0.0,24320.714798631,27.206683451590756,-1.846153846153868,27.247210917893675,-0.35,5.0,0.05,
0.9967840530007379,APPROACH,0.0,0.0,24320.714798631,27.197528038452738,-1.4358974358974592,27.244956135896494,-0.35,5.0,0.05,
0.9979633019975154,APPROACH,0.0,0.0,24320.725823495,27.197528038452738,-1.4358974358974592,27.242516945895908,-0.35,5.0,0.05,
0.9991509899991797,APPROACH,0.0,0.0,24320.725823495,27.197528038452738,-1.4358974358974592,27.240197035892628,-0.35,5.0,0.05,
1.0003647649973573,APPROACH,0.0,0.0,24320.725823495,27.18287937743191,-0.6153846153846416,27.237830821891542,-0.35,5.0,0.05,
1.0014938229978725,APPROACH,0.0,0.0,24320.725823495,27.18287937743191,-0.6153846153846416,27.23542866189498,-0.35,5.0,0.05,
1.0026398269983474,APPROACH,0.0,0.0,24320.725823495,27.17372396429389,-0.3418803418803691,27.233176269889803,-0.35,5.0,0.05,
1.0037484629974642,APPROACH,0.0,0.0,24320.725823495,27.17372396429389,-0.3418803418803691,27.230885493890376,-0.35,5.0,0.05,
1.004899450999801,APPROACH,0.0,0.0,24320.725823495,27.17372396429389,-0.3418803418803691,27.228626835895987,-0.35,5.0,0.05,
1.0060614829999395,APPROACH,0.0,0.0,24320.725823495,27.16273746852827,0.20512820512823282,27.22636033389542,-0.35,5.0,0.05,
1.0071988599993347,APPROACH,0.0,0.0,24320.725823495,27.16273746852827,0.20512820512823282,27.22400938989565,-0.35,5.0,0.05,
1.008408376997977,APPROACH,0.0,0.0,24320.73682306,27.156328679331658,0.3418803418803691,27.2217221978947,-0.35,5.0,0.05,
1.0095278589978989,APPROACH,0.0,0.0,24320.73682306,27.156328679331658,0.3418803418803691,27.21934599389467,-0.35,5.0,0.05,
1.0106405289989198,APPROACH,0.0,0.0,24320.73682306,27.156328679331658,0.3418803418803691,27.217108235892077,-0.35,5.0,0.05,
1.011858260997542,APPROACH,0.0,0.0,24320.73682306,27.15266651407645,0.3418803418803691,27.21484431189426,-0.35,5.0,0.05,
1.012996989000385,APPROACH,0.0,0.0,24320.73682306,27.15266651407645,0.3418803418803691,27.21240748989046,-0.35,5.0,0.05,
1.014186553999025,APPROACH,0.0,0.0,24320.73682306,27.150835431448847,0.20512820512823282,27.21013531189353,-0.35,5.0,0.05,
1.015339960998972,APPROACH,0.0,0.0,24320.73682306,27.150835431448847,0.20512820512823282,27.207756689896335,-0.35,5.0,0.05,
1.0164718179985357,APPROACH,0.0,0.0,24320.73682306,27.150835431448847,0.20512820512823282,27.205431821895466,-0.35,5.0,0.05,
1.0176346429980185,APPROACH,0.0,0.0,24320.73682306,27.14625772487984,-0.3418803418803691,27.20322231989237,-0.35,5.0,0.05,
1.0187717619992327,APPROACH,0.0,0.0,24320.73682306,27.14625772487984,-0.3418803418803691,27.200862541890523,-0.35,5.0,0.05,
1.0200428289972479,APPROACH,0.0,0.0,24320.747785699,27.143511100938433,-0.47863247863250535,27.1985701558963,-0.35,5.0,0.05,
1.021188025999436,APPROACH,0.0,0.0,24320.747785699,27.143511100938433,-0.47863247863250535,27.19606227789452,-0.35,5.0,0.05,
1.022352604999469,APPROACH,0.0,0.0,24320.747785699,27.143511100938433,-0.47863247863250535,27.193744763893186,-0.35,5.0,0.05,
1.0235240929978318,APPROACH,0.0,0.0,24320.747785699,27.139848935683226,-0.6153846153846416,27.191450013896677,-0.35,5.0,0.05,
1.0246349640001426,APPROACH,0.0,0.0,24320.747785699,27.139848935683226,-0.6153846153846416,27.189114815891365,-0.35,5.0,0.05,
1.0258225239995227,APPROACH,0.0,0.0,24320.747785699,27.138933394369424,-1.0256410256410504,27.186860395894904,-0.35,5.0,0.05,
1.026965075998305,APPROACH,0.0,0.0,24320.747785699,27.138933394369424,-1.0256410256410504,27.184482129895763,-0.35,5.0,0.05,
1.0281623800001398,APPROACH,0.0,0.0,24320.747785699,27.138017853055622,-1.5726495726495955,27.182200573895237,-0.35,5.0,0.05,
1.0293078229988168,APPROACH,0.0,0.0,24320.747785699,27.138017853055622,-1.5726495726495955,27.17975467989279,-0.35,5.0,0.05,
1.0304405009992479,APPROACH,0.0,0.0,24320.75880709,27.138017853055622,-1.5726495726495955,27.177552699891088,-0.35,5.0,0.05,
1.0316718489993946,APPROACH,0.0,0.0,24320.75880709,27.13618677042802,-1.846153846153868,27.17526997989014,-0.35,5.0,0.05,
1.0328245050004625,APPROACH,0.0,0.0,24320.75880709,27.13618677042802,-1.846153846153868,27.172780737893184,-0.35,5.0,0.05,
1.034048294997774,APPROACH,0.0,0.0,24320.75880709,27.135271229114217,-2.256410256410277,27.17047204589587,-0.35,5.0,0.05,
1.0351980239975092,APPROACH,0.0,0.0,24320.75880709,27.135271229114217,-2.256410256410277,27.16802390189084,-0.35,5.0,0.05,
1.0363032940003905,APPROACH,0.0,0.0,24320.75880709,27.135271229114217,-2.256410256410277,27.1657681238951,-0.35,5.0,0.05,
1.0374798289994942,APPROACH,0.0,0.0,24320.75880709,27.134355687800415,-2.6666666666666856,27.163544949894707,-0.35,5.0,0.05,
1.038596331000008,APPROACH,0.0,0.0,24320.75880709,27.134355687800415,-2.6666666666666856,27.161199861891212,-0.35,5.0,0.05,
1.0397969000005105,APPROACH,0.0,0.0,24320.75880709,27.13252460517281,-3.2136752136752307,27.158965475894796,-0.35,5.0,0.05,
1.0411617619975004,APPROACH,0.0,0.0,24320.76976031,27.13252460517281,-3.2136752136752307,27.156053829895676,-0.35,5.0,0.05,
1.0422975069996028,APPROACH,0.0,0.0,24320.76976031,27.13252460517281,-3.2136752136752307,27.15380668589321,-0.35,5.0,0.05,
1.0434738719995948,APPROACH,0.0,0.0,24320.76976031,27.129777981231406,-3.487179487179503,27.15156189389497,-0.35,5.0,0.05,
1.0445770919977804,APPROACH,0.0,0.0,24320.76976031,27.129777981231406,-3.487179487179503,27.149221331893635,-0.35,5.0,0.05,
1.0458013549978205,APPROACH,0.0,0.0,24320.76976031,27.127946898603803,-3.7606837606837757,27.14700729789299,-0.35,5.0,0.05,
1.0469558090007922,APPROACH,0.0,0.0,24320.76976031,27.127946898603803,-3.7606837606837757,27.144511417894385,-0.35,5.0,0.05,
1.0480969899981574,APPROACH,0.0,0.0,24320.76976031,27.127946898603803,-3.7606837606837757,27.142215465895127,-0.35,5.0,0.05,
1.049288128997432,APPROACH,0.0,0.0,24320.76976031,27.125200274662397,-4.1709401709401845,27.139936795895913,-0.35,5.0,0.05,
1.0504355759985629,APPROACH,0.0,0.0,24320.76976031,27.125200274662397,-4.1709401709401845,27.137539209893724,-0.35,5.0,0.05,
1.0515817289997358,APPROACH,0.0,0.0,24320.76976031,27.12062256809339,-4.307692307692321,27.135291941894387,-0.35,5.0,0.05,
1.0527315459985402,APPROACH,0.0,0.0,24320.780820151,27.12062256809339,-4.307692307692321,27.132977017893857,-0.35,5.0,0.05,
1.0538952679999056,APPROACH,0.0,0.0,24320.780820151,27.12062256809339,-4.307692307692321,27.130645275895652,-0.35,5.0,0.05,
1.0551389709980867,APPROACH,0.0,0.0,24320.780820151,27.112382696269172,-4.1709401709401845,27.128334907896054,-0.35,5.0,0.05,
1.0562906070008466,APPROACH,0.0,0.0,24320.780820151,27.112382696269172,-4.1709401709401845,27.125850031895673,-0.35,5.0,0.05,
1.0575070259983477,APPROACH,0.0,0.0,24320.780820151,27.10597390707256,-4.1709401709401845,27.123576257895614,-0.35,5.0,0.05,
1.0586303370000678,APPROACH,0.0,0.0,24320.780820151,27.10597390707256,-4.1709401709401845,27.12114850989135,-0.35,5.0,0.05,
1.0598066089987697,APPROACH,0.0,0.0,24320.780820151,27.10597390707256,-4.1709401709401845,27.118883559896197,-0.35,5.0,0.05,
1.0610853020007198,APPROACH,0.0,0.0,24320.780820151,27.097734035248344,-3.897435897435912,27.116513109890796,-0.35,5.0,0.05,
1.0622575960005634,APPROACH,0.0,0.0,24320.780820151,27.097734035248344,-3.897435897435912,27.113948439896625,-0.35,5.0,0.05,
1.0635997289973602,APPROACH,0.0,0.0,24320.791850269,27.092240787365533,-3.897435897435912,27.111486305891297,-0.35,5.0,0.05,
1.0647595320006076,APPROACH,0.0,0.0,24320.791850269,27.092240787365533,-3.897435897435912,27.108921313892345,-0.35,5.0,0.05,
1.0661118450007052,APPROACH,0.0,0.0,24320.791850269,27.086747539482722,-3.7606837606837757,27.10660424589266,-0.35,5.0,0.05,
1.0672990089988161,APPROACH,0.0,0.0,24320.791850269,27.086747539482722,-3.7606837606837757,27.103870463893394,-0.35,5.0,0.05,
1.068549288000213,APPROACH,0.0,0.0,24320.791850269,27.086747539482722,-3.7606837606837757,27.101546811894217,-0.35,5.0,0.05,
1.0699787759986066,APPROACH,0.0,0.0,24320.791850269,27.082169832913713,-3.897435897435912,27.09889630789373,-0.35,5.0,0.05,
1.0712069509972935,APPROACH,0.0,0.0,24320.791850269,27.082169832913713,-3.897435897435912,27.09605808589665,-0.35,5.0,0.05,
1.072530891000497,APPROACH,0.0,0.0,24320.791850269,27.076676585030903,-3.897435897435912,27.093633775891497,-0.35,5.0,0.05,
1.073682206999365,APPROACH,0.0,0.0,24320.791850269,27.076676585030903,-3.897435897435912,27.091061787891952,-0.35,5.0,0.05,
1.0749623919982696,APPROACH,0.0,0.0,24320.802902565,27.076676585030903,-3.897435897435912,27.088625335892424,-0.35,5.0,0.05,
1.0763701559990295,APPROACH,0.0,0.0,24320.802902565,27.06477454795148,-3.7606837606837757,27.086102451890177,-0.35,5.0,0.05,
1.0775580949994037,APPROACH,0.0,0.0,24320.802902565,27.06477454795148,-3.7606837606837757,27.08337138389586,-0.35,5.0,0.05,
1.0788752169974032,APPROACH,0.0,0.0,24320.802902565,27.056534676127264,-3.487179487179503,27.080994931894814,-0.35,5.0,0.05,
1.080191401000775,APPROACH,0.0,0.0,24320.802902565,27.056534676127264,-3.487179487179503,27.078254581895884,-0.35,5.0,0.05,
1.081408324000222,APPROACH,0.0,0.0,24320.802902565,27.056534676127264,-3.487179487179503,27.075684801894816,-0.35,5.0,0.05,
1.0827484949986683,APPROACH,0.0,0.0,24320.802902565,27.04371709773404,-2.940170940170958,27.073287151893304,-0.35,5.0,0.05,
1.0839536679995945,APPROACH,0.0,0.0,24320.802902565,27.04371709773404,-2.940170940170958,27.070601235894422,-0.35,5.0,0.05,
1.0854455109983974,APPROACH,0.0,0.0,24320.813864219,27.032730601968417,-2.5299145299145493,27.0678255238902,-0.35,5.0,0.05,
1.0866150799993193,APPROACH,0.0,0.0,24320.813864219,27.032730601968417,-2.5299145299145493,27.06522680789319,-0.35,5.0,0.05,
1.0878365489988937,APPROACH,0.0,0.0,24320.813864219,27.032730601968417,-2.5299145299145493,27.062878037891345,-0.35,5.0,0.05,
1.0892063259998395,APPROACH,0.0,0.0,24320.813864219,27.015335317006183,-1.5726495726495955,27.060451691891352,-0.35,5.0,0.05,
1.0904157839977415,APPROACH,0.0,0.0,24320.813864219,27.015335317006183,-1.5726495726495955,27.057705609893013,-0.35,5.0,0.05,
1.0916412339975068,APPROACH,0.0,0.0,24320.813864219,27.007095445181967,-1.1623931623931867,27.055287957891117,-0.35,5.0,0.05,
1.0928767580007843,APPROACH,0.0,0.0,24320.813864219,27.007095445181967,-1.1623931623931867,27.05286478189489,-0.35,5.0,0.05,
1.0941128640006355,APPROACH,0.0,0.0,24320.813864219,27.007095445181967,-1.1623931623931867,27.050332779895392,-0.35,5.0,0.05,
1.095597531999374,APPROACH,0.0,0.0,24320.813864219,26.99610894941634,-0.7521367521367779,27.047779187895934,-0.35,5.0,0.05,
1.0968171739987156,APPROACH,0.0,0.0,24320.824910344,26.99610894941634,-0.7521367521367779,27.044868315891357,-0.35,5.0,0.05,
1.0981036939992919,APPROACH,0.0,0.0,24320.824910344,26.98695353627832,-0.47863247863250535,27.04246086189348,-0.35,5.0,0.05,
1.099365427999146,APPROACH,0.0,0.0,24320.824910344,26.98695353627832,-0.47863247863250535,27.039877731892624,-0.35,5.0,0.05,
1.1006343160006509,APPROACH,0.0,0.0,24320.824910344,26.98695353627832,-0.47863247863250535,27.037258411889773,-0.35,5.0,0.05,
1.101968784998462,APPROACH,0.0,0.0,24320.824910344,26.978713664454105,-0.20512820512823282,27.03483963189617,-0.35,5.0,0.05,
1.103169309997611,APPROACH,0.0,0.0,24320.824910344,26.978713664454105,-0.20512820512823282,27.032177235895936,-0.35,5.0,0.05,
1.1045475529972464,APPROACH,0.0,0.0,24320.824910344,26.974135957885096,-0.20512820512823282,27.029757781894,-0.35,5.0,0.05,
1.1057917779980926,APPROACH,0.0,0.0,24320.824910344,26.974135957885096,-0.20512820512823282,27.026962899895146,-0.35,5.0,0.05,
1.107213695999235,APPROACH,0.0,0.0,24320.824910344,26.963149462119475,-0.20512820512823282,27.024497329891595,-0.35,5.0,0.05,
1.1083302189981623,APPROACH,0.0,0.0,24320.835856641,26.963149462119475,-0.20512820512823282,27.02173301989503,-0.35,5.0,0.05,
1.1095115349999105,APPROACH,0.0,0.0,24320.835856641,26.963149462119475,-0.20512820512823282,27.019448763895774,-0.35,5.0,0.05,
1.1107205150001391,APPROACH,0.0,0.0,24320.835856641,26.95582513160906,0.06837606837609655,27.017126405896555,-0.35,5.0,0.05,
1.1118361829976493,APPROACH,0.0,0.0,24320.835856641,26.95582513160906,0.06837606837609655,27.014708823896648,-0.35,5.0,0.05,
1.1130582699988736,APPROACH,0.0,0.0,24320.835856641,26.948500801098646,0.3418803418803691,27.012478819896636,-0.35,5.0,0.05,
1.1143068530000164,APPROACH,0.0,0.0,24320.835856641,26.948500801098646,0.3418803418803691,27.009983671895746,-0.35,5.0,0.05,
1.1154903619972174,APPROACH,0.0,0.0,24320.835856641,26.948500801098646,0.3418803418803691,27.007416133893706,-0.35,5.0,0.05,
1.1167732479989354,APPROACH,0.0,0.0,24320.835856641,26.938429846646827,0.47863247863250535,27.00514365989627,-0.35,5.0,0.05,
1.1179015829984564,APPROACH,0.0,0.0,24320.835856641,26.938429846646827,0.47863247863250535,27.002601123896305,-0.35,5.0,0.05,
1.11910699299915,APPROACH,0.0,0.0,24320.846794062,26.932936598764016,0.7521367521367779,27.000317133891507,-0.35,5.0,0.05,
1.1202537869976368,APPROACH,0.0,0.0,24320.846794062,26.932936598764016,0.7521367521367779,26.997906167890754,-0.35,5.0,0.05,
1.1214084479979647,APPROACH,0.0,0.0,24320.846794062,26.932936598764016,0.7521367521367779,26.995641337890696,-0.35,5.0,0.05,
1.1226206449973688,APPROACH,0.0,0.0,24320.846794062,26.922865644312196,0.7521367521367779,26.993345841890253,-0.35,5.0,0.05,
1.1237711959984154,APPROACH,0.0,0.0,24320.846794062,26.922865644312196,0.7521367521367779,26.99087600589089,-0.35,5.0,0.05,
1.1249879189999774,APPROACH,0.0,0.0,24320.846794062,26.915541313801782,1.0256410256410504,26.988570469891123,-0.35,5.0,0.05,
1.1261445119998825,APPROACH,0.0,0.0,24320.846794062,26.915541313801782,1.0256410256410504,26.986140941896586,-0.35,5.0,0.05,
1.1272597280003538,APPROACH,0.0,0.0,24320.846794062,26.915541313801782,1.0256410256410504,26.983870323894074,-0.35,5.0,0.05,
1.1285603779979283,APPROACH,0.0,0.0,24320.846794062,26.908216983291368,1.299145299145323,26.98161575989186,-0.35,5.0,0.05,
1.1298057839994726,APPROACH,0.0,0.0,24320.857777693,26.908216983291368,1.299145299145323,26.978978721891757,-0.35,5.0,0.05,
1.1311160980003478,APPROACH,0.0,0.0,24320.857777693,26.905470359349962,1.0256410256410504,26.976415367892763,-0.35,5.0,0.05,
1.1322442609998689,APPROACH,0.0,0.0,24320.857777693,26.905470359349962,1.0256410256410504,26.973896203891194,-0.35,5.0,0.05,
1.1334265429977677,APPROACH,0.0,0.0,24320.857777693,26.905470359349962,1.0256410256410504,26.971643583893886,-0.35,5.0,0.05,
1.1347267769997416,APPROACH,0.0,0.0,24320.857777693,26.902723735408557,0.7521367521367779,26.969227329894487,-0.35,5.0,0.05,
1.135921494998911,APPROACH,0.0,0.0,24320.857777693,26.902723735408557,0.7521367521367779,26.96663148589257,-0.35,5.0,0.05,
1.1371361309975327,APPROACH,0.0,0.0,24320.857777693,26.901808194094755,0.3418803418803691,26.9642602918914,-0.35,5.0,0.05,
1.138250887997856,APPROACH,0.0,0.0,24320.857777693,26.901808194094755,0.3418803418803691,26.961887139893655,-0.35,5.0,0.05,
1.1394022249987756,APPROACH,0.0,0.0,24320.857777693,26.901808194094755,0.3418803418803691,26.959586979895242,-0.35,5.0,0.05,
1.140581387997372,APPROACH,0.0,0.0,24320.86879384,26.89997711146715,-0.06837606837609655,26.957355249892565,-0.35,5.0,0.05,
1.1417575720006425,APPROACH,0.0,0.0,24320.86879384,26.89997711146715,-0.06837606837609655,26.95497803789592,-0.35,5.0,0.05,
1.1429452849988593,APPROACH,0.0,0.0,24320.86879384,26.897230487525746,-0.47863247863250535,26.95263333389564,-0.35,5.0,0.05,
1.144111146000796,APPROACH,0.0,0.0,24320.86879384,26.897230487525746,-0.47863247863250535,26.95022457189159,-0.35,5.0,0.05,
1.1453052729993942,APPROACH,0.0,0.0,24320.86879384,26.89356832227054,-0.7521367521367779,26.9479354158914,-0.35,5.0,0.05,
1.1464457689980918,APPROACH,0.0,0.0,24320.86879384,26.89356832227054,-0.7521367521367779,26.94551425989018,-0.35,5.0,0.05,
1.1475636180002766,APPROACH,0.0,0.0,24320.86879384,26.89356832227054,-0.7521367521367779,26.943258527893043,-0.35,5.0,0.05,
1.148749322997901,APPROACH,0.0,0.0,24320.86879384,26.88899061570153,-0.8888888888889142,26.94103045589261,-0.35,5.0,0.05,
1.1499379239976406,APPROACH,0.0,0.0,24320.86879384,26.88899061570153,-0.8888888888889142,26.938643023896724,-0.35,5.0,0.05,
1.1512802449979063,APPROACH,0.0,0.0,24320.879778891,26.88441290913252,-0.8888888888889142,26.936027353892563,-0.35,5.0,0.05,
1.1524546369983,APPROACH,0.0,0.0,24320.879778891,26.88441290913252,-0.8888888888889142,26.933539733895735,-0.35,5.0,0.05,
1.1535853799978213,APPROACH,0.0,0.0,24320.879778891,26.88441290913252,-0.8888888888889142,26.931248405891232,-0.35,5.0,0.05,
1.1548553360007645,APPROACH,0.0,0.0,24320.879778891,26.875257495994504,-0.7521367521367779,26.928947413894342,-0.35,5.0,0.05,
1.1560522619984113,APPROACH,0.0,0.0,24320.879778891,26.875257495994504,-0.7521367521367779,26.926369409892935,-0.35,5.0,0.05,
1.157270919997245,APPROACH,0.0,0.0,24320.879778891,26.869764248111693,-0.6153846153846416,26.924007091890665,-0.35,5.0,0.05,
1.1584507659972587,APPROACH,0.0,0.0,24320.879778891,26.869764248111693,-0.6153846153846416,26.921570967891306,-0.35,5.0,0.05,
1.1595654220000142,APPROACH,0.0,0.0,24320.879778891,26.869764248111693,-0.6153846153846416,26.91926126189471,-0.35,5.0,0.05,
1.1607976880004571,APPROACH,0.0,0.0,24320.879778891,26.864271000228882,-0.6153846153846416,26.91698501189355,-0.35,5.0,0.05,
1.1621066259976942,APPROACH,0.0,0.0,24320.879778891,26.864271000228882,-0.6153846153846416,26.914533303891652,-0.35,5.0,0.05,
1.1633076209982391,APPROACH,0.0,0.0,24320.890749199,26.85877775234607,-0.8888888888889142,26.911905217895104,-0.35,5.0,0.05,
1.1644468279991997,APPROACH,0.0,0.0,24320.890749199,26.85877775234607,-0.8888888888889142,26.90954674189677,-0.35,5.0,0.05,
1.1655551029980415,APPROACH,0.0,0.0,24320.890749199,26.85877775234607,-0.8888888888889142,26.907270021890575,-0.35,5.0,0.05,
1.1667380199978652,APPROACH,0.0,0.0,24320.890749199,26.84687571526665,-0.47863247863250535,26.905058507896022,-0.35,5.0,0.05,
1.167904878999252,APPROACH,0.0,0.0,24320.890749199,26.84687571526665,-0.47863247863250535,26.90266566389007,-0.35,5.0,0.05,
1.169188985000801,APPROACH,0.0,0.0,24320.890749199,26.841382467383838,-0.20512820512823282,26.90024095389642,-0.35,5.0,0.05,
1.1704282909995527,APPROACH,0.0,0.0,24320.890749199,26.841382467383838,-0.20512820512823282,26.897713661893498,-0.35,5.0,0.05,
1.1716198270005407,APPROACH,0.0,0.0,24320.890749199,26.841382467383838,-0.20512820512823282,26.895223989894724,-0.35,5.0,0.05,
1.1729012279974995,APPROACH,0.0,0.0,24320.890749199,26.831311512932018,-0.06837606837609655,26.89282534989004,-0.35,5.0,0.05,
1.1742619899996498,APPROACH,0.0,0.0,24320.90175523,26.831311512932018,-0.06837606837609655,26.889950981895957,-0.35,5.0,0.05,
1.1755153909980436,APPROACH,0.0,0.0,24320.90175523,26.824902723735406,-0.06837606837609655,26.887492761890165,-0.35,5.0,0.05,
1.1767634479983826,APPROACH,0.0,0.0,24320.90175523,26.824902723735406,-0.06837606837609655,26.885098445892503,-0.35,5.0,0.05,
1.1779994659991644,APPROACH,0.0,0.0,24320.90175523,26.824902723735406,-0.06837606837609655,26.882542311891733,-0.35,5.0,0.05,
1.1792458859999897,APPROACH,0.0,0.0,24320.90175523,26.819409475852595,0.20512820512823282,26.88013404989149,-0.35,5.0,0.05,
1.1803935239986458,APPROACH,0.0,0.0,24320.90175523,26.819409475852595,0.20512820512823282,26.87762943589157,-0.35,5.0,0.05,
1.1817247869985295,APPROACH,0.0,0.0,24320.90175523,26.814831769283586,0.06837606837609655,26.875344267894683,-0.35,5.0,0.05,
1.1829374519984412,APPROACH,0.0,0.0,24320.90175523,26.814831769283586,0.06837606837609655,26.87258804788987,-0.35,5.0,0.05,
1.1841553970007226,APPROACH,0.0,0.0,24320.912702381,26.805676356145568,-0.3418803418803691,26.870197713892843,-0.35,5.0,0.05,
1.1853077560008387,APPROACH,0.0,0.0,24320.912702381,26.805676356145568,-0.3418803418803691,26.86781411789095,-0.35,5.0,0.05,
1.1864306429997669,APPROACH,0.0,0.0,24320.912702381,26.805676356145568,-0.3418803418803691,26.86555021789652,-0.35,5.0,0.05,
1.1875877130005392,APPROACH,0.0,0.0,24320.912702381,26.80109864957656,-0.06837606837609655,26.86330422589642,-0.35,5.0,0.05,
1.188767697000003,APPROACH,0.0,0.0,24320.912702381,26.80109864957656,-0.06837606837609655,26.860976133896905,-0.35,5.0,0.05,
1.189966447000188,APPROACH,0.0,0.0,24320.912702381,26.797436484321352,0.06837606837609655,26.858585673894844,-0.35,5.0,0.05,
1.1910849359992426,APPROACH,0.0,0.0,24320.912702381,26.797436484321352,0.06837606837609655,26.856227413890586,-0.35,5.0,0.05,
1.1922335019989987,APPROACH,0.0,0.0,24320.912702381,26.797436484321352,0.06837606837609655,26.853951621896407,-0.35,5.0,0.05,
1.193450569997367,APPROACH,0.0,0.0,24320.912702381,26.79652094300755,-0.3418803418803691,26.85165944189182,-0.35,5.0,0.05,
1.1945627950008202,APPROACH,0.0,0.0,24320.912702381,26.79652094300755,-0.3418803418803691,26.84925964389665,-0.35,5.0,0.05,
1.1957694480006467,APPROACH,0.0,0.0,24320.923854019,26.79560540169375,-1.0256410256410504,26.84700589989486,-0.35,5.0,0.05,
1.1969722489993728,APPROACH,0.0,0.0,24320.923854019,26.79560540169375,-1.0256410256410504,26.844572559895163,-0.35,5.0,0.05,
1.198120734999975,APPROACH,0.0,0.0,24320.923854019,26.79560540169375,-1.0256410256410504,26.842181645895174,-0.35,5.0,0.05,
1.1993436890006706,APPROACH,0.0,0.0,24320.923854019,26.793774319066145,-1.299145299145323,26.839892859891982,-0.35,5.0,0.05,
1.2005856910000148,APPROACH,0.0,0.0,24320.923854019,26.793774319066145,-1.299145299145323,26.83743403189262,-0.35,5.0,0.05,
1.201902164000785,APPROACH,0.0,0.0,24320.923854019,26.792858777752343,-1.5726495726495955,26.834909441896592,-0.35,5.0,0.05,
1.2030733239989786,APPROACH,0.0,0.0,24320.923854019,26.792858777752343,-1.5726495726495955,26.83230908589146,-0.35,5.0,0.05,
1.2043229839982814,APPROACH,0.0,0.0,24320.923854019,26.792858777752343,-1.5726495726495955,26.829899569894472,-0.35,5.0,0.05,
1.20568589100003,APPROACH,0.0,0.0,24320.923854019,26.79102769512474,-2.256410256410277,26.827445329895703,-0.35,5.0,0.05,
1.206918397998379,APPROACH,0.0,0.0,24320.934800587,26.79102769512474,-2.256410256410277,26.824652713891986,-0.35,5.0,0.05,
1.2082294989995717,APPROACH,0.0,0.0,24320.934800587,26.789196612497136,-2.6666666666666856,26.82228804589365,-0.35,5.0,0.05,
1.2094780810002703,APPROACH,0.0,0.0,24320.934800587,26.789196612497136,-2.6666666666666856,26.81964702989469,-0.35,5.0,0.05,
1.210659857999417,APPROACH,0.0,0.0,24320.934800587,26.789196612497136,-2.6666666666666856,26.817142979890626,-0.35,5.0,0.05,
1.211982247998094,APPROACH,0.0,0.0,24320.934800587,26.78553444724193,-2.940170940170958,26.8147487258914,-0.35,5.0,0.05,
1.2131686319989967,APPROACH,0.0,0.0,24320.934800587,26.78553444724193,-2.940170940170958,26.812162665891513,-0.35,5.0,0.05,
1.2144934099997045,APPROACH,0.0,0.0,24320.934800587,26.78095674067292,-3.0769230769230944,26.809730181893677,-0.35,5.0,0.05,
1.2156450229995244,APPROACH,0.0,0.0,24320.934800587,26.78095674067292,-3.0769230769230944,26.807134211894002,-0.35,5.0,0.05,
1.2167820229988138,APPROACH,0.0,0.0,24320.934800587,26.78095674067292,-3.0769230769230944,26.804848383895,-0.35,5.0,0.05,
1.2180801899994549,APPROACH,0.0,0.0,24320.945842201,26.773632410162506,-3.0769230769230944,26.802555577896122,-0.35,5.0,0.05,
1.2192823789991962,APPROACH,0.0,0.0,24320.945842201,26.773632410162506,-3.0769230769230944,26.7999547358934,-0.35,5.0,0.05,
1.2205720629972348,APPROACH,0.0,0.0,24320.945842201,26.7699702449073,-3.0769230769230944,26.797602443891513,-0.35,5.0,0.05,
1.221767816998181,APPROACH,0.0,0.0,24320.945842201,26.7699702449073,-3.0769230769230944,26.79498440388968,-0.35,5.0,0.05,
1.2230732809985057,APPROACH,0.0,0.0,24320.945842201,26.76539253833829,-3.350427350427367,26.79258665589557,-0.35,5.0,0.05,
1.2242615149989433,APPROACH,0.0,0.0,24320.945842201,26.76539253833829,-3.350427350427367,26.789926147889922,-0.35,5.0,0.05,
1.225459758999932,APPROACH,0.0,0.0,24320.945842201,26.76539253833829,-3.350427350427367,26.78758336989383,-0.35,5.0,0.05,
1.2267492939972726,APPROACH,0.0,0.0,24320.945842201,26.761730373083083,-3.6239316239316395,26.785202387896128,-0.35,5.0,0.05,
1.227896084998065,APPROACH,0.0,0.0,24320.945842201,26.761730373083083,-3.6239316239316395,26.782633201889688,-0.35,5.0,0.05,
1.2292269569989003,APPROACH,0.0,0.0,24320.956763449,26.76081483176928,-3.7606837606837757,26.780265301896428,-0.35,5.0,0.05,
1.230444651999278,APPROACH,0.0,0.0,24320.956763449,26.76081483176928,-3.7606837606837757,26.77758411989023,-0.35,5.0,0.05,
1.231593382999563,APPROACH,0.0,0.0,24320.956763449,26.76081483176928,-3.7606837606837757,26.775250133892108,-0.35,5.0,0.05,
1.2328665659988474,APPROACH,0.0,0.0,24320.956763449,26.75989929045548,-4.444444444444457,26.772917443894833,-0.35,5.0,0.05,
1.2340629499994975,APPROACH,0.0,0.0,24320.956763449,26.75989929045548,-4.444444444444457,26.770339635893173,-0.35,5.0,0.05,
1.235308041999815,APPROACH,0.0,0.0,24320.956763449,26.758983749141677,-4.854700854700866,26.768003329890483,-0.35,5.0,0.05,
1.2364514289984072,APPROACH,0.0,0.0,24320.956763449,26.758983749141677,-4.854700854700866,26.76553891389019,-0.35,5.0,0.05,
1.2375881689986272,APPROACH,0.0,0.0,24320.956763449,26.758983749141677,-4.854700854700866,26.763240905894484,-0.35,5.0,0.05,
1.2388480070003425,APPROACH,0.0,0.0,24320.956763449,26.75532158388647,-5.264957264957275,26.760967667892395,-0.35,5.0,0.05,
1.239984995998384,APPROACH,0.0,0.0,24320.967829119,26.75532158388647,-5.264957264957275,26.75843793189531,-0.35,5.0,0.05,
1.2412457289974554,APPROACH,0.0,0.0,24320.967829119,26.75440604257267,-5.538461538461547,26.756167297892965,-0.35,5.0,0.05,
1.2424625130006461,APPROACH,0.0,0.0,24320.967829119,26.75440604257267,-5.538461538461547,26.75355013189371,-0.35,5.0,0.05,
1.2436332569996011,APPROACH,0.0,0.0,24320.967829119,26.75440604257267,-5.538461538461547,26.75120840589195,-0.35,5.0,0.05,
1.244880739999644,APPROACH,0.0,0.0,24320.967829119,26.748912794689858,-5.81196581196582,26.748875111895607,-0.35,5.0,0.05,
1.2460096549984883,APPROACH,0.0,0.0,24320.967829119,26.748912794689858,-5.81196581196582,26.74637847789679,-0.35,5.0,0.05,
1.2472655549972842,APPROACH,0.0,0.0,24320.967829119,26.746166170748452,-5.948717948717956,26.74405247589427,-0.35,5.0,0.05,
1.248460572998738,APPROACH,0.0,0.0,24320.967829119,26.746166170748452,-5.948717948717956,26.741542787896172,-0.35,5.0,0.05,
1.249591927997244,APPROACH,0.0,0.0,24320.967829119,26.746166170748452,-5.948717948717956,26.739217203890142,-0.35,5.0,0.05,
1.250939171997743,APPROACH,0.0,0.0,24320.978886407,26.737926298924236,-5.948717948717956,26.736891329893545,-0.35,5.0,0.05,
1.2521383899984357,APPROACH,0.0,0.0,24320.978886407,26.737926298924236,-5.948717948717956,26.734188917894492,-0.35,5.0,0.05,
1.2534511589983595,APPROACH,0.0,0.0,24320.978886407,26.72877088578622,-5.81196581196582,26.731814555890445,-0.35,5.0,0.05,
1.254601886997989,APPROACH,0.0,0.0,24320.978886407,26.72877088578622,-5.81196581196582,26.729219723894197,-0.35,5.0,0.05,
1.2558183609980915,APPROACH,0.0,0.0,24320.978886407,26.72877088578622,-5.81196581196582,26.72686987189197,-0.35,5.0,0.05,
1.2570898009980738,APPROACH,0.0,0.0,24320.978886407,26.717784390020597,-4.854700854700866,26.72449249589524,-0.35,5.0,0.05,
1.2582393169977877,APPROACH,0.0,0.0,24320.978886407,26.717784390020597,-4.854700854700866,26.72195786989439,-0.35,5.0,0.05,
1.2595407640001213,APPROACH,0.0,0.0,24320.978886407,26.711375600823985,-4.71794871794873,26.7195722558911,-0.35,5.0,0.05,
1.260672780997993,APPROACH,0.0,0.0,24320.978886407,26.711375600823985,-4.71794871794873,26.71705715189571,-0.35,5.0,0.05,
1.26195879000079,APPROACH,0.0,0.0,24320.989847001,26.697642481116958,-4.444444444444457,26.714722501893696,-0.35,5.0,0.05,
1.2632469319978554,APPROACH,0.0,0.0,24320.989847001,26.697642481116958,-4.444444444444457,26.712177455892082,-0.35,5.0,0.05,
1.2644525340001564,APPROACH,0.0,0.0,24320.989847001,26.697642481116958,-4.444444444444457,26.709595889894693,-0.35,5.0,0.05,
1.2657505159986613,APPROACH,0.0,0.0,24320.989847001,26.689402609292742,-4.034188034188048,26.707202715894958,-0.35,5.0,0.05,
1.266955715000222,APPROACH,0.0,0.0,24320.989847001,26.689402609292742,-4.034188034188048,26.704542611894134,-0.35,5.0,0.05,
1.2682342679981957,APPROACH,0.0,0.0,24320.989847001,26.679331654840922,-3.6239316239316395,26.702164687894104,-0.35,5.0,0.05,
1.2694211749985698,APPROACH,0.0,0.0,24320.989847001,26.679331654840922,-3.6239316239316395,26.699654499892198,-0.35,5.0,0.05,
1.2706254910008283,APPROACH,0.0,0.0,24320.989847001,26.679331654840922,-3.6239316239316395,26.697263705894578,-0.35,5.0,0.05,
1.2719539889985754,APPROACH,0.0,0.0,24320.989847001,26.669260700389103,-3.0769230769230944,26.69485431589535,-0.35,5.0,0.05,
1.2732185130007565,APPROACH,0.0,0.0,24321.000801274,26.669260700389103,-3.0769230769230944,26.692128529889736,-0.35,5.0,0.05,
1.2745303249976132,APPROACH,0.0,0.0,24321.000801274,26.659189745937283,-2.940170940170958,26.68967505189473,-0.35,5.0,0.05,
1.2757046740007354,APPROACH,0.0,0.0,24321.000801274,26.659189745937283,-2.940170940170958,26.687059763892897,-0.35,5.0,0.05,
1.2768726750000496,APPROACH,0.0,0.0,24321.000801274,26.659189745937283,-2.940170940170958,26.684714293894352,-0.35,5.0,0.05,
1.2781467649983824,APPROACH,0.0,0.0,24321.000801274,26.64728770885786,-2.256410256410277,26.68238462989509,-0.35,5.0,0.05,
1.2794689170004858,APPROACH,0.0,0.0,24321.000801274,26.64728770885786,-2.256410256410277,26.67979191789461,-0.35,5.0,0.05,
1.2808220439983415,APPROACH,0.0,0.0,24321.000801274,26.64271000228885,-2.1196581196581405,26.67709987789683,-0.35,5.0,0.05,
1.282008431997383,APPROACH,0.0,0.0,24321.000801274,26.64271000228885,-2.1196581196581405,26.674452177890338,-0.35,5.0,0.05,
1.2832532360007463,APPROACH,0.0,0.0,24321.01180828,26.64271000228885,-2.1196581196581405,26.671972617893765,-0.35,5.0,0.05,
1.284666150000703,APPROACH,0.0,0.0,24321.01180828,26.63630121309224,-2.5299145299145493,26.66951868189178,-0.35,5.0,0.05,
1.2858577299994067,APPROACH,0.0,0.0,24321.01180828,26.63630121309224,-2.5299145299145493,26.66677151789306,-0.35,5.0,0.05,
1.2871844099972805,APPROACH,0.0,0.0,24321.01180828,26.63263904783703,-2.5299145299145493,26.664347631894337,-0.35,5.0,0.05,
1.2883760549993895,APPROACH,0.0,0.0,24321.01180828,26.63263904783703,-2.5299145299145493,26.661702117891103,-0.35,5.0,0.05,
1.289541771999211,APPROACH,0.0,0.0,24321.01180828,26.63263904783703,-2.5299145299145493,26.65938198789197,-0.35,5.0,0.05,
1.2908221029974811,APPROACH,0.0,0.0,24321.01180828,26.628061341268022,-2.6666666666666856,26.65704916789516,-0.35,5.0,0.05,
1.2919709919988236,APPROACH,0.0,0.0,24321.01180828,26.628061341268022,-2.6666666666666856,26.65448490189126,-0.35,5.0,0.05,
1.2932198540001991,APPROACH,0.0,0.0,24321.01180828,26.624399176012815,-2.940170940170958,26.652135233890725,-0.35,5.0,0.05,
1.294454170998506,APPROACH,0.0,0.0,24321.022975339,26.624399176012815,-2.940170940170958,26.649629537890426,-0.35,5.0,0.05,
1.2956467170006363,APPROACH,0.0,0.0,24321.022975339,26.624399176012815,-2.940170940170958,26.64718894989462,-0.35,5.0,0.05,
1.297029688998009,APPROACH,0.0,0.0,24321.022975339,26.617990386816203,-3.2136752136752307,26.644782615892176,-0.35,5.0,0.05,
1.2982781249993423,APPROACH,0.0,0.0,24321.022975339,26.617990386816203,-3.2136752136752307,26.641955545893573,-0.35,5.0,0.05,
1.2997820950004098,APPROACH,0.0,0.0,24321.022975339,26.613412680247194,-3.2136752136752307,26.639467397895054,-0.35,5.0,0.05,
1.3010694919976231,APPROACH,0.0,0.0,24321.022975339,26.613412680247194,-3.2136752136752307,26.636444901895878,-0.35,5.0,0.05,
1.3023396339995088,APPROACH,0.0,0.0,24321.022975339,26.60700389105058,-3.0769230769230944,26.633966217895498,-0.35,5.0,0.05,
1.303460200997506,APPROACH,0.0,0.0,24321.022975339,26.60700389105058,-3.0769230769230944,26.63146146989427,-0.35,5.0,0.05,
1.3045645959973626,APPROACH,0.0,0.0,24321.022975339,26.60700389105058,-3.0769230769230944,26.62922122389252,-0.35,5.0,0.05,
1.3057907999973395,APPROACH,0.0,0.0,24321.033860313,26.603341725795374,-3.350427350427367,26.627029507895053,-0.35,5.0,0.05,
1.3069701439999335,APPROACH,0.0,0.0,24321.033860313,26.603341725795374,-3.350427350427367,26.624531487891794,-0.35,5.0,0.05,
1.3081681820003723,APPROACH,0.0,0.0,24321.033860313,26.599679560540167,-3.6239316239316395,26.622184857894602,-0.35,5.0,0.05,
1.3093307470007858,APPROACH,0.0,0.0,24321.033860313,26.599679560540167,-3.6239316239316395,26.619791755890468,-0.35,5.0,0.05,
1.3104684009995253,APPROACH,0.0,0.0,24321.033860313,26.599679560540167,-3.6239316239316395,26.617478437890234,-0.35,5.0,0.05,
1.3116426249980577,APPROACH,0.0,0.0,24321.033860313,26.592355230029753,-3.487179487179503,26.61522371789149,-0.35,5.0,0.05,
1.312790538999252,APPROACH,0.0,0.0,24321.033860313,26.592355230029753,-3.487179487179503,26.61284173189167,-0.35,5.0,0.05,
1.3139686430004076,APPROACH,0.0,0.0,24321.033860313,26.583199816891735,-3.350427350427367,26.61054669789271,-0.35,5.0,0.05,
1.3150845710006251,APPROACH,0.0,0.0,24321.033860313,26.583199816891735,-3.350427350427367,26.608221799893066,-0.35,5.0,0.05,
1.3163051560004533,APPROACH,0.0,0.0,24321.04491773,26.583199816891735,-3.350427350427367,26.60576580189197,-0.35,5.0,0.05,
1.3175380319989927,APPROACH,0.0,0.0,24321.04491773,26.571297779812312,-2.6666666666666856,26.603597667891584,-0.35,5.0,0.05,
1.3186743279984512,APPROACH,0.0,0.0,24321.04491773,26.571297779812312,-2.6666666666666856,26.60106436589674,-0.35,5.0,0.05,
1.3199757559996215,APPROACH,0.0,0.0,24321.04491773,26.563973449301898,-2.256410256410277,26.598731269893754,-0.35,5.0,0.05,
1.3211556109999947,APPROACH,0.0,0.0,24321.04491773,26.563973449301898,-2.256410256410277,26.59612693389615,-0.35,5.0,0.05,
1.3223040899974876,APPROACH,0.0,0.0,24321.04491773,26.563973449301898,-2.256410256410277,26.593815137895284,-0.35,5.0,0.05,
1.323484565000399,APPROACH,0.0,0.0,24321.04491773,26.548409246967267,-1.846153846153868,26.591578895896667,-0.35,5.0,0.05,
1.3246618679986568,APPROACH,0.0,0.0,24321.04491773,26.548409246967267,-1.846153846153868,26.589147033891344,-0.35,5.0,0.05,
1.3259079009985726,APPROACH,0.0,0.0,24321.04491773,26.536507209887844,-1.0256410256410504,26.58678026589157,-0.35,5.0,0.05,
1.32702931699896,APPROACH,0.0,0.0,24321.04491773,26.536507209887844,-1.0256410256410504,26.584340463895636,-0.35,5.0,0.05,
1.3281922909991408,APPROACH,0.0,0.0,24321.055837284,26.536507209887844,-1.0256410256410504,26.582054065890837,-0.35,5.0,0.05,
1.329432092999923,APPROACH,0.0,0.0,24321.055837284,26.516365300984205,-0.06837606837609655,26.57973842789331,-0.35,5.0,0.05,
1.3305806729986216,APPROACH,0.0,0.0,24321.055837284,26.516365300984205,-0.06837606837609655,26.577254489894834,-0.35,5.0,0.05,
1.3317887329976656,APPROACH,0.0,0.0,24321.055837284,26.500801098649575,1.0256410256410504,26.574999471894692,-0.35,5.0,0.05,
1.3329589909990318,APPROACH,0.0,0.0,24321.055837284,26.500801098649575,1.0256410256410504,26.572533071893552,-0.35,5.0,0.05,
1.3341639619975467,APPROACH,0.0,0.0,24321.055837284,26.500801098649575,1.0256410256410504,26.570183525896276,-0.35,5.0,0.05,
1.335396687998582,APPROACH,0.0,0.0,24321.055837284,26.485236896314944,1.9829059829060043,26.567809635890875,-0.35,5.0,0.05,
1.336566687998129,APPROACH,0.0,0.0,24321.055837284,26.485236896314944,1.9829059829060043,26.565351077895023,-0.35,5.0,0.05,
1.3378099740002654,APPROACH,0.0,0.0,24321.055837284,26.47791256580453,2.393162393162413,26.56297696389199,-0.35,5.0,0.05,
1.3389789499997278,APPROACH,0.0,0.0,24321.066807545,26.47791256580453,2.393162393162413,26.560463917893934,-0.35,5.0,0.05,
1.3402260719994956,APPROACH,0.0,0.0,24321.066807545,26.47333485923552,2.393162393162413,26.55814318389573,-0.35,5.0,0.05,
1.3414082519993826,APPROACH,0.0,0.0,24321.066807545,26.47333485923552,2.393162393162413,26.55565263189171,-0.35,5.0,0.05,
1.3425835550006013,APPROACH,0.0,0.0,24321.066807545,26.47333485923552,2.393162393162413,26.55331020189012,-0.35,5.0,0.05,
1.343803208997997,APPROACH,0.0,0.0,24321.066807545,26.470588235294116,1.846153846153868,26.55092838989483,-0.35,5.0,0.05,
1.3449218469977495,APPROACH,0.0,0.0,24321.066807545,26.470588235294116,1.846153846153868,26.54855629589408,-0.35,5.0,0.05,
1.3461209779998171,APPROACH,0.0,0.0,24321.066807545,26.468757152666512,1.5726495726495955,26.546269889893004,-0.35,5.0,0.05,
1.3472715679999965,APPROACH,0.0,0.0,24321.066807545,26.468757152666512,1.5726495726495955,26.543881455895892,-0.35,5.0,0.05,
1.3484465359979367,APPROACH,0.0,0.0,24321.066807545,26.468757152666512,1.5726495726495955,26.54156087789422,-0.35,5.0,0.05,
1.3496526979979535,APPROACH,0.0,0.0,24321.077976692,26.46784161135271,1.299145299145323,26.539199185893516,-0.35,5.0,0.05,
1.3508072509976046,APPROACH,0.0,0.0,24321.077976692,26.46784161135271,1.299145299145323,26.536815157896193,-0.35,5.0,0.05,
1.3519999449999887,APPROACH,0.0,0.0,24321.077976692,26.468757152666512,0.7521367521367779,26.53451594389596,-0.35,5.0,0.05,
1.3531594849991961,APPROACH,0.0,0.0,24321.077976692,26.468757152666512,0.7521367521367779,26.532121853896818,-0.35,5.0,0.05,
1.3543051230008132,APPROACH,0.0,0.0,24321.077976692,26.468757152666512,0.7521367521367779,26.529804579892946,-0.35,5.0,0.05,
1.355498616998375,APPROACH,0.0,0.0,24321.077976692,26.46784161135271,-0.06837606837609655,26.527559835894202,-0.35,5.0,0.05,
1.3566156909982965,APPROACH,0.0,0.0,24321.077976692,26.46784161135271,-0.06837606837609655,26.525162909894128,-0.35,5.0,0.05,
1.3578079840008286,APPROACH,0.0,0.0,24321.077976692,26.46692607003891,-0.47863247863250535,26.522891763889923,-0.35,5.0,0.05,
1.3589550369979406,APPROACH,0.0,0.0,24321.077976692,26.46692607003891,-0.47863247863250535,26.520515745892475,-0.35,5.0,0.05,
1.3601578479974705,APPROACH,0.0,0.0,24321.088750026,26.46692607003891,-0.47863247863250535,26.51809027589595,-0.35,5.0,0.05,
1.3614491980006278,APPROACH,0.0,0.0,24321.088750026,26.46692607003891,-0.7521367521367779,26.51581343989644,-0.35,5.0,0.05,
1.3626255929993931,APPROACH,0.0,0.0,24321.088750026,26.46692607003891,-0.7521367521367779,26.513224071889702,-0.35,5.0,0.05,
1.3638877679986763,APPROACH,0.0,0.0,24321.088750026,26.466010528725107,-1.4358974358974592,26.510840475895087,-0.35,5.0,0.05,
1.3650463890007813,APPROACH,0.0,0.0,24321.088750026,26.466010528725107,-1.4358974358974592,26.508326807889965,-0.35,5.0,0.05,
1.366252395997435,APPROACH,0.0,0.0,24321.088750026,26.466010528725107,-1.4358974358974592,26.506039285895234,-0.35,5.0,0.05,
1.3675139779988967,APPROACH,0.0,0.0,24321.088750026,26.464179446097504,-1.9829059829060043,26.503504867892183,-0.35,5.0,0.05,
1.3686188989995571,APPROACH,0.0,0.0,24321.088750026,26.464179446097504,-1.9829059829060043,26.501135963896807,-0.35,5.0,0.05,
1.369935168997472,APPROACH,0.0,0.0,24321.088750026,26.4623483634699,-2.256410256410277,26.49884436589607,-0.35,5.0,0.05,
1.3710944669983292,APPROACH,0.0,0.0,24321.088750026,26.4623483634699,-2.256410256410277,26.496197007895965,-0.35,5.0,0.05,
1.3722628110008372,APPROACH,0.0,0.0,24321.099964463,26.4623483634699,-2.256410256410277,26.493909731894085,-0.35,5.0,0.05,
1.3734906309982762,APPROACH,0.0,0.0,24321.099964463,26.4623483634699,-2.6666666666666856,26.491579777889704,-0.35,5.0,0.05,
1.3746077559990226,APPROACH,0.0,0.0,24321.099964463,26.4623483634699,-2.6666666666666856,26.48917840789479,-0.35,5.0,0.05,
1.3758122119979816,APPROACH,0.0,0.0,24321.099964463,26.461432822156098,-3.350427350427367,26.48689390389452,-0.35,5.0,0.05,
1.376949566998519,APPROACH,0.0,0.0,24321.099964463,26.461432822156098,-3.350427350427367,26.484504209890723,-0.35,5.0,0.05,
1.378167177997966,APPROACH,0.0,0.0,24321.099964463,26.45685511558709,-3.6239316239316395,26.482230205890367,-0.35,5.0,0.05,
1.379315106998547,APPROACH,0.0,0.0,24321.099964463,26.45685511558709,-3.6239316239316395,26.479784353892022,-0.35,5.0,0.05,
1.3804219269986788,APPROACH,0.0,0.0,24321.099964463,26.45685511558709,-3.6239316239316395,26.47755137189349,-0.35,5.0,0.05,
1.3815868019992195,APPROACH,0.0,0.0,24321.099964463,26.455939574273287,-3.6239316239316395,26.47530865389242,-0.35,5.0,0.05,
1.3827593450005224,APPROACH,0.0,0.0,24321.110899759,26.455939574273287,-3.6239316239316395,26.472907675889722,-0.35,5.0,0.05,
1.3839609869974083,APPROACH,0.0,0.0,24321.110899759,26.455939574273287,-4.034188034188048,26.470606557895074,-0.35,5.0,0.05,
1.3851139329999569,APPROACH,0.0,0.0,24321.110899759,26.455939574273287,-4.034188034188048,26.46820141389005,-0.35,5.0,0.05,
1.3862626199988881,APPROACH,0.0,0.0,24321.110899759,26.455939574273287,-4.034188034188048,26.465890919892693,-0.35,5.0,0.05,
1.3874731979994976,APPROACH,0.0,0.0,24321.110899759,26.45136186770428,-4.581196581196593,26.46358444789191,-0.35,5.0,0.05,
1.3885799849995237,APPROACH,0.0,0.0,24321.110899759,26.45136186770428,-4.581196581196593,26.461220995895268,-0.35,5.0,0.05,
1.3897599699994316,APPROACH,0.0,0.0,24321.110899759,26.44769970244907,-4.71794871794873,26.45900554389052,-0.35,5.0,0.05,
1.3909011369978543,APPROACH,0.0,0.0,24321.110899759,26.44769970244907,-4.71794871794873,26.456604879896325,-0.35,5.0,0.05,
1.392043460997229,APPROACH,0.0,0.0,24321.110899759,26.44769970244907,-4.71794871794873,26.454323657891358,-0.35,5.0,0.05,
1.3933241259983333,APPROACH,0.0,0.0,24321.12187494,26.44220645456626,-4.71794871794873,26.451845767894405,-0.35,5.0,0.05,
1.3944392379999044,APPROACH,0.0,0.0,24321.12187494,26.44220645456626,-4.71794871794873,26.44949108189146,-0.35,5.0,0.05,
1.3955530450002698,APPROACH,0.0,0.0,24321.12187494,26.433051041428243,-4.71794871794873,26.44736901989497,-0.35,5.0,0.05,
1.3967104570001538,APPROACH,0.0,0.0,24321.12187494,26.433051041428243,-4.71794871794873,26.445019991894945,-0.35,5.0,0.05,
1.3978478019998875,APPROACH,0.0,0.0,24321.12187494,26.433051041428243,-4.71794871794873,26.442712465891667,-0.35,5.0,0.05,
1.399282979000418,APPROACH,0.0,0.0,24321.12187494,26.422980086976423,-4.034188034188048,26.440426493894186,-0.35,5.0,0.05,
1.400578097000107,APPROACH,0.0,0.0,24321.12187494,26.422980086976423,-4.034188034188048,26.43743926789582,-0.35,5.0,0.05,
1.4019601100008003,APPROACH,0.0,0.0,24321.12187494,26.418402380407414,-3.897435897435912,26.434916289895476,-0.35,5.0,0.05,
1.4032112169988977,APPROACH,0.0,0.0,24321.12187494,26.418402380407414,-3.897435897435912,26.432162181890156,-0.35,5.0,0.05,
1.4045130150007026,APPROACH,0.0,0.0,24321.133047983,26.418402380407414,-3.897435897435912,26.42948270789318,-0.35,5.0,0.05,
1.4058361489987874,APPROACH,0.0,0.0,24321.133047983,26.40558480201419,-3.897435897435912,26.4270807838923,-0.35,5.0,0.05,
1.4071039329974155,APPROACH,0.0,0.0,24321.133047983,26.40558480201419,-3.897435897435912,26.424352247894852,-0.35,5.0,0.05,
1.4084374269987165,APPROACH,0.0,0.0,24321.133047983,26.398260471503775,-3.487179487179503,26.421886569894262,-0.35,5.0,0.05,
1.4096406659991771,APPROACH,0.0,0.0,24321.133047983,26.398260471503775,-3.487179487179503,26.419236293893185,-0.35,5.0,0.05,
1.4108780669994303,APPROACH,0.0,0.0,24321.133047983,26.398260471503775,-3.487179487179503,26.416759105895174,-0.35,5.0,0.05,
1.4132709479999903,APPROACH,0.0,0.0,24321.133047983,26.387273975738154,-3.2136752136752307,26.414251169896737,-0.35,5.0,0.05,
1.4146153959991352,APPROACH,0.0,0.0,24321.133047983,26.382696269169145,-3.2136752136752307,26.409536167893087,-0.35,5.0,0.05,
1.4158343019989843,APPROACH,0.0,0.0,24321.143961036,26.382696269169145,-3.2136752136752307,26.40681093389255,-0.35,5.0,0.05,
1.4172121999981755,APPROACH,0.0,0.0,24321.143961036,26.37445639734493,-2.5299145299145493,26.40439378589624,-0.35,5.0,0.05,
1.4184205739984463,APPROACH,0.0,0.0,24321.143961036,26.37445639734493,-2.5299145299145493,26.401676503891643,-0.35,5.0,0.05,
1.4196638030007307,APPROACH,0.0,0.0,24321.143961036,26.373540856031127,-2.6666666666666856,26.399286153894785,-0.35,5.0,0.05,
1.4208521239997935,APPROACH,0.0,0.0,24321.143961036,26.373540856031127,-2.6666666666666856,26.396745989893383,-0.35,5.0,0.05,
1.4220344139976078,APPROACH,0.0,0.0,24321.143961036,26.373540856031127,-2.6666666666666856,26.394372515890858,-0.35,5.0,0.05,
1.423343277998356,APPROACH,0.0,0.0,24321.143961036,26.367132066834515,-3.6239316239316395,26.392006467890745,-0.35,5.0,0.05,
1.4245954649995838,APPROACH,0.0,0.0,24321.143961036,26.367132066834515,-3.6239316239316395,26.389414375896443,-0.35,5.0,0.05,
1.4259484529975452,APPROACH,0.0,0.0,24321.143961036,26.360723277637902,-3.487179487179503,26.386831231896643,-0.35,5.0,0.05,
1.4271451999993587,APPROACH,0.0,0.0,24321.154888735,26.360723277637902,-3.487179487179503,26.384227459894895,-0.35,5.0,0.05,
1.4283949959972233,APPROACH,0.0,0.0,24321.154888735,26.360723277637902,-3.487179487179503,26.381716059893073,-0.35,5.0,0.05,
1.4296669649993419,APPROACH,0.0,0.0,24321.154888735,26.352483405813686,-2.803418803418822,26.379339231892367,-0.35,5.0,0.05,
1.430874539000797,APPROACH,0.0,0.0,24321.154888735,26.352483405813686,-2.803418803418822,26.376725497896835,-0.35,5.0,0.05,
1.4321862569995574,APPROACH,0.0,0.0,24321.154888735,26.34882124055848,-3.0769230769230944,26.374314719892276,-0.35,5.0,0.05,
1.433418189000804,APPROACH,0.0,0.0,24321.154888735,26.34882124055848,-3.0769230769230944,26.371702225894545,-0.35,5.0,0.05,
1.4345740120006667,APPROACH,0.0,0.0,24321.154888735,26.34882124055848,-3.0769230769230944,26.3692867398943,-0.35,5.0,0.05,
1.4358710809974582,APPROACH,0.0,0.0,24321.154888735,26.342412451361866,-3.487179487179503,26.366992621894745,-0.35,5.0,0.05,
1.4370062529997085,APPROACH,0.0,0.0,24321.154888735,26.342412451361866,-3.487179487179503,26.364393039891432,-0.35,5.0,0.05,
1.4382552999995823,APPROACH,0.0,0.0,24321.165836092,26.33875028610666,-3.350427350427367,26.36207128989306,-0.35,5.0,0.05,
1.4394268629985163,APPROACH,0.0,0.0,24321.165836092,26.33875028610666,-3.350427350427367,26.359571435890096,-0.35,5.0,0.05,
1.4405476249994535,APPROACH,0.0,0.0,24321.165836092,26.33875028610666,-3.350427350427367,26.357303345889953,-0.35,5.0,0.05,
1.4417556490006973,APPROACH,0.0,0.0,24321.165836092,26.335088120851452,-3.6239316239316395,26.35503521589387,-0.35,5.0,0.05,
1.442896207998274,APPROACH,0.0,0.0,24321.165836092,26.335088120851452,-3.6239316239316395,26.352619587896037,-0.35,5.0,0.05,
1.4440978719976556,APPROACH,0.0,0.0,24321.165836092,26.330510414282443,-3.897435897435912,26.35032836589496,-0.35,5.0,0.05,
1.445251637000183,APPROACH,0.0,0.0,24321.165836092,26.330510414282443,-3.897435897435912,26.347917711894546,-0.35,5.0,0.05,
1.4463994779980567,APPROACH,0.0,0.0,24321.165836092,26.330510414282443,-3.897435897435912,26.345586767894268,-0.35,5.0,0.05,
1.4475686859987036,APPROACH,0.0,0.0,24321.165836092,26.325017166399633,-3.7606837606837757,26.343358105893707,-0.35,5.0,0.05,
1.4487088019996008,APPROACH,0.0,0.0,24321.177031184,26.325017166399633,-3.7606837606837757,26.341022525893344,-0.35,5.0,0.05,
1.4499093319973326,APPROACH,0.0,0.0,24321.177031184,26.321355001144426,-3.897435897435912,26.338710345896537,-0.35,5.0,0.05,
1.451067163998232,APPROACH,0.0,0.0,24321.177031184,26.321355001144426,-3.897435897435912,26.336300571894093,-0.35,5.0,0.05,
1.4522972509985266,APPROACH,0.0,0.0,24321.177031184,26.31403067063401,-4.1709401709401845,26.3339974738931,-0.35,5.0,0.05,
1.4533899699999893,APPROACH,0.0,0.0,24321.177031184,26.31403067063401,-4.1709401709401845,26.33161735989531,-0.35,5.0,0.05,
1.4544990190006502,APPROACH,0.0,0.0,24321.177031184,26.31403067063401,-4.1709401709401845,26.32938067589682,-0.35,5.0,0.05,
1.455653123997763,APPROACH,0.0,0.0,24321.177031184,26.309452964065002,-3.897435897435912,26.327162343893427,-0.35,5.0,0.05,
1.456766366998636,APPROACH,0.0,0.0,24321.177031184,26.309452964065002,-3.897435897435912,26.32486004389036,-0.35,5.0,0.05,
1.4579539539990947,APPROACH,0.0,0.0,24321.177031184,26.3076218814374,-3.897435897435912,26.322595979895844,-0.35,5.0,0.05,
1.459053798000241,APPROACH,0.0,0.0,24321.177031184,26.3076218814374,-3.897435897435912,26.320261823894974,-0.35,5.0,0.05,
1.4602308979992813,APPROACH,0.0,0.0,24321.18802714,26.3076218814374,-3.897435897435912,26.317991887889796,-0.35,5.0,0.05,
1.4614637509985187,APPROACH,0.0,0.0,24321.18802714,26.304875257495993,-4.444444444444457,26.3156922478968,-0.35,5.0,0.05,
1.462572516000364,APPROACH,0.0,0.0,24321.18802714,26.304875257495993,-4.444444444444457,26.31323241589532,-0.35,5.0,0.05,
1.4637503119993198,APPROACH,0.0,0.0,24321.18802714,26.30304417486839,-4.854700854700866,26.311021375893027,-0.35,5.0,0.05,
1.4648913609999,APPROACH,0.0,0.0,24321.18802714,26.30304417486839,-4.854700854700866,26.308623157893884,-0.35,5.0,0.05,
1.4660196439981519,APPROACH,0.0,0.0,24321.18802714,26.30304417486839,-4.854700854700866,26.306344331890863,-0.35,5.0,0.05,
1.467212561998167,APPROACH,0.0,0.0,24321.18802714,26.300297550926985,-4.991452991453002,26.30409132789034,-0.35,5.0,0.05,
1.4683592609981133,APPROACH,0.0,0.0,24321.18802714,26.300297550926985,-4.991452991453002,26.30170335389382,-0.35,5.0,0.05,
1.4696702039982483,APPROACH,0.0,0.0,24321.18802714,26.296635385671777,-5.128205128205138,26.299370167894516,-0.35,5.0,0.05,
1.4709788399995887,APPROACH,0.0,0.0,24321.199012086,26.296635385671777,-5.128205128205138,26.29667342789005,-0.35,5.0,0.05,
1.4722899230000621,APPROACH,0.0,0.0,24321.199012086,26.296635385671777,-5.128205128205138,26.29402840989612,-0.35,5.0,0.05,
1.473664364999422,APPROACH,0.0,0.0,24321.199012086,26.285648889906156,-5.264957264957275,26.291471809892094,-0.35,5.0,0.05,
1.4748692859975563,APPROACH,0.0,0.0,24321.199012086,26.285648889906156,-5.264957264957275,26.28877896389283,-0.35,5.0,0.05,
1.4762008500001684,APPROACH,0.0,0.0,24321.199012086,26.276493476768138,-4.581196581196593,26.28629403589118,-0.35,5.0,0.05,
1.477386876998935,APPROACH,0.0,0.0,24321.199012086,26.276493476768138,-4.581196581196593,26.283704763890704,-0.35,5.0,0.05,
1.4785471059985866,APPROACH,0.0,0.0,24321.199012086,26.276493476768138,-4.581196581196593,26.28135240789677,-0.35,5.0,0.05,
1.479859346000012,APPROACH,0.0,0.0,24321.199012086,26.26276035706111,-4.034188034188048,26.279037803892855,-0.35,5.0,0.05,
1.4810224030006793,APPROACH,0.0,0.0,24321.199012086,26.26276035706111,-4.034188034188048,26.27639493589347,-0.35,5.0,0.05,
1.482367456999782,APPROACH,0.0,0.0,24321.210007454,26.25085831998169,-3.7606837606837757,26.274033447896066,-0.35,5.0,0.05,
1.4835469299978286,APPROACH,0.0,0.0,24321.210007454,26.25085831998169,-3.7606837606837757,26.27136809989431,-0.35,5.0,0.05,
1.484720833999745,APPROACH,0.0,0.0,24321.210007454,26.25085831998169,-3.7606837606837757,26.26902847389399,-0.35,5.0,0.05,
1.486066163997748,APPROACH,0.0,0.0,24321.210007454,26.233463035019454,-2.5299145299145493,26.26662570989108,-0.35,5.0,0.05,
1.4872474299991154,APPROACH,0.0,0.0,24321.210007454,26.233463035019454,-2.5299145299145493,26.263938045894314,-0.35,5.0,0.05,
1.488521048999246,APPROACH,0.0,0.0,24321.210007454,26.223392080567635,-2.1196581196581405,26.261636755896028,-0.35,5.0,0.05,
1.4897058159986045,APPROACH,0.0,0.0,24321.210007454,26.223392080567635,-2.1196581196581405,26.259065987892676,-0.35,5.0,0.05,
1.4910503329992935,APPROACH,0.0,0.0,24321.210007454,26.2059967956054,-1.299145299145323,26.25665028389019,-0.35,5.0,0.05,
1.4923924569993687,APPROACH,0.0,0.0,24321.220969847,26.2059967956054,-1.299145299145323,26.253653815890424,-0.35,5.0,0.05,
1.4935610229986196,APPROACH,0.0,0.0,24321.220969847,26.2059967956054,-1.299145299145323,26.251315007896913,-0.35,5.0,0.05,
1.4948490659990057,APPROACH,0.0,0.0,24321.220969847,26.19592584115358,-0.47863247863250535,26.24900097389152,-0.35,5.0,0.05,
1.4960726280005474,APPROACH,0.0,0.0,24321.220969847,26.19592584115358,-0.47863247863250535,26.246419469892565,-0.35,5.0,0.05,
1.4973911439992662,APPROACH,0.0,0.0,24321.220969847,26.18493934538796,-0.06837606837609655,26.243943219896458,-0.35,5.0,0.05,
1.4986531779977668,APPROACH,0.0,0.0,24321.220969847,26.18493934538796,-0.06837606837609655,26.2413106678953,-0.35,5.0,0.05,
1.4998763109979336,APPROACH,0.0,0.0,24321.220969847,26.18493934538796,-0.06837606837609655,26.238707213896554,-0.35,5.0,0.05,
1.50120405999769,APPROACH,0.0,0.0,24321.220969847,26.171206225680933,0.7521367521367779,26.2363753738912,-0.35,5.0,0.05,
1.5023820339993108,APPROACH,0.0,0.0,24321.220969847,26.171206225680933,0.7521367521367779,26.233693791896506,-0.35,5.0,0.05,
1.5036489109988906,APPROACH,0.0,0.0,24321.232017381,26.15838864728771,1.0256410256410504,26.231379759892,-0.35,5.0,0.05,
1.504832541999349,APPROACH,0.0,0.0,24321.232017381,26.15838864728771,1.0256410256410504,26.22880326989368,-0.35,5.0,0.05,
1.506091142000514,APPROACH,0.0,0.0,24321.232017381,26.15838864728771,1.0256410256410504,26.22641996589052,-0.35,5.0,0.05,
1.507538656998804,APPROACH,0.0,0.0,24321.232017381,26.146486610208285,1.7094017094017318,26.22381197989423,-0.35,5.0,0.05,
1.508717673998035,APPROACH,0.0,0.0,24321.232017381,26.146486610208285,1.7094017094017318,26.221034963892883,-0.35,5.0,0.05,
1.5099654599980568,APPROACH,0.0,0.0,24321.232017381,26.135500114442664,2.1196581196581405,26.218700311889982,-0.35,5.0,0.05,
1.51114476499788,APPROACH,0.0,0.0,24321.232017381,26.135500114442664,2.1196581196581405,26.216188825893617,-0.35,5.0,0.05,
1.512364506997983,APPROACH,0.0,0.0,24321.232017381,26.135500114442664,2.1196581196581405,26.213765179892356,-0.35,5.0,0.05,
1.5137173580005765,APPROACH,0.0,0.0,24321.232017381,26.12268253604944,2.6666666666666856,26.211314221896167,-0.35,5.0,0.05,
1.5148787840007572,APPROACH,0.0,0.0,24321.243088017,26.12268253604944,2.6666666666666856,26.208698501891625,-0.35,5.0,0.05,
1.516136930000357,APPROACH,0.0,0.0,24321.243088017,26.11810482948043,2.940170940170958,26.206325983891723,-0.35,5.0,0.05,
1.5173854139975447,APPROACH,0.0,0.0,24321.243088017,26.11810482948043,2.940170940170958,26.20378200389066,-0.35,5.0,0.05,
1.518549033000454,APPROACH,0.0,0.0,24321.243088017,26.11810482948043,2.940170940170958,26.201355517893965,-0.35,5.0,0.05,
1.5198107190008159,APPROACH,0.0,0.0,24321.243088017,26.11352712291142,2.5299145299145493,26.19903996789187,-0.35,5.0,0.05,
1.5209925769995607,APPROACH,0.0,0.0,24321.243088017,26.11352712291142,2.5299145299145493,26.196453101890505,-0.35,5.0,0.05,
1.522250152000197,APPROACH,0.0,0.0,24321.243088017,26.111696040283817,2.256410256410277,26.194096251894074,-0.35,5.0,0.05,
1.523447955998563,APPROACH,0.0,0.0,24321.243088017,26.111696040283817,2.256410256410277,26.19155675989284,-0.35,5.0,0.05,
1.5246044099985738,APPROACH,0.0,0.0,24321.243088017,26.111696040283817,2.256410256410277,26.189227079893747,-0.35,5.0,0.05,
1.5258617469989986,APPROACH,0.0,0.0,24321.254125652,26.109864957656214,1.846153846153868,26.18693133589229,-0.35,5.0,0.05,
1.5270430119999219,APPROACH,0.0,0.0,24321.254125652,26.109864957656214,1.846153846153868,26.18434321789507,-0.35,5.0,0.05,
1.5284077369979059,APPROACH,0.0,0.0,24321.254125652,26.108949416342412,1.4358974358974592,26.182029039891198,-0.35,5.0,0.05,
1.5296462309997878,APPROACH,0.0,0.0,24321.254125652,26.108949416342412,1.4358974358974592,26.17928212989616,-0.35,5.0,0.05,
1.5309405410007457,APPROACH,0.0,0.0,24321.254125652,26.104371709773403,0.8888888888889142,26.176803807896498,-0.35,5.0,0.05,
1.53214546199888,APPROACH,0.0,0.0,24321.254125652,26.104371709773403,0.8888888888889142,26.17423504189471,-0.35,5.0,0.05,
1.5333744559975457,APPROACH,0.0,0.0,24321.254125652,26.104371709773403,0.8888888888889142,26.171791975896916,-0.35,5.0,0.05,
1.5347159939992707,APPROACH,0.0,0.0,24321.254125652,26.1025406271458,0.8888888888889142,26.169330987891293,-0.35,5.0,0.05,
1.5358842809982889,APPROACH,0.0,0.0,24321.254125652,26.1025406271458,0.8888888888889142,26.166679727889708,-0.35,5.0,0.05,
1.537189890997979,APPROACH,0.0,0.0,24321.265089294,26.099794003204394,0.47863247863250535,26.164299837896827,-0.35,5.0,0.05,
1.5383671679992403,APPROACH,0.0,0.0,24321.265089294,26.099794003204394,0.47863247863250535,26.1617482578961,-0.35,5.0,0.05,
1.539566562998516,APPROACH,0.0,0.0,24321.265089294,26.099794003204394,0.47863247863250535,26.159382475890446,-0.35,5.0,0.05,
1.54089370300062,APPROACH,0.0,0.0,24321.265089294,26.095216296635385,0.20512820512823282,26.156999025895196,-0.35,5.0,0.05,
1.5420537449972471,APPROACH,0.0,0.0,24321.265089294,26.095216296635385,0.20512820512823282,26.15433766989124,-0.35,5.0,0.05,
1.5433044969977345,APPROACH,0.0,0.0,24321.265089294,26.091554131380178,-0.06837606837609655,26.152019463895407,-0.35,5.0,0.05,
1.5444833269975788,APPROACH,0.0,0.0,24321.265089294,26.091554131380178,-0.06837606837609655,26.1495171878935,-0.35,5.0,0.05,
1.5456323039979907,APPROACH,0.0,0.0,24321.265089294,26.091554131380178,-0.06837606837609655,26.147170483892545,-0.35,5.0,0.05,
1.54696186900037,APPROACH,0.0,0.0,24321.265089294,26.08789196612497,-0.20512820512823282,26.14481557189108,-0.35,5.0,0.05,
1.5481643469975097,APPROACH,0.0,0.0,24321.276204013,26.08789196612497,-0.20512820512823282,26.142146763894992,-0.35,5.0,0.05,
1.5494767329983006,APPROACH,0.0,0.0,24321.276204013,26.086060883497368,-0.47863247863250535,26.139742151893437,-0.35,5.0,0.05,
1.5506240840004466,APPROACH,0.0,0.0,24321.276204013,26.086060883497368,-0.47863247863250535,26.137183375890594,-0.35,5.0,0.05,
1.5518015349989582,APPROACH,0.0,0.0,24321.276204013,26.086060883497368,-0.47863247863250535,26.134878027894295,-0.35,5.0,0.05,
1.553139543000725,APPROACH,0.0,0.0,24321.276204013,26.084229800869764,-1.1623931623931867,26.13244050389155,-0.35,5.0,0.05,
1.5543122609997226,APPROACH,0.0,0.0,24321.276204013,26.084229800869764,-1.1623931623931867,26.129829261889675,-0.35,5.0,0.05,
1.5555734139998094,APPROACH,0.0,0.0,24321.276204013,26.08239871824216,-1.4358974358974592,26.12748509589553,-0.35,5.0,0.05,
1.5567725119981333,APPROACH,0.0,0.0,24321.276204013,26.08239871824216,-1.4358974358974592,26.124963793890196,-0.35,5.0,0.05,
1.5579471469973214,APPROACH,0.0,0.0,24321.276204013,26.08239871824216,-1.4358974358974592,26.122522201892274,-0.35,5.0,0.05,
1.5592735369973525,APPROACH,0.0,0.0,24321.287062779,26.079652094300755,-1.7094017094017318,26.12024048389255,-0.35,5.0,0.05,
1.5605238159987493,APPROACH,0.0,0.0,24321.287062779,26.079652094300755,-1.7094017094017318,26.117570799892995,-0.35,5.0,0.05,
1.5618345599978056,APPROACH,0.0,0.0,24321.287062779,26.078736552986953,-1.9829059829060043,26.114993541895522,-0.35,5.0,0.05,
1.5629850029981753,APPROACH,0.0,0.0,24321.287062779,26.078736552986953,-1.9829059829060043,26.11246249789226,-0.35,5.0,0.05,
1.5641637619992252,APPROACH,0.0,0.0,24321.287062779,26.078736552986953,-1.9829059829060043,26.110154475894227,-0.35,5.0,0.05,
1.5654766309999104,APPROACH,0.0,0.0,24321.287062779,26.074158846417944,-2.5299145299145493,26.10779624589602,-0.35,5.0,0.05,
1.5666423809998378,APPROACH,0.0,0.0,24321.287062779,26.074158846417944,-2.5299145299145493,26.105175973892322,-0.35,5.0,0.05,
1.5679038069974922,APPROACH,0.0,0.0,24321.287062779,26.069581139848935,-2.5299145299145493,26.102786071890726,-0.35,5.0,0.05,
1.5690543409982638,APPROACH,0.0,0.0,24321.287062779,26.069581139848935,-2.5299145299145493,26.100326737892168,-0.35,5.0,0.05,
1.5703283570001076,APPROACH,0.0,0.0,24321.298092013,26.059510185397116,-2.393162393162413,26.098023969892232,-0.35,5.0,0.05,
1.571520650999446,APPROACH,0.0,0.0,24321.298092013,26.059510185397116,-2.393162393162413,26.09544636789476,-0.35,5.0,0.05,
1.5727354570008174,APPROACH,0.0,0.0,24321.298092013,26.059510185397116,-2.393162393162413,26.09300575989007,-0.35,5.0,0.05,
1.5739766639999289,APPROACH,0.0,0.0,24321.298092013,26.053101396200503,-2.256410256410277,26.090635443893255,-0.35,5.0,0.05,
1.5751288469982683,APPROACH,0.0,0.0,24321.298092013,26.053101396200503,-2.256410256410277,26.088186103895417,-0.35,5.0,0.05,
1.5763875730008294,APPROACH,0.0,0.0,24321.298092013,26.049439230945296,-2.1196581196581405,26.085826305891963,-0.35,5.0,0.05,
1.5775288500008173,APPROACH,0.0,0.0,24321.298092013,26.049439230945296,-2.1196581196581405,26.083365175896027,-0.35,5.0,0.05,
1.5786879480001517,APPROACH,0.0,0.0,24321.298092013,26.049439230945296,-2.1196581196581405,26.08108312389347,-0.35,5.0,0.05,
1.5799519389984198,APPROACH,0.0,0.0,24321.298092013,26.04577706569009,-2.6666666666666856,26.078760105892137,-0.35,5.0,0.05,
1.5811585419978655,APPROACH,0.0,0.0,24321.309134406,26.04577706569009,-2.6666666666666856,26.076205159895174,-0.35,5.0,0.05,
1.5824195629975293,APPROACH,0.0,0.0,24321.309134406,26.043945983062486,-2.803418803418822,26.07380135989049,-0.35,5.0,0.05,
1.58361520499966,APPROACH,0.0,0.0,24321.309134406,26.043945983062486,-2.803418803418822,26.071271837893867,-0.35,5.0,0.05,
1.5848033990005206,APPROACH,0.0,0.0,24321.309134406,26.043945983062486,-2.803418803418822,26.06887088789633,-0.35,5.0,0.05,
1.5861272619986266,APPROACH,0.0,0.0,24321.309134406,26.04028381780728,-3.0769230769230944,26.06651367989368,-0.35,5.0,0.05,
1.5873226859985152,APPROACH,0.0,0.0,24321.309134406,26.04028381780728,-3.0769230769230944,26.06378351789433,-0.35,5.0,0.05,
1.5885864299998502,APPROACH,0.0,0.0,24321.309134406,26.037537193865873,-3.350427350427367,26.061471837894054,-0.35,5.0,0.05,
1.5897464449990366,APPROACH,0.0,0.0,24321.309134406,26.037537193865873,-3.350427350427367,26.058953497894684,-0.35,5.0,0.05,
1.5909121129989217,APPROACH,0.0,0.0,24321.309134406,26.037537193865873,-3.350427350427367,26.056630089894746,-0.35,5.0,0.05,
1.592247355998552,APPROACH,0.0,0.0,24321.320061031,26.033875028610666,-3.6239316239316395,26.05423083189205,-0.35,5.0,0.05,
1.593494209999335,APPROACH,0.0,0.0,24321.320061031,26.033875028610666,-3.6239316239316395,26.051590077893046,-0.35,5.0,0.05,
1.5947791549988324,APPROACH,0.0,0.0,24321.320061031,26.028381780727855,-3.7606837606837757,26.04912175989127,-0.35,5.0,0.05,
1.5959717439982342,APPROACH,0.0,0.0,24321.320061031,26.028381780727855,-3.7606837606837757,26.046569693892955,-0.35,5.0,0.05,
1.5971390589984367,APPROACH,0.0,0.0,24321.320061031,26.028381780727855,-3.7606837606837757,26.04419113789597,-0.35,5.0,0.05,
1.5984509409972816,APPROACH,0.0,0.0,24321.320061031,26.02105745021744,-3.7606837606837757,26.041849233895185,-0.35,5.0,0.05,
1.599609655997483,APPROACH,0.0,0.0,24321.320061031,26.02105745021744,-3.7606837606837757,26.03922857789555,-0.35,5.0,0.05,
1.6008395509998081,APPROACH,0.0,0.0,24321.320061031,26.01464866102083,-3.7606837606837757,26.036918135892186,-0.35,5.0,0.05,
1.6020106619980652,APPROACH,0.0,0.0,24321.320061031,26.01464866102083,-3.7606837606837757,26.03440355389582,-0.35,5.0,0.05,
1.6032218170003034,APPROACH,0.0,0.0,24321.33104519,26.01464866102083,-3.7606837606837757,26.03203456389135,-0.35,5.0,0.05,
1.6046192409994546,APPROACH,0.0,0.0,24321.33104519,26.00549324788281,-3.6239316239316395,26.029666331896145,-0.35,5.0,0.05,
1.605810142998962,APPROACH,0.0,0.0,24321.33104519,26.00549324788281,-3.6239316239316395,26.026855453893653,-0.35,5.0,0.05,
1.607077623000805,APPROACH,0.0,0.0,24321.33104519,26.000915541313802,-3.350427350427367,26.024497757892526,-0.35,5.0,0.05,
1.6082822079988546,APPROACH,0.0,0.0,24321.33104519,26.000915541313802,-3.350427350427367,26.021898989894247,-0.35,5.0,0.05,
1.609617239999352,APPROACH,0.0,0.0,24321.33104519,25.99542229343099,-3.487179487179503,26.01959149589063,-0.35,5.0,0.05,
1.610788333000528,APPROACH,0.0,0.0,24321.33104519,25.99542229343099,-3.487179487179503,26.01686774389352,-0.35,5.0,0.05,
1.611975084997539,APPROACH,0.0,0.0,24321.33104519,25.99542229343099,-3.487179487179503,26.01448275389091,-0.35,5.0,0.05,
1.6134360109972476,APPROACH,0.0,0.0,24321.33104519,25.98901350423438,-3.6239316239316395,26.012179091894062,-0.35,5.0,0.05,
1.614623429999483,APPROACH,0.0,0.0,24321.342073066,25.98901350423438,-3.6239316239316395,26.009210079894977,-0.35,5.0,0.05,
1.615856802000053,APPROACH,0.0,0.0,24321.342073066,25.97985809109636,-3.487179487179503,26.006875219894276,-0.35,5.0,0.05,
1.617069239000557,APPROACH,0.0,0.0,24321.342073066,25.97985809109636,-3.487179487179503,26.004394673896307,-0.35,5.0,0.05,
1.6182796289976977,APPROACH,0.0,0.0,24321.342073066,25.97985809109636,-3.487179487179503,26.001970799895638,-0.35,5.0,0.05,
1.6195623149978928,APPROACH,0.0,0.0,24321.342073066,25.971618219272145,-2.6666666666666856,25.99960510589269,-0.35,5.0,0.05,
1.6207345869988785,APPROACH,0.0,0.0,24321.342073066,25.971618219272145,-2.6666666666666856,25.997005471895385,-0.35,5.0,0.05,
1.6219939990005514,APPROACH,0.0,0.0,24321.342073066,25.96887159533074,-3.0769230769230944,25.994658021890494,-0.35,5.0,0.05,
1.6231692340006703,APPROACH,0.0,0.0,24321.342073066,25.96887159533074,-3.0769230769230944,25.992122267890657,-0.35,5.0,0.05,
1.6243250939987774,APPROACH,0.0,0.0,24321.342073066,25.96887159533074,-3.0769230769230944,25.989786387895286,-0.35,5.0,0.05,
1.6256790549996367,APPROACH,0.0,0.0,24321.353190683,25.960631723506523,-3.350427350427367,25.987430121896317,-0.35,5.0,0.05,
1.6268402789974061,APPROACH,0.0,0.0,24321.353190683,25.960631723506523,-3.350427350427367,25.98476641189452,-0.35,5.0,0.05,
1.6281065969997144,APPROACH,0.0,0.0,24321.353190683,25.956054016937514,-3.0769230769230944,25.982446837894962,-0.35,5.0,0.05,
1.629266985997674,APPROACH,0.0,0.0,24321.353190683,25.956054016937514,-3.0769230769230944,25.979912751893856,-0.35,5.0,0.05,
1.6304153919991222,APPROACH,0.0,0.0,24321.353190683,25.956054016937514,-3.0769230769230944,25.97761036788986,-0.35,5.0,0.05,
1.6316895499985549,APPROACH,0.0,0.0,24321.353190683,25.9487296864271,-3.0769230769230944,25.975304855893476,-0.35,5.0,0.05,
1.632890671997302,APPROACH,0.0,0.0,24321.353190683,25.9487296864271,-3.0769230769230944,25.972679101892275,-0.35,5.0,0.05,
1.6341569180003717,APPROACH,0.0,0.0,24321.353190683,25.94415197985809,-3.0769230769230944,25.97030278589343,-0.35,5.0,0.05,
1.6353222340003413,APPROACH,0.0,0.0,24321.353190683,25.94415197985809,-3.0769230769230944,25.967753659891308,-0.35,5.0,0.05,
1.6367295220006781,APPROACH,0.0,0.0,24321.364209344,25.94415197985809,-3.0769230769230944,25.965038105890265,-0.35,5.0,0.05,
1.6380457849991217,APPROACH,0.0,0.0,24321.364209344,25.93316548409247,-3.0769230769230944,25.96266156589379,-0.35,5.0,0.05,
1.6392371080000885,APPROACH,0.0,0.0,24321.364209344,25.93316548409247,-3.0769230769230944,25.95997120989457,-0.35,5.0,0.05,
1.6405140309980197,APPROACH,0.0,0.0,24321.364209344,25.92767223620966,-2.6666666666666856,25.95757737189094,-0.35,5.0,0.05,
1.6416762829976506,APPROACH,0.0,0.0,24321.364209344,25.92767223620966,-2.6666666666666856,25.9550910158953,-0.35,5.0,0.05,
1.6428304039982322,APPROACH,0.0,0.0,24321.364209344,25.92767223620966,-2.6666666666666856,25.952785197893967,-0.35,5.0,0.05,
1.6440810540007078,APPROACH,0.0,0.0,24321.364209344,25.92217898832685,-2.803418803418822,25.950477661893522,-0.35,5.0,0.05,
1.6452848739972978,APPROACH,0.0,0.0,24321.364209344,25.92217898832685,-2.803418803418822,25.947952145893645,-0.35,5.0,0.05,
1.6467378689994803,APPROACH,0.0,0.0,24321.364209344,25.91760128175784,-3.0769230769230944,25.945603795896453,-0.35,5.0,0.05,
1.6480365509996773,APPROACH,0.0,0.0,24321.375361893,25.91760128175784,-3.0769230769230944,25.942558171890845,-0.35,5.0,0.05,
1.649420582998573,APPROACH,0.0,0.0,24321.375361893,25.90295262073701,-2.6666666666666856,25.93994365789083,-0.35,5.0,0.05,
1.6506026389979525,APPROACH,0.0,0.0,24321.375361893,25.90295262073701,-2.6666666666666856,25.937270009891357,-0.35,5.0,0.05,
1.651780346997839,APPROACH,0.0,0.0,24321.375361893,25.90295262073701,-2.6666666666666856,25.93490592389687,-0.35,5.0,0.05,
1.6530854320008075,APPROACH,0.0,0.0,24321.375361893,25.8974593728542,-2.1196581196581405,25.93249041389324,-0.35,5.0,0.05,
1.6542974010008038,APPROACH,0.0,0.0,24321.375361893,25.8974593728542,-2.1196581196581405,25.929882589896145,-0.35,5.0,0.05,
1.655570948998502,APPROACH,0.0,0.0,24321.375361893,25.893797207598993,-2.256410256410277,25.92749282789125,-0.35,5.0,0.05,
1.6567806219973136,APPROACH,0.0,0.0,24321.375361893,25.893797207598993,-2.256410256410277,25.924983443889936,-0.35,5.0,0.05,
1.6580132550006965,APPROACH,0.0,0.0,24321.386179484,25.893797207598993,-2.256410256410277,25.922470143895474,-0.35,5.0,0.05,
1.6593901319974975,APPROACH,0.0,0.0,24321.386179484,25.884641794460975,-2.5299145299145493,25.92004197789472,-0.35,5.0,0.05,
1.660623174997454,APPROACH,0.0,0.0,24321.386179484,25.884641794460975,-2.5299145299145493,25.917339145891013,-0.35,5.0,0.05,
1.6618839939983445,APPROACH,0.0,0.0,24321.386179484,25.875486381322958,-2.1196581196581405,25.914882791891863,-0.35,5.0,0.05,
1.6630674759981048,APPROACH,0.0,0.0,24321.386179484,25.875486381322958,-2.1196581196581405,25.912302947895363,-0.35,5.0,0.05,
1.6642478779976955,APPROACH,0.0,0.0,24321.386179484,25.875486381322958,-2.1196581196581405,25.909947691893898,-0.35,5.0,0.05,
1.6655661599979794,APPROACH,0.0,0.0,24321.386179484,25.86633096818494,-1.5726495726495955,25.907555565893993,-0.35,5.0,0.05,
1.666724714999873,APPROACH,0.0,0.0,24321.386179484,25.86633096818494,-1.5726495726495955,25.904997193895973,-0.35,5.0,0.05,
1.6679858110001078,APPROACH,0.0,0.0,24321.386179484,25.859006637674526,-1.7094017094017318,25.902623385890614,-0.35,5.0,0.05,
1.66921241199816,APPROACH,0.0,0.0,24321.397214663,25.859006637674526,-1.7094017094017318,25.90008557789522,-0.35,5.0,0.05,
1.67043563200059,APPROACH,0.0,0.0,24321.397214663,25.859006637674526,-1.7094017094017318,25.897646415892517,-0.35,5.0,0.05,
1.6717982959999063,APPROACH,0.0,0.0,24321.397214663,25.848935683222706,-1.4358974358974592,25.895256061893882,-0.35,5.0,0.05,
1.673021085000073,APPROACH,0.0,0.0,24321.397214663,25.848935683222706,-1.4358974358974592,25.892463607896637,-0.35,5.0,0.05,
1.674322097998811,APPROACH,0.0,0.0,24321.397214663,25.8452735179675,-1.0256410256410504,25.89001712589495,-0.35,5.0,0.05,
1.6754776809975738,APPROACH,0.0,0.0,24321.397214663,25.8452735179675,-1.0256410256410504,25.887468981892447,-0.35,5.0,0.05,
1.6766331789985998,APPROACH,0.0,0.0,24321.397214663,25.8452735179675,-1.0256410256410504,25.88518087389209,-0.35,5.0,0.05,
1.677910279999196,APPROACH,0.0,0.0,24321.397214663,25.837033646143283,-1.5726495726495955,25.88286692589579,-0.35,5.0,0.05,
1.6790625670000736,APPROACH,0.0,0.0,24321.397214663,25.837033646143283,-1.5726495726495955,25.880318297896586,-0.35,5.0,0.05,
1.680419455999072,APPROACH,0.0,0.0,24321.408191458,25.826962691691463,-1.4358974358974592,25.877921037893678,-0.35,5.0,0.05,
1.6815608799988695,APPROACH,0.0,0.0,24321.408191458,25.826962691691463,-1.4358974358974592,25.87530069988977,-0.35,5.0,0.05,
1.6827628369974263,APPROACH,0.0,0.0,24321.408191458,25.826962691691463,-1.4358974358974592,25.873002559893642,-0.35,5.0,0.05,
1.6840743719985767,APPROACH,0.0,0.0,24321.408191458,25.818722819867247,-0.3418803418803691,25.87054110389115,-0.35,5.0,0.05,
1.6852845469984459,APPROACH,0.0,0.0,24321.408191458,25.818722819867247,-0.3418803418803691,25.867928057895618,-0.35,5.0,0.05,
1.686504129000241,APPROACH,0.0,0.0,24321.408191458,25.813229571984436,-0.47863247863250535,25.865602175895468,-0.35,5.0,0.05,
1.6876752850002958,APPROACH,0.0,0.0,24321.408191458,25.813229571984436,-0.47863247863250535,25.863121107891196,-0.35,5.0,0.05,
1.6889332120008476,APPROACH,0.0,0.0,24321.408191458,25.80041199359121,-0.6153846153846416,25.860782465891383,-0.35,5.0,0.05,
1.6900884120004775,APPROACH,0.0,0.0,24321.408191458,25.80041199359121,-0.6153846153846416,25.858261491893494,-0.35,5.0,0.05,
1.691287284000282,APPROACH,0.0,0.0,24321.419186463,25.80041199359121,-0.6153846153846416,25.855903645891225,-0.35,5.0,0.05,
1.6925511819972598,APPROACH,0.0,0.0,24321.419186463,25.7940032043946,-0.20512820512823282,25.853599921895942,-0.35,5.0,0.05,
1.693715199999133,APPROACH,0.0,0.0,24321.419186463,25.7940032043946,-0.20512820512823282,25.851032709893182,-0.35,5.0,0.05,
1.6949653589981608,APPROACH,0.0,0.0,24321.419186463,25.790341039139392,0.20512820512823282,25.848666173894593,-0.35,5.0,0.05,
1.6961222889985947,APPROACH,0.0,0.0,24321.419186463,25.790341039139392,0.20512820512823282,25.846194681894552,-0.35,5.0,0.05,
1.697304217999772,APPROACH,0.0,0.0,24321.419186463,25.790341039139392,0.20512820512823282,25.843834805892833,-0.35,5.0,0.05,
1.6985325789974013,APPROACH,0.0,0.0,24321.419186463,25.78393224994278,-0.3418803418803691,25.841610181895952,-0.35,5.0,0.05,
1.6996754199972202,APPROACH,0.0,0.0,24321.419186463,25.78393224994278,-0.3418803418803691,25.839074819895608,-0.35,5.0,0.05,
1.7009515299978375,APPROACH,0.0,0.0,24321.419186463,25.781185626001374,-0.47863247863250535,25.83678566788992,-0.35,5.0,0.05,
1.7021651510003721,APPROACH,0.0,0.0,24321.430186076,25.781185626001374,-0.47863247863250535,25.834191201896168,-0.35,5.0,0.05,
1.703360644998611,APPROACH,0.0,0.0,24321.430186076,25.781185626001374,-0.47863247863250535,25.831784607894654,-0.35,5.0,0.05,
1.7046366279973881,APPROACH,0.0,0.0,24321.430186076,25.780270084687572,-0.6153846153846416,25.829410299892764,-0.35,5.0,0.05,
1.7058686290001788,APPROACH,0.0,0.0,24321.430186076,25.780270084687572,-0.6153846153846416,25.826787757892156,-0.35,5.0,0.05,
1.707112389998656,APPROACH,0.0,0.0,24321.430186076,25.780270084687572,-1.299145299145323,25.824387705893308,-0.35,5.0,0.05,
1.7082535789995745,APPROACH,0.0,0.0,24321.430186076,25.780270084687572,-1.299145299145323,25.821911555890686,-0.35,5.0,0.05,
1.7094496569989133,APPROACH,0.0,0.0,24321.430186076,25.780270084687572,-1.299145299145323,25.819563823891507,-0.35,5.0,0.05,
1.7107012369997392,APPROACH,0.0,0.0,24321.430186076,25.777523460746167,-1.846153846153868,25.817243309896433,-0.35,5.0,0.05,
1.711889438000071,APPROACH,0.0,0.0,24321.430186076,25.777523460746167,-1.846153846153868,25.814669557891897,-0.35,5.0,0.05,
1.7131836400003522,APPROACH,0.0,0.0,24321.44119349,25.77477683680476,-2.1196581196581405,25.812290675895632,-0.35,5.0,0.05,
1.7144073140007094,APPROACH,0.0,0.0,24321.44119349,25.77477683680476,-2.1196581196581405,25.809684111890668,-0.35,5.0,0.05,
1.7156137419988227,APPROACH,0.0,0.0,24321.44119349,25.77477683680476,-2.1196581196581405,25.807307685893896,-0.35,5.0,0.05,
1.7168917460003286,APPROACH,0.0,0.0,24321.44119349,25.772030212863356,-2.393162393162413,25.804893153895385,-0.35,5.0,0.05,
1.7180733860004693,APPROACH,0.0,0.0,24321.44119349,25.772030212863356,-2.393162393162413,25.802337697890174,-0.35,5.0,0.05,
1.7193719709975994,APPROACH,0.0,0.0,24321.44119349,25.76928358892195,-2.6666666666666856,25.799964091894502,-0.35,5.0,0.05,
1.7205245069999364,APPROACH,0.0,0.0,24321.44119349,25.76928358892195,-2.6666666666666856,25.797373033893813,-0.35,5.0,0.05,
1.7217518340003153,APPROACH,0.0,0.0,24321.44119349,25.76928358892195,-2.6666666666666856,25.795006835892558,-0.35,5.0,0.05,
1.7230681649998587,APPROACH,0.0,0.0,24321.44119349,25.761043717097735,-2.803418803418822,25.792608203891426,-0.35,5.0,0.05,
1.7242965879995609,APPROACH,0.0,0.0,24321.452200753,25.761043717097735,-2.803418803418822,25.78997267989441,-0.35,5.0,0.05,
1.7255420260007668,APPROACH,0.0,0.0,24321.452200753,25.75280384527352,-2.6666666666666856,25.787597647891083,-0.35,5.0,0.05,
1.7267311549985607,APPROACH,0.0,0.0,24321.452200753,25.75280384527352,-2.6666666666666856,25.785032701890735,-0.35,5.0,0.05,
1.727996751000319,APPROACH,0.0,0.0,24321.452200753,25.746395056076906,-2.256410256410277,25.782671579895826,-0.35,5.0,0.05,
1.7292013170008431,APPROACH,0.0,0.0,24321.452200753,25.746395056076906,-2.256410256410277,25.780053989890142,-0.35,5.0,0.05,
1.7304045279997808,APPROACH,0.0,0.0,24321.452200753,25.746395056076906,-2.256410256410277,25.777668547890492,-0.35,5.0,0.05,
1.7316355359980662,APPROACH,0.0,0.0,24321.452200753,25.7436484321355,-2.393162393162413,25.77533057789085,-0.35,5.0,0.05,
1.732828078998864,APPROACH,0.0,0.0,24321.452200753,25.7436484321355,-2.393162393162413,25.772858663892542,-0.35,5.0,0.05,
1.7340855019974697,APPROACH,0.0,0.0,24321.452200753,25.739986266880294,-2.803418803418822,25.770467203890142,-0.35,5.0,0.05,
1.7352929179978673,APPROACH,0.0,0.0,24321.463264802,25.739986266880294,-2.803418803418822,25.767854161896388,-0.35,5.0,0.05,
1.7365394640000886,APPROACH,0.0,0.0,24321.463264802,25.739986266880294,-2.803418803418822,25.76557441989396,-0.35,5.0,0.05,
1.737841756999842,APPROACH,0.0,0.0,24321.463264802,25.729915312428474,-2.6666666666666856,25.76301451589213,-0.35,5.0,0.05,
1.739003242997569,APPROACH,0.0,0.0,24321.463264802,25.729915312428474,-2.6666666666666856,25.76040542989474,-0.35,5.0,0.05,
1.740259285998036,APPROACH,0.0,0.0,24321.463264802,25.72259098191806,-2.393162393162413,25.75809782989497,-0.35,5.0,0.05,
1.7414387530006934,APPROACH,0.0,0.0,24321.463264802,25.72259098191806,-2.393162393162413,25.755556245895853,-0.35,5.0,0.05,
1.7425617189983313,APPROACH,0.0,0.0,24321.463264802,25.72259098191806,-2.393162393162413,25.75326755188987,-0.35,5.0,0.05,
1.7437923580000643,APPROACH,0.0,0.0,24321.463264802,25.71709773403525,-2.256410256410277,25.750994457893533,-0.35,5.0,0.05,
1.7449144719976175,APPROACH,0.0,0.0,24321.463264802,25.71709773403525,-2.256410256410277,25.748561605892313,-0.35,5.0,0.05,
1.7461809769993124,APPROACH,0.0,0.0,24321.474272306,25.71252002746624,-2.5299145299145493,25.746259169894323,-0.35,5.0,0.05,
1.7473650249994535,APPROACH,0.0,0.0,24321.474272306,25.71252002746624,-2.5299145299145493,25.74372846589656,-0.35,5.0,0.05,
1.74853676299972,APPROACH,0.0,0.0,24321.474272306,25.71252002746624,-2.5299145299145493,25.7414056858918,-0.35,5.0,0.05,
1.749788303997775,APPROACH,0.0,0.0,24321.474272306,25.704280155642024,-2.6666666666666856,25.739085017893807,-0.35,5.0,0.05,
1.7509871939982986,APPROACH,0.0,0.0,24321.474272306,25.704280155642024,-2.6666666666666856,25.73648490988969,-0.35,5.0,0.05,
1.7522346429977915,APPROACH,0.0,0.0,24321.474272306,25.70153353170062,-2.256410256410277,25.73411377789423,-0.35,5.0,0.05,
1.7533936689978873,APPROACH,0.0,0.0,24321.474272306,25.70153353170062,-2.256410256410277,25.731671373892162,-0.35,5.0,0.05,
1.7545144329997129,APPROACH,0.0,0.0,24321.474272306,25.70153353170062,-2.256410256410277,25.729356595890998,-0.35,5.0,0.05,
1.7557085209991783,APPROACH,0.0,0.0,24321.474272306,25.69695582513161,-2.6666666666666856,25.727135681890353,-0.35,5.0,0.05,
1.7568564899993362,APPROACH,0.0,0.0,24321.485219305,25.69695582513161,-2.6666666666666856,25.724703079891036,-0.35,5.0,0.05,
1.7580695719989308,APPROACH,0.0,0.0,24321.485219305,25.694209201190205,-3.0769230769230944,25.722402501896134,-0.35,5.0,0.05,
1.7592246950007393,APPROACH,0.0,0.0,24321.485219305,25.694209201190205,-3.0769230769230944,25.71998209789424,-0.35,5.0,0.05,
1.7603826989980007,APPROACH,0.0,0.0,24321.485219305,25.694209201190205,-3.0769230769230944,25.71766808189684,-0.35,5.0,0.05,
1.7615462989997468,APPROACH,0.0,0.0,24321.485219305,25.68230716411078,-2.940170940170958,25.715401349895977,-0.35,5.0,0.05,
1.7626702210000076,APPROACH,0.0,0.0,24321.485219305,25.68230716411078,-2.940170940170958,25.71306686389405,-0.35,5.0,0.05,
1.7638578419973783,APPROACH,0.0,0.0,24321.485219305,25.674067292286566,-2.256410256410277,25.710785393895343,-0.35,5.0,0.05,
1.7649987299992063,APPROACH,0.0,0.0,24321.485219305,25.674067292286566,-2.256410256410277,25.708409355896286,-0.35,5.0,0.05,
1.766215719999309,APPROACH,0.0,0.0,24321.485219305,25.668574044403755,-1.846153846153868,25.706134549896227,-0.35,5.0,0.05,
1.7673255109984893,APPROACH,0.0,0.0,24321.485219305,25.668574044403755,-1.846153846153868,25.703730753893318,-0.35,5.0,0.05,
1.768459590999555,APPROACH,0.0,0.0,24321.496247712,25.668574044403755,-1.846153846153868,25.701480409895588,-0.35,5.0,0.05,
1.769632958999864,APPROACH,0.0,0.0,24321.496247712,25.663080796520944,-2.1196581196581405,25.699236215893755,-0.35,5.0,0.05,
1.7707937949999177,APPROACH,0.0,0.0,24321.496247712,25.663080796520944,-2.1196581196581405,25.696853219896433,-0.35,5.0,0.05,
1.7721087190002436,APPROACH,0.0,0.0,24321.496247712,25.652094300755323,-2.256410256410277,25.6945462338929,-0.35,5.0,0.05,
1.7733173359993089,APPROACH,0.0,0.0,24321.496247712,25.652094300755323,-2.256410256410277,25.69184781189076,-0.35,5.0,0.05,
1.7744882109982427,APPROACH,0.0,0.0,24321.496247712,25.652094300755323,-2.256410256410277,25.68944621389644,-0.35,5.0,0.05,
1.7757727059979516,APPROACH,0.0,0.0,24321.496247712,25.6411078049897,-1.1623931623931867,25.687161851893755,-0.35,5.0,0.05,
1.7769754949986236,APPROACH,0.0,0.0,24321.496247712,25.6411078049897,-1.1623931623931867,25.684479123892082,-0.35,5.0,0.05,
1.7782207799973548,APPROACH,0.0,0.0,24321.496247712,25.632867933165485,-1.0256410256410504,25.68218955989257,-0.35,5.0,0.05,
1.7794252509993385,APPROACH,0.0,0.0,24321.507389023,25.632867933165485,-1.0256410256410504,25.679663271891762,-0.35,5.0,0.05,
1.7805836289990111,APPROACH,0.0,0.0,24321.507389023,25.632867933165485,-1.0256410256410504,25.677267705891857,-0.35,5.0,0.05,
1.7818091819972324,APPROACH,0.0,0.0,24321.507389023,25.62005035477226,-1.0256410256410504,25.67498243589332,-0.35,5.0,0.05,
1.782981521999318,APPROACH,0.0,0.0,24321.507389023,25.62005035477226,-1.0256410256410504,25.672487299890484,-0.35,5.0,0.05,
1.7842067899982794,APPROACH,0.0,0.0,24321.507389023,25.61547264820325,-0.20512820512823282,25.670143721895577,-0.35,5.0,0.05,
1.7853559010000026,APPROACH,0.0,0.0,24321.507389023,25.61547264820325,-0.20512820512823282,25.667711827890592,-0.35,5.0,0.05,
1.7864666360001138,APPROACH,0.0,0.0,24321.507389023,25.61547264820325,-0.20512820512823282,25.66545624189282,-0.35,5.0,0.05,
1.787629439997545,APPROACH,0.0,0.0,24321.507389023,25.600823987182423,-0.20512820512823282,25.663229097889847,-0.35,5.0,0.05,
1.7887286799996218,APPROACH,0.0,0.0,24321.507389023,25.600823987182423,-0.20512820512823282,25.66090520389232,-0.35,5.0,0.05,
1.7898985409992747,APPROACH,0.0,0.0,24321.518334185,25.595330739299612,0.20512820512823282,25.658695087892987,-0.35,5.0,0.05,
1.791051708998566,APPROACH,0.0,0.0,24321.518334185,25.595330739299612,0.20512820512823282,25.656321695890504,-0.35,5.0,0.05,
1.7921981299987237,APPROACH,0.0,0.0,24321.518334185,25.595330739299612,0.20512820512823282,25.654022441894334,-0.35,5.0,0.05,
1.7934007969997765,APPROACH,0.0,0.0,24321.518334185,25.592584115358207,0.3418803418803691,25.651736605891777,-0.35,5.0,0.05,
1.7945040710001194,APPROACH,0.0,0.0,24321.518334185,25.592584115358207,0.3418803418803691,25.649361855890014,-0.35,5.0,0.05,
1.7956550939998124,APPROACH,0.0,0.0,24321.518334185,25.590753032730603,-0.06837606837609655,25.6471564338947,-0.35,5.0,0.05,
1.7968049219998647,APPROACH,0.0,0.0,24321.518334185,25.590753032730603,-0.06837606837609655,25.64481113389163,-0.35,5.0,0.05,
1.7979520949993457,APPROACH,0.0,0.0,24321.518334185,25.590753032730603,-0.06837606837609655,25.642508995895035,-0.35,5.0,0.05,
1.7992756469975575,APPROACH,0.0,0.0,24321.518334185,25.582513160906387,-0.6153846153846416,25.6401730418959,-0.35,5.0,0.05,
1.8004532209997706,APPROACH,0.0,0.0,24321.518334185,25.582513160906387,-0.6153846153846416,25.637541433892032,-0.35,5.0,0.05,
1.8017629549976846,APPROACH,0.0,0.0,24321.529415813,25.57885099565118,-0.3418803418803691,25.63519832989666,-0.35,5.0,0.05,
1.802958010997827,APPROACH,0.0,0.0,24321.529415813,25.57885099565118,-0.3418803418803691,25.63252913989097,-0.35,5.0,0.05,
1.804186719997233,APPROACH,0.0,0.0,24321.529415813,25.57335774776837,-0.3418803418803691,25.630205875896785,-0.35,5.0,0.05,
1.8053288749979401,APPROACH,0.0,0.0,24321.529415813,25.57335774776837,-0.3418803418803691,25.627755439892347,-0.35,5.0,0.05,
1.8064500459986448,APPROACH,0.0,0.0,24321.529415813,25.57335774776837,-0.3418803418803691,25.62548607989563,-0.35,5.0,0.05,
1.8076428700005636,APPROACH,0.0,0.0,24321.529415813,25.569695582513162,-0.6153846153846416,25.623318495892157,-0.35,5.0,0.05,
1.8088034949978464,APPROACH,0.0,0.0,24321.529415813,25.569695582513162,-0.6153846153846416,25.62080460789118,-0.35,5.0,0.05,
1.8100869849986339,APPROACH,0.0,0.0,24321.529415813,25.565117875944154,-0.8888888888889142,25.618504869891034,-0.35,5.0,0.05,
1.8112881489978463,APPROACH,0.0,0.0,24321.529415813,25.565117875944154,-0.8888888888889142,25.615898123892542,-0.35,5.0,0.05,
1.812432569997327,APPROACH,0.0,0.0,24321.540258851,25.565117875944154,-0.8888888888889142,25.613558067890402,-0.35,5.0,0.05,
1.8136080109979957,APPROACH,0.0,0.0,24321.540258851,25.556878004119937,-0.7521367521367779,25.611301251891994,-0.35,5.0,0.05,
1.8147851779976918,APPROACH,0.0,0.0,24321.540258851,25.556878004119937,-0.7521367521367779,25.60890092189336,-0.35,5.0,0.05,
1.815987669997412,APPROACH,0.0,0.0,24321.540258851,25.55321583886473,-0.6153846153846416,25.606559489891218,-0.35,5.0,0.05,
1.8171381419997488,APPROACH,0.0,0.0,24321.540258851,25.55321583886473,-0.6153846153846416,25.60415015989681,-0.35,5.0,0.05,
1.8183193699987896,APPROACH,0.0,0.0,24321.540258851,25.55321583886473,-0.6153846153846416,25.60183182989683,-0.35,5.0,0.05,
1.8195174419997784,APPROACH,0.0,0.0,24321.540258851,25.54772259098192,-0.7521367521367779,25.599503491889912,-0.35,5.0,0.05,
1.8206847449982888,APPROACH,0.0,0.0,24321.540258851,25.54772259098192,-0.7521367521367779,25.5971116178928,-0.35,5.0,0.05,
1.8219042550008453,APPROACH,0.0,0.0,24321.540258851,25.544975967040514,-1.0256410256410504,25.5946831878912,-0.35,5.0,0.05,
1.8230839190000552,APPROACH,0.0,0.0,24321.551389041,25.544975967040514,-1.0256410256410504,25.592279355894128,-0.35,5.0,0.05,
1.8242480019980576,APPROACH,0.0,0.0,24321.551389041,25.544975967040514,-1.0256410256410504,25.589944307889958,-0.35,5.0,0.05,
1.8255563200000324,APPROACH,0.0,0.0,24321.551389041,25.535820553902496,-1.1623931623931867,25.58757952589192,-0.35,5.0,0.05,
1.826685454998369,APPROACH,0.0,0.0,24321.551389041,25.535820553902496,-1.1623931623931867,25.585031649892038,-0.35,5.0,0.05,
1.8278805009977077,APPROACH,0.0,0.0,24321.551389041,25.525749599450677,-0.7521367521367779,25.582757983896293,-0.35,5.0,0.05,
1.8290102749997459,APPROACH,0.0,0.0,24321.551389041,25.525749599450677,-0.7521367521367779,25.580386305891146,-0.35,5.0,0.05,
1.8301612180002849,APPROACH,0.0,0.0,24321.551389041,25.525749599450677,-0.7521367521367779,25.578087619892607,-0.35,5.0,0.05,
1.8314884479987086,APPROACH,0.0,0.0,24321.551389041,25.521171892881668,-0.20512820512823282,25.575797189894068,-0.35,5.0,0.05,
1.8326208109974687,APPROACH,0.0,0.0,24321.551389041,25.521171892881668,-0.20512820512823282,25.573139561894344,-0.35,5.0,0.05,
1.8338860730000306,APPROACH,0.0,0.0,24321.562332008,25.520256351567866,-0.7521367521367779,25.570897409890016,-0.35,5.0,0.05,
1.8350722020004469,APPROACH,0.0,0.0,24321.562332008,25.520256351567866,-0.7521367521367779,25.568285687893216,-0.35,5.0,0.05,
1.8362186150006892,APPROACH,0.0,0.0,24321.562332008,25.520256351567866,-0.7521367521367779,25.565980817890953,-0.35,5.0,0.05,
1.83746728999904,APPROACH,0.0,0.0,24321.562332008,25.515678644998857,-1.4358974358974592,25.56368110589508,-0.35,5.0,0.05,
1.838583099997777,APPROACH,0.0,0.0,24321.562332008,25.515678644998857,-1.4358974358974592,25.561214337890554,-0.35,5.0,0.05,
1.839767679997749,APPROACH,0.0,0.0,24321.562332008,25.51201647974365,-1.4358974358974592,25.558996079890925,-0.35,5.0,0.05,
1.84092074399814,APPROACH,0.0,0.0,24321.562332008,25.51201647974365,-1.4358974358974592,25.556578753895586,-0.35,5.0,0.05,
1.8420967479978572,APPROACH,0.0,0.0,24321.562332008,25.502861066605632,-1.299145299145323,25.55431548989261,-0.35,5.0,0.05,
1.8432417389994953,APPROACH,0.0,0.0,24321.562332008,25.502861066605632,-1.299145299145323,25.55193511789664,-0.35,5.0,0.05,
1.8443418940005358,APPROACH,0.0,0.0,24321.562332008,25.502861066605632,-1.299145299145323,25.549675603893114,-0.35,5.0,0.05,
1.8455118210004002,APPROACH,0.0,0.0,24321.573310612,25.49736781872282,-1.1623931623931867,25.547471365892555,-0.35,5.0,0.05,
1.8466254169979948,APPROACH,0.0,0.0,24321.573310612,25.49736781872282,-1.1623931623931867,25.545133803892234,-0.35,5.0,0.05,
1.8478060130000813,APPROACH,0.0,0.0,24321.573310612,25.493705653467615,-1.0256410256410504,25.542875543892727,-0.35,5.0,0.05,
1.8489583209993725,APPROACH,0.0,0.0,24321.573310612,25.493705653467615,-1.0256410256410504,25.540511037893587,-0.35,5.0,0.05,
1.8501049199985573,APPROACH,0.0,0.0,24321.573310612,25.493705653467615,-1.0256410256410504,25.538209367893863,-0.35,5.0,0.05,
1.851330188997963,APPROACH,0.0,0.0,24321.573310612,25.483634699015795,-1.1623931623931867,25.535883383892063,-0.35,5.0,0.05,
1.8524556550000852,APPROACH,0.0,0.0,24321.573310612,25.483634699015795,-1.1623931623931867,25.53348708989622,-0.35,5.0,0.05,
1.8536070139998628,APPROACH,0.0,0.0,24321.573310612,25.474479285877777,-1.0256410256410504,25.531248491891596,-0.35,5.0,0.05,
1.8547167389988317,APPROACH,0.0,0.0,24321.573310612,25.474479285877777,-1.0256410256410504,25.528946525891364,-0.35,5.0,0.05,
1.8558688709999842,APPROACH,0.0,0.0,24321.584279848,25.474479285877777,-1.0256410256410504,25.526664301892446,-0.35,5.0,0.05,
1.8570803939983307,APPROACH,0.0,0.0,24321.584279848,25.468986037994966,-0.06837606837609655,25.524382059892808,-0.35,5.0,0.05,
1.858228525998129,APPROACH,0.0,0.0,24321.584279848,25.468986037994966,-0.06837606837609655,25.521958697894,-0.35,5.0,0.05,
1.8594248549998156,APPROACH,0.0,0.0,24321.584279848,25.461661707484552,-0.20512820512823282,25.51966545589064,-0.35,5.0,0.05,
1.8605257739982335,APPROACH,0.0,0.0,24321.584279848,25.461661707484552,-0.20512820512823282,25.517316315891797,-0.35,5.0,0.05,
1.861626908998005,APPROACH,0.0,0.0,24321.584279848,25.461661707484552,-0.20512820512823282,25.51511900789162,-0.35,5.0,0.05,
1.8628383670002222,APPROACH,0.0,0.0,24321.584279848,25.447013046463724,-0.20512820512823282,25.512872191896598,-0.35,5.0,0.05,
1.8639772899987292,APPROACH,0.0,0.0,24321.584279848,25.447013046463724,-0.20512820512823282,25.510443479893432,-0.35,5.0,0.05,
1.8651270949994796,APPROACH,0.0,0.0,24321.584279848,25.44426642252232,0.3418803418803691,25.50821330189617,-0.35,5.0,0.05,
1.866257482997753,APPROACH,0.0,0.0,24321.584279848,25.44426642252232,0.3418803418803691,25.50590486788976,-0.35,5.0,0.05,
1.86744004099819,APPROACH,0.0,0.0,24321.595301294,25.44426642252232,0.3418803418803691,25.5035946038927,-0.35,5.0,0.05,
1.8686866619973443,APPROACH,0.0,0.0,24321.595301294,25.443350881208517,0.3418803418803691,25.501219097889837,-0.35,5.0,0.05,
1.8698442909990263,APPROACH,0.0,0.0,24321.595301294,25.443350881208517,0.3418803418803691,25.49874854589259,-0.35,5.0,0.05,
1.8710960669995984,APPROACH,0.0,0.0,24321.595301294,25.442435339894715,-0.8888888888889142,25.49643174989003,-0.35,5.0,0.05,
1.8722661629981303,APPROACH,0.0,0.0,24321.595301294,25.442435339894715,-0.8888888888889142,25.493898841895565,-0.35,5.0,0.05,
1.8733878469975025,APPROACH,0.0,0.0,24321.595301294,25.442435339894715,-0.8888888888889142,25.49161914589174,-0.35,5.0,0.05,
1.874573805998807,APPROACH,0.0,0.0,24321.595301294,25.437857633325706,-1.0256410256410504,25.489378783896676,-0.35,5.0,0.05,
1.875711627999408,APPROACH,0.0,0.0,24321.595301294,25.437857633325706,-1.0256410256410504,25.486979787893937,-0.35,5.0,0.05,
1.876953915998456,APPROACH,0.0,0.0,24321.595301294,25.4351110093843,-1.0256410256410504,25.484625761893106,-0.35,5.0,0.05,
1.8781024799973238,APPROACH,0.0,0.0,24321.606449955,25.4351110093843,-1.0256410256410504,25.482209867893538,-0.35,5.0,0.05,
1.8793036459974246,APPROACH,0.0,0.0,24321.606449955,25.431448844129093,-1.4358974358974592,25.47992163589631,-0.35,5.0,0.05,
1.8804719239997212,APPROACH,0.0,0.0,24321.606449955,25.431448844129093,-1.4358974358974592,25.477592309894384,-0.35,5.0,0.05,
1.8815955389982264,APPROACH,0.0,0.0,24321.606449955,25.431448844129093,-1.4358974358974592,25.47519851389486,-0.35,5.0,0.05,
1.8829148929980875,APPROACH,0.0,0.0,24321.606449955,25.427786678873886,-1.7094017094017318,25.472871601895598,-0.35,5.0,0.05,
1.884101785999519,APPROACH,0.0,0.0,24321.606449955,25.427786678873886,-1.7094017094017318,25.470233991896087,-0.35,5.0,0.05,
1.885296495998773,APPROACH,0.0,0.0,24321.606449955,25.42412451361868,-1.7094017094017318,25.467916597889847,-0.35,5.0,0.05,
1.886474549999548,APPROACH,0.0,0.0,24321.606449955,25.42412451361868,-1.7094017094017318,25.465559955891216,-0.35,5.0,0.05,
1.887600753998413,APPROACH,0.0,0.0,24321.606449955,25.42412451361868,-1.7094017094017318,25.463185869893344,-0.35,5.0,0.05,
1.8889782229998673,APPROACH,0.0,0.0,24321.617507483,25.421377889677274,-1.9829059829060043,25.460562051893497,-0.35,5.0,0.05,
1.8901489909985685,APPROACH,0.0,0.0,24321.617507483,25.421377889677274,-1.9829059829060043,25.45816191589372,-0.35,5.0,0.05,
1.8914290360007726,APPROACH,0.0,0.0,24321.617507483,25.41954680704967,-2.256410256410277,25.45581466189585,-0.35,5.0,0.05,
1.8925696309997875,APPROACH,0.0,0.0,24321.617507483,25.41954680704967,-2.256410256410277,25.45327876389026,-0.35,5.0,0.05,
1.8936914589976368,APPROACH,0.0,0.0,24321.617507483,25.41954680704967,-2.256410256410277,25.45101081989676,-0.35,5.0,0.05,
1.8949136919982266,APPROACH,0.0,0.0,24321.617507483,25.415884641794463,-2.803418803418822,25.448733183891157,-0.35,5.0,0.05,
1.8960779650005861,APPROACH,0.0,0.0,24321.617507483,25.415884641794463,-2.803418803418822,25.446282487894926,-0.35,5.0,0.05,
1.897268279997661,APPROACH,0.0,0.0,24321.617507483,25.41405355916686,-2.940170940170958,25.443967879896512,-0.35,5.0,0.05,
1.898489707000408,APPROACH,0.0,0.0,24321.617507483,25.41405355916686,-2.940170940170958,25.441531399891822,-0.35,5.0,0.05,
1.899737006999203,APPROACH,0.0,0.0,24321.628321893,25.41405355916686,-2.940170940170958,25.438938527893036,-0.35,5.0,0.05,
1.9010494549984287,APPROACH,0.0,0.0,24321.628321893,25.412222476539256,-3.350427350427367,25.43661914389056,-0.35,5.0,0.05,
1.9022678019973682,APPROACH,0.0,0.0,24321.628321893,25.412222476539256,-3.350427350427367,25.43395969989185,-0.35,5.0,0.05,
1.9034834560006857,APPROACH,0.0,0.0,24321.628321893,25.410391393911652,-3.7606837606837757,25.43157107789127,-0.35,5.0,0.05,
1.9046037049993174,APPROACH,0.0,0.0,24321.628321893,25.410391393911652,-3.7606837606837757,25.429190241892933,-0.35,5.0,0.05,
1.9057615620004071,APPROACH,0.0,0.0,24321.628321893,25.410391393911652,-3.7606837606837757,25.426911171890673,-0.35,5.0,0.05,
1.906998949998524,APPROACH,0.0,0.0,24321.628321893,25.407644769970247,-4.1709401709401845,25.424596375896066,-0.35,5.0,0.05,
1.9081258900005196,APPROACH,0.0,0.0,24321.628321893,25.407644769970247,-4.1709401709401845,25.422156289890403,-0.35,5.0,0.05,
1.9093174039990117,APPROACH,0.0,0.0,24321.628321893,25.40489814602884,-4.307692307692321,25.41987470789288,-0.35,5.0,0.05,
1.9103840360003232,APPROACH,0.0,0.0,24321.628321893,25.40489814602884,-4.307692307692321,25.417618247892527,-0.35,5.0,0.05,
1.911534749000566,APPROACH,0.0,0.0,24321.639386233,25.40489814602884,-4.307692307692321,25.415382703891076,-0.35,5.0,0.05,
1.9127172160006012,APPROACH,0.0,0.0,24321.639386233,25.400320439459833,-4.581196581196593,25.413081873893383,-0.35,5.0,0.05,
1.9139151989984384,APPROACH,0.0,0.0,24321.639386233,25.400320439459833,-4.581196581196593,25.41070779589179,-0.35,5.0,0.05,
1.9151572329974442,APPROACH,0.0,0.0,24321.639386233,25.397573815518427,-4.854700854700866,25.408248525892553,-0.35,5.0,0.05,
1.9163232339997194,APPROACH,0.0,0.0,24321.639386233,25.397573815518427,-4.854700854700866,25.405808841890824,-0.35,5.0,0.05,
1.9174967309991189,APPROACH,0.0,0.0,24321.639386233,25.392080567635617,-4.854700854700866,25.403495915890083,-0.35,5.0,0.05,
1.9187101719981001,APPROACH,0.0,0.0,24321.639386233,25.392080567635617,-4.854700854700866,25.40108654589246,-0.35,5.0,0.05,
1.9198380089983402,APPROACH,0.0,0.0,24321.639386233,25.392080567635617,-4.854700854700866,25.39871168589277,-0.35,5.0,0.05,
1.9211181069986196,APPROACH,0.0,0.0,24321.639386233,25.384756237125202,-4.991452991453002,25.39646826189098,-0.35,5.0,0.05,
1.9223106450008345,APPROACH,0.0,0.0,24321.650417664,25.384756237125202,-4.991452991453002,25.393847137894475,-0.35,5.0,0.05,
1.9234483580003143,APPROACH,0.0,0.0,24321.650417664,25.374685282673383,-4.71794871794873,25.391617543894675,-0.35,5.0,0.05,
1.9246353159978753,APPROACH,0.0,0.0,24321.650417664,25.374685282673383,-4.71794871794873,25.38919114989519,-0.35,5.0,0.05,
1.9258711639995454,APPROACH,0.0,0.0,24321.650417664,25.374685282673383,-4.71794871794873,25.38678841989283,-0.35,5.0,0.05,
1.92716438899879,APPROACH,0.0,0.0,24321.650417664,25.371023117418176,-4.034188034188048,25.384343539889663,-0.35,5.0,0.05,
1.9283922799986613,APPROACH,0.0,0.0,24321.650417664,25.371023117418176,-4.034188034188048,25.381735837895825,-0.35,5.0,0.05,
1.9295631419990968,APPROACH,0.0,0.0,24321.650417664,25.369192034790572,-4.444444444444457,25.379350359894737,-0.35,5.0,0.05,
1.9306808649998857,APPROACH,0.0,0.0,24321.650417664,25.369192034790572,-4.444444444444457,25.37703687589353,-0.35,5.0,0.05,
1.9318657789990539,APPROACH,0.0,0.0,24321.650417664,25.369192034790572,-4.444444444444457,25.374763551896898,-0.35,5.0,0.05,
1.9331089529987366,APPROACH,0.0,0.0,24321.661392473,25.361867704280158,-5.128205128205138,25.37235982389509,-0.35,5.0,0.05,
1.9342595470006927,APPROACH,0.0,0.0,24321.661392473,25.361867704280158,-5.128205128205138,25.369931125890865,-0.35,5.0,0.05,
1.935502568998345,APPROACH,0.0,0.0,24321.661392473,25.355458915083545,-4.854700854700866,25.36757657189562,-0.35,5.0,0.05,
1.9366335079976125,APPROACH,0.0,0.0,24321.661392473,25.355458915083545,-4.854700854700866,25.365155525892327,-0.35,5.0,0.05,
1.9377982359983434,APPROACH,0.0,0.0,24321.661392473,25.355458915083545,-4.854700854700866,25.362860007896664,-0.35,5.0,0.05,
1.9390209979974316,APPROACH,0.0,0.0,24321.661392473,25.350881208514537,-4.444444444444457,25.36052777189004,-0.35,5.0,0.05,
1.940207196999836,APPROACH,0.0,0.0,24321.661392473,25.350881208514537,-4.444444444444457,25.358037293889787,-0.35,5.0,0.05,
1.9414075759996194,APPROACH,0.0,0.0,24321.661392473,25.34721904325933,-4.71794871794873,25.355729883894377,-0.35,5.0,0.05,
1.9425155309982074,APPROACH,0.0,0.0,24321.661392473,25.34721904325933,-4.71794871794873,25.353347201891005,-0.35,5.0,0.05,
1.943875829998433,APPROACH,0.0,0.0,24321.672424565,25.34721904325933,-4.71794871794873,25.35069514589238,-0.35,5.0,0.05,
1.9451726469997084,APPROACH,0.0,0.0,24321.672424565,25.34264133669032,-5.128205128205138,25.34836337589629,-0.35,5.0,0.05,
1.9463450309995096,APPROACH,0.0,0.0,24321.672424565,25.34264133669032,-5.128205128205138,25.345758829892723,-0.35,5.0,0.05,
1.9474954049983353,APPROACH,0.0,0.0,24321.672424565,25.339894712748915,-5.264957264957275,25.343476141891436,-0.35,5.0,0.05,
1.948605473000498,APPROACH,0.0,0.0,24321.672424565,25.339894712748915,-5.264957264957275,25.34117306389205,-0.35,5.0,0.05,
1.9497514799986675,APPROACH,0.0,0.0,24321.672424565,25.339894712748915,-5.264957264957275,25.338918861890555,-0.35,5.0,0.05,
1.9509612340007152,APPROACH,0.0,0.0,24321.672424565,25.336232547493708,-5.538461538461547,25.336628795893624,-0.35,5.0,0.05,
1.9521150039981876,APPROACH,0.0,0.0,24321.672424565,25.336232547493708,-5.538461538461547,25.33420620389486,-0.35,5.0,0.05,
1.9533173169984366,APPROACH,0.0,0.0,24321.672424565,25.336232547493708,-5.81196581196582,25.33189485589653,-0.35,5.0,0.05,
1.95438328399905,APPROACH,0.0,0.0,24321.672424565,25.336232547493708,-5.81196581196582,25.32961709189228,-0.35,5.0,0.05,
1.9555819390006945,APPROACH,0.0,0.0,24321.683477781,25.334401464866104,-6.358974358974365,25.327391683896415,-0.35,5.0,0.05,
1.9567425860004732,APPROACH,0.0,0.0,24321.683477781,25.334401464866104,-6.358974358974365,25.32494358189549,-0.35,5.0,0.05,
1.9578931340001873,APPROACH,0.0,0.0,24321.683477781,25.334401464866104,-6.358974358974365,25.322646305890224,-0.35,5.0,0.05,
1.9590733279983397,APPROACH,0.0,0.0,24321.683477781,25.3316548409247,-6.769230769230774,25.32034762589435,-0.35,5.0,0.05,
1.9602221049972286,APPROACH,0.0,0.0,24321.683477781,25.3316548409247,-6.769230769230774,25.317974441889668,-0.35,5.0,0.05,
1.9614090229988506,APPROACH,0.0,0.0,24321.683477781,25.329823758297096,-6.769230769230774,25.315689343894768,-0.35,5.0,0.05,
1.9625274819991319,APPROACH,0.0,0.0,24321.683477781,25.329823758297096,-6.769230769230774,25.313344271891104,-0.35,5.0,0.05,
1.9636434089989052,APPROACH,0.0,0.0,24321.683477781,25.329823758297096,-6.769230769230774,25.311105953894433,-0.35,5.0,0.05,
1.9648268889977771,APPROACH,0.0,0.0,24321.683477781,25.325246051728087,-7.042735042735046,25.30884090789302,-0.35,5.0,0.05,
1.9660325910008396,APPROACH,0.0,0.0,24321.694641815,25.325246051728087,-7.042735042735046,25.306293315895594,-0.35,5.0,0.05,
1.9672792729979847,APPROACH,0.0,0.0,24321.694641815,25.32249942778668,-7.316239316239319,25.304035985894437,-0.35,5.0,0.05,
1.9684441619974677,APPROACH,0.0,0.0,24321.694641815,25.32249942778668,-7.316239316239319,25.30155423589283,-0.35,5.0,0.05,
1.9695455330002005,APPROACH,0.0,0.0,24321.694641815,25.32249942778668,-7.316239316239319,25.29927798789256,-0.35,5.0,0.05,
1.9707544909979333,APPROACH,0.0,0.0,24321.694641815,25.315175097276267,-7.316239316239319,25.297045043896354,-0.35,5.0,0.05,
1.971977440000046,APPROACH,0.0,0.0,24321.694641815,25.315175097276267,-7.316239316239319,25.29456501189386,-0.35,5.0,0.05,
1.9732316059998993,APPROACH,0.0,0.0,24321.694641815,25.303273060196844,-7.179487179487182,25.292133941891073,-0.35,5.0,0.05,
1.9743875169988314,APPROACH,0.0,0.0,24321.694641815,25.303273060196844,-7.179487179487182,25.28968356389057,-0.35,5.0,0.05,
1.9755276609976136,APPROACH,0.0,0.0,24321.694641815,25.303273060196844,-7.179487179487182,25.287362973890843,-0.35,5.0,0.05,
1.9770715079976071,APPROACH,0.0,0.0,24321.705554077,25.293202105745024,-6.085470085470092,25.284456511895108,-0.35,5.0,0.05,
1.9782736300003307,APPROACH,0.0,0.0,24321.705554077,25.293202105745024,-6.085470085470092,25.281926181896118,-0.35,5.0,0.05,
1.9796495049995428,APPROACH,0.0,0.0,24321.705554077,25.282215609979403,-5.948717948717956,25.27946764189371,-0.35,5.0,0.05,
1.9808465669993893,APPROACH,0.0,0.0,24321.705554077,25.282215609979403,-5.948717948717956,25.276743831892666,-0.35,5.0,0.05,
1.9819792470007087,APPROACH,0.0,0.0,24321.705554077,25.282215609979403,-5.948717948717956,25.274431213890487,-0.35,5.0,0.05,
1.9832331869984046,APPROACH,0.0,0.0,24321.705554077,25.263904783703367,-4.854700854700866,25.27219665989221,-0.35,5.0,0.05,
1.9843855119979708,APPROACH,0.0,0.0,24321.705554077,25.263904783703367,-4.854700854700866,25.269660669896687,-0.35,5.0,0.05,
1.9855523149999499,APPROACH,0.0,0.0,24321.705554077,25.248340581368737,-4.1709401709401845,25.267380711892905,-0.35,5.0,0.05,
1.9866618599990034,APPROACH,0.0,0.0,24321.705554077,25.248340581368737,-4.1709401709401845,25.265057411890005,-0.35,5.0,0.05,
1.9878897859998688,APPROACH,0.0,0.0,24321.716492499,25.248340581368737,-4.1709401709401845,25.262597391892335,-0.35,5.0,0.05,
1.9890840299995034,APPROACH,0.0,0.0,24321.716492499,25.2291142137789,-2.803418803418822,25.260353699895198,-0.35,5.0,0.05,
1.9902704179985449,APPROACH,0.0,0.0,24321.716492499,25.2291142137789,-2.803418803418822,25.257977657894365,-0.35,5.0,0.05,
1.9915415639989078,APPROACH,0.0,0.0,24321.716492499,25.211718928816666,-1.9829059829060043,25.255524955894792,-0.35,5.0,0.05,
1.9926519489999919,APPROACH,0.0,0.0,24321.716492499,25.211718928816666,-1.9829059829060043,25.253071037893527,-0.35,5.0,0.05,
1.9939699759997893,APPROACH,0.0,0.0,24321.716492499,25.18242160677501,0.3418803418803691,25.250763027893548,-0.35,5.0,0.05,
1.9951567009993596,APPROACH,0.0,0.0,24321.716492499,25.18242160677501,0.3418803418803691,25.24817154989548,-0.35,5.0,0.05,
1.9965459649974946,APPROACH,0.0,0.0,24321.716492499,25.18242160677501,0.3418803418803691,25.245521423895546,-0.35,5.0,0.05,
1.9978444119988126,APPROACH,0.0,0.0,24321.716492499,25.164110780498973,1.4358974358974592,25.24297262989537,-0.35,5.0,0.05,
1.9991184969985625,APPROACH,0.0,0.0,24321.727472077,25.164110780498973,1.4358974358974592,25.240221095891023,-0.35,5.0,0.05,
2.000398746000428,APPROACH,0.0,0.0,24321.727472077,25.145799954222937,2.940170940170958,25.237857207889896,-0.35,5.0,0.05,
2.0015723779979453,APPROACH,0.0,0.0,24321.727472077,25.145799954222937,2.940170940170958,25.23533409189374,-0.35,5.0,0.05,
2.002781809998851,APPROACH,0.0,0.0,24321.727472077,25.145799954222937,2.940170940170958,25.23297540789033,-0.35,5.0,0.05,
2.0041633369983174,APPROACH,0.0,0.0,24321.727472077,25.123826962691695,4.034188034188048,25.230452809891425,-0.35,5.0,0.05,
2.0053477980000025,APPROACH,0.0,0.0,24321.727472077,25.123826962691695,4.034188034188048,25.227780175891233,-0.35,5.0,0.05,
2.006610093998461,APPROACH,0.0,0.0,24321.727472077,25.11650263218128,4.71794871794873,25.225359327895852,-0.35,5.0,0.05,
2.007768365998345,APPROACH,0.0,0.0,24321.727472077,25.11650263218128,4.71794871794873,25.222912705890188,-0.35,5.0,0.05,
2.009004499999719,APPROACH,0.0,0.0,24321.727472077,25.11650263218128,4.71794871794873,25.220498431889858,-0.35,5.0,0.05,
2.0103425109991804,APPROACH,0.0,0.0,24321.738407199,25.107347219043262,4.854700854700866,25.218035459890665,-0.35,5.0,0.05,
2.011494764999952,APPROACH,0.0,0.0,24321.738407199,25.107347219043262,4.854700854700866,25.21545873989205,-0.35,5.0,0.05,
2.012710405000689,APPROACH,0.0,0.0,24321.738407199,25.10643167772946,4.71794871794873,25.2131621198944,-0.35,5.0,0.05,
2.0139120029998594,APPROACH,0.0,0.0,24321.738407199,25.10643167772946,4.71794871794873,25.21062483789253,-0.35,5.0,0.05,
2.0152953090000665,APPROACH,0.0,0.0,24321.738407199,25.10643167772946,4.71794871794873,25.208044797896285,-0.35,5.0,0.05,
2.0167018879983516,APPROACH,0.0,0.0,24321.738407199,25.107347219043262,3.897435897435912,25.205350897894526,-0.35,5.0,0.05,
2.0178685799983214,APPROACH,0.0,0.0,24321.738407199,25.107347219043262,3.897435897435912,25.20271919989434,-0.35,5.0,0.05,
2.0190958339990175,APPROACH,0.0,0.0,24321.738407199,25.108262760357064,3.2136752136752307,25.200400117895036,-0.35,5.0,0.05,
2.0204264679996413,APPROACH,0.0,0.0,24321.738407199,25.108262760357064,3.2136752136752307,25.19765895589196,-0.35,5.0,0.05,
2.0215968800002884,APPROACH,0.0,0.0,24321.749392735,25.108262760357064,3.2136752136752307,25.195259721892647,-0.35,5.0,0.05,
2.022934020998946,APPROACH,0.0,0.0,24321.749392735,25.107347219043262,2.5299145299145493,25.19294577189546,-0.35,5.0,0.05,
2.02415576400017,APPROACH,0.0,0.0,24321.749392735,25.107347219043262,2.5299145299145493,25.190230211891752,-0.35,5.0,0.05,
2.0256154609996884,APPROACH,0.0,0.0,24321.749392735,25.107347219043262,2.1196581196581405,25.187587723893806,-0.35,5.0,0.05,
2.0267881719992147,APPROACH,0.0,0.0,24321.749392735,25.107347219043262,2.1196581196581405,25.18487803989526,-0.35,5.0,0.05,
2.027938446997723,APPROACH,0.0,0.0,24321.749392735,25.107347219043262,2.1196581196581405,25.182564437892573,-0.35,5.0,0.05,
2.0292878469990683,APPROACH,0.0,0.0,24321.749392735,25.10643167772946,1.299145299145323,25.18003942789189,-0.35,5.0,0.05,
2.0305909470007464,APPROACH,0.0,0.0,24321.749392735,25.10643167772946,1.299145299145323,25.177355725894152,-0.35,5.0,0.05,
2.0319645259987738,APPROACH,0.0,0.0,24321.760416068,25.10643167772946,0.8888888888889142,25.174665543892182,-0.35,5.0,0.05,
2.033121977998235,APPROACH,0.0,0.0,24321.760416068,25.10643167772946,0.8888888888889142,25.17219426389172,-0.35,5.0,0.05,
2.0344972780003445,APPROACH,0.0,0.0,24321.760416068,25.10551613641566,0.3418803418803691,25.16987448389525,-0.35,5.0,0.05,
2.035681023997313,APPROACH,0.0,0.0,24321.760416068,25.10551613641566,0.3418803418803691,25.16709183189348,-0.35,5.0,0.05,
2.0368845739976678,APPROACH,0.0,0.0,24321.760416068,25.10551613641566,0.3418803418803691,25.164681675895984,-0.35,5.0,0.05,
2.0382640169991646,APPROACH,0.0,0.0,24321.760416068,25.10551613641566,-0.20512820512823282,25.162345823891222,-0.35,5.0,0.05,
2.039481223997427,APPROACH,0.0,0.0,24321.760416068,25.10551613641566,-0.20512820512823282,25.159585283895716,-0.35,5.0,0.05,
2.0407943589998467,APPROACH,0.0,0.0,24321.760416068,25.104600595101857,-0.6153846153846416,25.157127987892885,-0.35,5.0,0.05,
2.042072336000274,APPROACH,0.0,0.0,24321.760416068,25.104600595101857,-0.6153846153846416,25.15428636989352,-0.35,5.0,0.05,
2.0432462360004138,APPROACH,0.0,0.0,24321.771449049,25.104600595101857,-0.6153846153846416,25.15198400189663,-0.35,5.0,0.05,
2.0446148949995404,APPROACH,0.0,0.0,24321.771449049,25.102769512474254,-1.1623931623931867,25.149536483893165,-0.35,5.0,0.05,
2.045888868997281,APPROACH,0.0,0.0,24321.771449049,25.102769512474254,-1.1623931623931867,25.146848583893437,-0.35,5.0,0.05,
2.04725573199903,APPROACH,0.0,0.0,24321.771449049,25.10093842984665,-1.5726495726495955,25.144101955892687,-0.35,5.0,0.05,
2.048462689999724,APPROACH,0.0,0.0,24321.771449049,25.10093842984665,-1.5726495726495955,25.141592075896618,-0.35,5.0,0.05,
2.049656696999591,APPROACH,0.0,0.0,24321.771449049,25.10093842984665,-1.5726495726495955,25.139165105895948,-0.35,5.0,0.05,
2.050992402000702,APPROACH,0.0,0.0,24321.771449049,25.098191805905245,-2.1196581196581405,25.136756395893165,-0.35,5.0,0.05,
2.052280981999502,APPROACH,0.0,0.0,24321.771449049,25.098191805905245,-2.1196581196581405,25.133887879893585,-0.35,5.0,0.05,
2.053539100998023,APPROACH,0.0,0.0,24321.771449049,25.094529640650038,-2.256410256410277,25.131604851894075,-0.35,5.0,0.05,
2.054731141997763,APPROACH,0.0,0.0,24321.782426244,25.094529640650038,-2.256410256410277,25.12898404189152,-0.35,5.0,0.05,
2.055942104998394,APPROACH,0.0,0.0,24321.782426244,25.094529640650038,-2.256410256410277,25.126657603891793,-0.35,5.0,0.05,
2.057234553998569,APPROACH,0.0,0.0,24321.782426244,25.087205310139623,-2.256410256410277,25.124217021891376,-0.35,5.0,0.05,
2.058454404999793,APPROACH,0.0,0.0,24321.782426244,25.087205310139623,-2.256410256410277,25.121581215892796,-0.35,5.0,0.05,
2.0596954049979104,APPROACH,0.0,0.0,24321.782426244,25.082627603570614,-2.256410256410277,25.11920384188968,-0.35,5.0,0.05,
2.0608670879992133,APPROACH,0.0,0.0,24321.782426244,25.082627603570614,-2.256410256410277,25.116712639895262,-0.35,5.0,0.05,
2.062013824997848,APPROACH,0.0,0.0,24321.782426244,25.082627603570614,-2.256410256410277,25.11441057189338,-0.35,5.0,0.05,
2.0632369839986495,APPROACH,0.0,0.0,24321.782426244,25.08079652094301,-2.393162393162413,25.112101163890905,-0.35,5.0,0.05,
2.0643415749982523,APPROACH,0.0,0.0,24321.782426244,25.08079652094301,-2.393162393162413,25.109677393892774,-0.35,5.0,0.05,
2.065496423998411,APPROACH,0.0,0.0,24321.793441153,25.078049897001605,-2.803418803418822,25.107472753895557,-0.35,5.0,0.05,
2.0666699789981067,APPROACH,0.0,0.0,24321.793441153,25.078049897001605,-2.803418803418822,25.105161365894013,-0.35,5.0,0.05,
2.0678201589980745,APPROACH,0.0,0.0,24321.793441153,25.078049897001605,-2.803418803418822,25.10277789189538,-0.35,5.0,0.05,
2.0689969429986377,APPROACH,0.0,0.0,24321.793441153,25.077134355687804,-3.487179487179503,25.100526181894814,-0.35,5.0,0.05,
2.070102211997437,APPROACH,0.0,0.0,24321.793441153,25.077134355687804,-3.487179487179503,25.098167559889838,-0.35,5.0,0.05,
2.071305317000224,APPROACH,0.0,0.0,24321.793441153,25.076218814374002,-3.7606837606837757,25.09592653789266,-0.35,5.0,0.05,
2.0723963729979005,APPROACH,0.0,0.0,24321.793441153,25.076218814374002,-3.7606837606837757,25.093614797894837,-0.35,5.0,0.05,
2.0736617399998067,APPROACH,0.0,0.0,24321.793441153,25.0753032730602,-4.1709401709401845,25.09133320989465,-0.35,5.0,0.05,
2.0748326939974504,APPROACH,0.0,0.0,24321.793441153,25.0753032730602,-4.1709401709401845,25.08879397188982,-0.35,5.0,0.05,
2.0760402969972347,APPROACH,0.0,0.0,24321.804404287,25.0753032730602,-4.1709401709401845,25.086353349893464,-0.35,5.0,0.05,
2.0773639529979846,APPROACH,0.0,0.0,24321.804404287,25.0743877317464,-4.581196581196593,25.084038755893992,-0.35,5.0,0.05,
2.078557106997323,APPROACH,0.0,0.0,24321.804404287,25.0743877317464,-4.581196581196593,25.081354657894984,-0.35,5.0,0.05,
2.0798523209996347,APPROACH,0.0,0.0,24321.804404287,25.071641107804993,-4.854700854700866,25.079002887892123,-0.35,5.0,0.05,
2.0811661459993047,APPROACH,0.0,0.0,24321.804404287,25.071641107804993,-4.854700854700866,25.076351247896376,-0.35,5.0,0.05,
2.0824025939982675,APPROACH,0.0,0.0,24321.804404287,25.071641107804993,-4.854700854700866,25.073738023894542,-0.35,5.0,0.05,
2.0836802319972776,APPROACH,0.0,0.0,24321.804404287,25.067063401235984,-5.264957264957275,25.07130802989675,-0.35,5.0,0.05,
2.0848486479990243,APPROACH,0.0,0.0,24321.804404287,25.067063401235984,-5.264957264957275,25.068768687896657,-0.35,5.0,0.05,
2.086206903997663,APPROACH,0.0,0.0,24321.804404287,25.063401235980777,-5.401709401709411,25.06632784989167,-0.35,5.0,0.05,
2.087572762997297,APPROACH,0.0,0.0,24321.815479916,25.063401235980777,-5.401709401709411,25.06340882789052,-0.35,5.0,0.05,
2.0887620260000404,APPROACH,0.0,0.0,24321.815479916,25.063401235980777,-5.401709401709411,25.060931301895174,-0.35,5.0,0.05,
2.090110701999947,APPROACH,0.0,0.0,24321.815479916,25.05516136415656,-5.264957264957275,25.058509941890655,-0.35,5.0,0.05,
2.0912908319987764,APPROACH,0.0,0.0,24321.815479916,25.05516136415656,-5.264957264957275,25.055884649890935,-0.35,5.0,0.05,
2.0926555160003772,APPROACH,0.0,0.0,24321.815479916,25.050583657587552,-5.128205128205138,25.05347741989069,-0.35,5.0,0.05,
2.0938242159973015,APPROACH,0.0,0.0,24321.815479916,25.050583657587552,-5.128205128205138,25.050793259893247,-0.35,5.0,0.05,
2.0950955410007737,APPROACH,0.0,0.0,24321.815479916,25.050583657587552,-5.128205128205138,25.048256357892818,-0.35,5.0,0.05,
2.096390140999574,APPROACH,0.0,0.0,24321.815479916,25.041428244449534,-5.264957264957275,25.045925823892752,-0.35,5.0,0.05,
2.0975903229991673,APPROACH,0.0,0.0,24321.815479916,25.041428244449534,-5.264957264957275,25.043318719895318,-0.35,5.0,0.05,
2.098884734998137,APPROACH,0.0,0.0,24321.826432269,25.031357289997715,-5.264957264957275,25.0409295818911,-0.35,5.0,0.05,
2.1001903279975522,APPROACH,0.0,0.0,24321.826432269,25.031357289997715,-5.264957264957275,25.038062941895326,-0.35,5.0,0.05,
2.1015057349977724,APPROACH,0.0,0.0,24321.826432269,25.031357289997715,-5.264957264957275,25.035442075889726,-0.35,5.0,0.05,
2.102830387000722,APPROACH,0.0,0.0,24321.826432269,25.024948500801102,-4.444444444444457,25.03310812989482,-0.35,5.0,0.05,
2.104146640998806,APPROACH,0.0,0.0,24321.826432269,25.024948500801102,-4.444444444444457,25.03018514989642,-0.35,5.0,0.05,
2.105605831999128,APPROACH,0.0,0.0,24321.826432269,25.01853971160449,-4.71794871794873,25.027599479895137,-0.35,5.0,0.05,
2.106824852999125,APPROACH,0.0,0.0,24321.826432269,25.01853971160449,-4.71794871794873,25.024848105896375,-0.35,5.0,0.05,
2.1081044290003774,APPROACH,0.0,0.0,24321.826432269,25.01853971160449,-4.71794871794873,25.022244543893315,-0.35,5.0,0.05,
2.1093617519982217,APPROACH,0.0,0.0,24321.837455196,25.00389105058366,-4.444444444444457,25.019904709895194,-0.35,5.0,0.05,
2.1104988499973842,APPROACH,0.0,0.0,24321.837455196,25.00389105058366,-4.444444444444457,25.017409273890074,-0.35,5.0,0.05,
2.1118161310005235,APPROACH,0.0,0.0,24321.837455196,24.999313344014645,-3.897435897435912,25.0151470158901,-0.35,5.0,0.05,
2.1130362299991248,APPROACH,0.0,0.0,24321.837455196,24.999313344014645,-3.897435897435912,25.012407739895274,-0.35,5.0,0.05,
2.1143422259992803,APPROACH,0.0,0.0,24321.837455196,24.993820096131834,-4.1709401709401845,25.010007141894015,-0.35,5.0,0.05,
2.1155683279976074,APPROACH,0.0,0.0,24321.837455196,24.993820096131834,-4.1709401709401845,25.007346831896278,-0.35,5.0,0.05,
2.116822913998476,APPROACH,0.0,0.0,24321.837455196,24.993820096131834,-4.1709401709401845,25.004961705891468,-0.35,5.0,0.05,
2.118231530999765,APPROACH,0.0,0.0,24321.837455196,24.987411306935222,-4.444444444444457,25.002420821890404,-0.35,5.0,0.05,
2.1194090280005184,APPROACH,0.0,0.0,24321.837455196,24.987411306935222,-4.444444444444457,24.99962915589392,-0.35,5.0,0.05,
2.1207466119994933,APPROACH,0.0,0.0,24321.848540334,24.980086976424808,-4.034188034188048,24.997290847889666,-0.35,5.0,0.05,
2.121962828998221,APPROACH,0.0,0.0,24321.848540334,24.980086976424808,-4.034188034188048,24.99455898589192,-0.35,5.0,0.05,
2.1232989199997974,APPROACH,0.0,0.0,24321.848540334,24.980086976424808,-4.034188034188048,24.99191889589681,-0.35,5.0,0.05,
2.1246379039985186,APPROACH,0.0,0.0,24321.848540334,24.97184710460059,-3.7606837606837757,24.989356683895743,-0.35,5.0,0.05,
2.1258104249973258,APPROACH,0.0,0.0,24321.848540334,24.97184710460059,-3.7606837606837757,24.986848633890325,-0.35,5.0,0.05,
2.127060728998913,APPROACH,0.0,0.0,24321.848540334,24.961776150148772,-3.7606837606837757,24.984497437895037,-0.35,5.0,0.05,
2.128418046999286,APPROACH,0.0,0.0,24321.848540334,24.961776150148772,-3.7606837606837757,24.981743709891155,-0.35,5.0,0.05,
2.1296295690008265,APPROACH,0.0,0.0,24321.848540334,24.961776150148772,-3.7606837606837757,24.97926964589103,-0.35,5.0,0.05,
2.131085966997489,APPROACH,0.0,0.0,24321.859495286,24.94987411306935,-2.803418803418822,24.97648610989679,-0.35,5.0,0.05,
2.132357302998571,APPROACH,0.0,0.0,24321.859495286,24.94987411306935,-2.803418803418822,24.973908055895002,-0.35,5.0,0.05,
2.1336270669999067,APPROACH,0.0,0.0,24321.859495286,24.94071869993133,-2.5299145299145493,24.97136887389322,-0.35,5.0,0.05,
2.134798700000829,APPROACH,0.0,0.0,24321.859495286,24.94071869993133,-2.5299145299145493,24.968873453895206,-0.35,5.0,0.05,
2.1359763359978388,APPROACH,0.0,0.0,24321.859495286,24.94071869993133,-2.5299145299145493,24.96650870189594,-0.35,5.0,0.05,
2.1373660509998444,APPROACH,0.0,0.0,24321.859495286,24.9251544975967,-2.256410256410277,24.963951421895466,-0.35,5.0,0.05,
2.1386314179981127,APPROACH,0.0,0.0,24321.859495286,24.9251544975967,-2.256410256410277,24.961272827896458,-0.35,5.0,0.05,
2.1399176209997677,APPROACH,0.0,0.0,24321.859495286,24.917830167086287,-1.7094017094017318,24.958829865893925,-0.35,5.0,0.05,
2.141077817999758,APPROACH,0.0,0.0,24321.859495286,24.917830167086287,-1.7094017094017318,24.956282643893495,-0.35,5.0,0.05,
2.1422672160006186,APPROACH,0.0,0.0,24321.870581143,24.917830167086287,-1.7094017094017318,24.95392453389038,-0.35,5.0,0.05,
2.1435449149976193,APPROACH,0.0,0.0,24321.870581143,24.907759212634467,-1.5726495726495955,24.95156987189082,-0.35,5.0,0.05,
2.1447027639987937,APPROACH,0.0,0.0,24321.870581143,24.907759212634467,-1.5726495726495955,24.949059909894707,-0.35,5.0,0.05,
2.1459804929982056,APPROACH,0.0,0.0,24321.870581143,24.902265964751656,-1.299145299145323,24.94673096389422,-0.35,5.0,0.05,
2.147177126000315,APPROACH,0.0,0.0,24321.870581143,24.902265964751656,-1.299145299145323,24.944150899894588,-0.35,5.0,0.05,
2.1483184409989917,APPROACH,0.0,0.0,24321.870581143,24.902265964751656,-1.299145299145323,24.941782913892233,-0.35,5.0,0.05,
2.149526760000299,APPROACH,0.0,0.0,24321.870581143,24.89402609292744,-1.299145299145323,24.939599853890535,-0.35,5.0,0.05,
2.1506531849991006,APPROACH,0.0,0.0,24321.870581143,24.89402609292744,-1.299145299145323,24.937093489891843,-0.35,5.0,0.05,
2.151817852998647,APPROACH,0.0,0.0,24321.870581143,24.886701762417026,-1.299145299145323,24.934850005892507,-0.35,5.0,0.05,
2.1529695089993766,APPROACH,0.0,0.0,24321.881549792,24.886701762417026,-1.299145299145323,24.932454293893237,-0.35,5.0,0.05,
2.154223967998405,APPROACH,0.0,0.0,24321.881549792,24.880292973220413,-1.0256410256410504,24.930180561890005,-0.35,5.0,0.05,
2.1553886769979727,APPROACH,0.0,0.0,24321.881549792,24.880292973220413,-1.0256410256410504,24.927671883896686,-0.35,5.0,0.05,
2.1565235300004133,APPROACH,0.0,0.0,24321.881549792,24.880292973220413,-1.0256410256410504,24.925374903891928,-0.35,5.0,0.05,
2.157740927999839,APPROACH,0.0,0.0,24321.881549792,24.877546349279008,-0.8888888888889142,24.92310559589648,-0.35,5.0,0.05,
2.158938191998459,APPROACH,0.0,0.0,24321.881549792,24.877546349279008,-0.8888888888889142,24.920584089895122,-0.35,5.0,0.05,
2.1601638499996625,APPROACH,0.0,0.0,24321.881549792,24.87296864271,-1.299145299145323,24.91822766188968,-0.35,5.0,0.05,
2.1613387949983007,APPROACH,0.0,0.0,24321.881549792,24.87296864271,-1.299145299145323,24.91581178789172,-0.35,5.0,0.05,
2.1624628610006766,APPROACH,0.0,0.0,24321.881549792,24.87296864271,-1.299145299145323,24.91346251189068,-0.35,5.0,0.05,
2.1636590189991693,APPROACH,0.0,0.0,24321.881549792,24.861066605630576,-1.299145299145323,24.911235849890794,-0.35,5.0,0.05,
2.164802860999771,APPROACH,0.0,0.0,24321.892516139,24.861066605630576,-1.299145299145323,24.90880838788987,-0.35,5.0,0.05,
2.165989482000441,APPROACH,0.0,0.0,24321.892516139,24.85374227512016,-0.6153846153846416,24.90654959389328,-0.35,5.0,0.05,
2.167328688999987,APPROACH,0.0,0.0,24321.892516139,24.85374227512016,-0.6153846153846416,24.903910593894828,-0.35,5.0,0.05,
2.168516585999896,APPROACH,0.0,0.0,24321.892516139,24.85374227512016,-0.6153846153846416,24.901427839891106,-0.35,5.0,0.05,
2.1698039999973844,APPROACH,0.0,0.0,24321.892516139,24.846417944609748,-0.47863247863250535,24.899078331896156,-0.35,5.0,0.05,
2.1709790459972282,APPROACH,0.0,0.0,24321.892516139,24.846417944609748,-0.47863247863250535,24.896506431892043,-0.35,5.0,0.05,
2.1723065989972383,APPROACH,0.0,0.0,24321.892516139,24.839093614099333,-0.6153846153846416,24.894137695891253,-0.35,5.0,0.05,
2.173607353997795,APPROACH,0.0,0.0,24321.892516139,24.839093614099333,-0.6153846153846416,24.891424917893595,-0.35,5.0,0.05,
2.174957788000029,APPROACH,0.0,0.0,24321.892516139,24.839093614099333,-0.6153846153846416,24.88887587789329,-0.35,5.0,0.05,
2.1762510549997387,APPROACH,0.0,0.0,24321.903598761,24.829022659647514,0.06837606837609655,24.886215481893736,-0.35,5.0,0.05,
2.17751442199733,APPROACH,0.0,0.0,24321.903598761,24.829022659647514,0.06837606837609655,24.883510559893033,-0.35,5.0,0.05,
2.1787369529993157,APPROACH,0.0,0.0,24321.903598761,24.8226138704509,0.20512820512823282,24.881084583890036,-0.35,5.0,0.05,
2.1799201619978703,APPROACH,0.0,0.0,24321.903598761,24.8226138704509,0.20512820512823282,24.878651225896895,-0.35,5.0,0.05,
2.1810967519995756,APPROACH,0.0,0.0,24321.903598761,24.8226138704509,0.20512820512823282,24.87629495589615,-0.35,5.0,0.05,
2.18241443000079,APPROACH,0.0,0.0,24321.903598761,24.81162737468528,-0.06837606837609655,24.873878503896115,-0.35,5.0,0.05,
2.183539859997836,APPROACH,0.0,0.0,24321.903598761,24.81162737468528,-0.06837606837609655,24.87131821789196,-0.35,5.0,0.05,
2.184803471998748,APPROACH,0.0,0.0,24321.903598761,24.80613412680247,0.3418803418803691,24.869058857891353,-0.35,5.0,0.05,
2.1860012439974525,APPROACH,0.0,0.0,24321.914494985,24.80613412680247,0.3418803418803691,24.866506345891388,-0.35,5.0,0.05,
2.1871701079980994,APPROACH,0.0,0.0,24321.914494985,24.80613412680247,0.3418803418803691,24.864075181890506,-0.35,5.0,0.05,
2.188666458998341,APPROACH,0.0,0.0,24321.914494985,24.803387502861064,0.20512820512823282,24.861775499893405,-0.35,5.0,0.05,
2.1898995129995455,APPROACH,0.0,0.0,24321.914494985,24.803387502861064,0.20512820512823282,24.858679949896462,-0.35,5.0,0.05,
2.191182660000777,APPROACH,0.0,0.0,24321.914494985,24.798809796292055,-0.3418803418803691,24.856284661896346,-0.35,5.0,0.05,
2.192414771998301,APPROACH,0.0,0.0,24321.914494985,24.798809796292055,-0.3418803418803691,24.85368720389058,-0.35,5.0,0.05,
2.1937004270002944,APPROACH,0.0,0.0,24321.914494985,24.789654383154037,-0.20512820512823282,24.851258787895198,-0.35,5.0,0.05,
2.194891066999844,APPROACH,0.0,0.0,24321.914494985,24.789654383154037,-0.20512820512823282,24.848672987894382,-0.35,5.0,0.05,
2.1961943079986668,APPROACH,0.0,0.0,24321.914494985,24.789654383154037,-0.20512820512823282,24.846115731890016,-0.35,5.0,0.05,
2.1975094259978505,APPROACH,0.0,0.0,24321.925565553,24.782330052643623,0.20512820512823282,24.843703555890237,-0.35,5.0,0.05,
2.1986708320000616,APPROACH,0.0,0.0,24321.925565553,24.782330052643623,0.20512820512823282,24.841100197890476,-0.35,5.0,0.05,
2.199972415997763,APPROACH,0.0,0.0,24321.925565553,24.77592126344701,0.20512820512823282,24.838732789890194,-0.35,5.0,0.05,
2.2011693349995767,APPROACH,0.0,0.0,24321.925565553,24.77592126344701,0.20512820512823282,24.836113203892886,-0.35,5.0,0.05,
2.2023290959987207,APPROACH,0.0,0.0,24321.925565553,24.77592126344701,0.20512820512823282,24.833781793896627,-0.35,5.0,0.05,
2.203623449000588,APPROACH,0.0,0.0,24321.925565553,24.766765850308992,0.3418803418803691,24.831466123892163,-0.35,5.0,0.05,
2.2048169459994824,APPROACH,0.0,0.0,24321.925565553,24.766765850308992,0.3418803418803691,24.82883444989536,-0.35,5.0,0.05,
2.2060877889998665,APPROACH,0.0,0.0,24321.925565553,24.759441519798578,0.47863247863250535,24.8264437138944,-0.35,5.0,0.05,
2.2072446439997293,APPROACH,0.0,0.0,24321.925565553,24.759441519798578,0.47863247863250535,24.823956815890845,-0.35,5.0,0.05,
2.2084337409978616,APPROACH,0.0,0.0,24321.936667824,24.759441519798578,0.47863247863250535,24.821638275892177,-0.35,5.0,0.05,
2.2097178069998336,APPROACH,0.0,0.0,24321.936667824,24.75028610666056,0.8888888888889142,24.81926304589549,-0.35,5.0,0.05,
2.210933121998096,APPROACH,0.0,0.0,24321.936667824,24.75028610666056,0.8888888888889142,24.81661817589454,-0.35,5.0,0.05,
2.2121916889991553,APPROACH,0.0,0.0,24321.936667824,24.743877317463948,0.8888888888889142,24.814217823893408,-0.35,5.0,0.05,
2.213347185999737,APPROACH,0.0,0.0,24321.936667824,24.743877317463948,0.8888888888889142,24.811755311894807,-0.35,5.0,0.05,
2.214493692998076,APPROACH,0.0,0.0,24321.936667824,24.743877317463948,0.8888888888889142,24.809439879894192,-0.35,5.0,0.05,
2.2157539399995585,APPROACH,0.0,0.0,24321.936667824,24.735637445639732,0.8888888888889142,24.807153305891255,-0.35,5.0,0.05,
2.216944241998135,APPROACH,0.0,0.0,24321.936667824,24.735637445639732,0.8888888888889142,24.804565823892766,-0.35,5.0,0.05,
2.2182835809981043,APPROACH,0.0,0.0,24321.936667824,24.732890821698327,1.0256410256410504,24.80221402589202,-0.35,5.0,0.05,
2.21946020699761,APPROACH,0.0,0.0,24321.947508227,24.732890821698327,1.0256410256410504,24.79951395189098,-0.35,5.0,0.05,
2.220637866998004,APPROACH,0.0,0.0,24321.947508227,24.732890821698327,1.0256410256410504,24.79720862389629,-0.35,5.0,0.05,
2.221993344999646,APPROACH,0.0,0.0,24321.947508227,24.731975280384525,0.20512820512823282,24.79477986589452,-0.35,5.0,0.05,
2.223120980997919,APPROACH,0.0,0.0,24321.947508227,24.731975280384525,0.20512820512823282,24.792137995894585,-0.35,5.0,0.05,
2.2243525859994406,APPROACH,0.0,0.0,24321.947508227,24.731059739070723,-0.20512820512823282,24.789856759890675,-0.35,5.0,0.05,
2.22547185899748,APPROACH,0.0,0.0,24321.947508227,24.731059739070723,-0.20512820512823282,24.78743879189394,-0.35,5.0,0.05,
2.22661594499732,APPROACH,0.0,0.0,24321.947508227,24.731059739070723,-0.20512820512823282,24.78521004189067,-0.35,5.0,0.05,
2.2279405879999103,APPROACH,0.0,0.0,24321.947508227,24.72922865644312,-0.6153846153846416,24.78289655789674,-0.35,5.0,0.05,
2.2291523389976646,APPROACH,0.0,0.0,24321.947508227,24.72922865644312,-0.6153846153846416,24.780170039893413,-0.35,5.0,0.05,
2.2304044979973696,APPROACH,0.0,0.0,24321.95869175,24.727397573815516,-0.7521367521367779,24.777786279891437,-0.35,5.0,0.05,
2.231591801999457,APPROACH,0.0,0.0,24321.95869175,24.727397573815516,-0.7521367521367779,24.775319535890297,-0.35,5.0,0.05,
2.2329026499974134,APPROACH,0.0,0.0,24321.95869175,24.722819867246507,-1.299145299145323,24.772872389891994,-0.35,5.0,0.05,
2.234067730998504,APPROACH,0.0,0.0,24321.95869175,24.722819867246507,-1.299145299145323,24.770314881892112,-0.35,5.0,0.05,
2.2352391319982416,APPROACH,0.0,0.0,24321.95869175,24.722819867246507,-1.299145299145323,24.767985745894542,-0.35,5.0,0.05,
2.236463265999191,APPROACH,0.0,0.0,24321.95869175,24.717326619363696,-1.299145299145323,24.76563395989185,-0.35,5.0,0.05,
2.2376002759992843,APPROACH,0.0,0.0,24321.95869175,24.717326619363696,-1.299145299145323,24.763232667895203,-0.35,5.0,0.05,
2.238864435999858,APPROACH,0.0,0.0,24321.95869175,24.711833371480886,-1.299145299145323,24.760890715894924,-0.35,5.0,0.05,
2.24003004199767,APPROACH,0.0,0.0,24321.95869175,24.711833371480886,-1.299145299145323,24.758369611890224,-0.35,5.0,0.05,
2.2411972080008127,APPROACH,0.0,0.0,24321.969618283,24.711833371480886,-1.299145299145323,24.75604409589257,-0.35,5.0,0.05,
2.2425059149973094,APPROACH,0.0,0.0,24321.969618283,24.707255664911877,-1.299145299145323,24.753740865891153,-0.35,5.0,0.05,
2.2436275639993255,APPROACH,0.0,0.0,24321.969618283,24.707255664911877,-1.299145299145323,24.751120397894987,-0.35,5.0,0.05,
2.2448828509986924,APPROACH,0.0,0.0,24321.969618283,24.70450904097047,-1.5726495726495955,24.74888771989324,-0.35,5.0,0.05,
2.2460731539977132,APPROACH,0.0,0.0,24321.969618283,24.70450904097047,-1.5726495726495955,24.74629743589437,-0.35,5.0,0.05,
2.247230461998697,APPROACH,0.0,0.0,24321.969618283,24.70450904097047,-1.5726495726495955,24.74396009789168,-0.35,5.0,0.05,
2.248485989999608,APPROACH,0.0,0.0,24321.969618283,24.700846875715264,-1.846153846153868,24.74167043189052,-0.35,5.0,0.05,
2.2496366150007816,APPROACH,0.0,0.0,24321.969618283,24.700846875715264,-1.846153846153868,24.739143697895337,-0.35,5.0,0.05,
2.250909495000087,APPROACH,0.0,0.0,24321.969618283,24.69901579308766,-2.1196581196581405,24.73685133989172,-0.35,5.0,0.05,
2.2521370079994085,APPROACH,0.0,0.0,24321.980736256,24.69901579308766,-2.1196581196581405,24.734109307895118,-0.35,5.0,0.05,
2.2532837049984664,APPROACH,0.0,0.0,24321.980736256,24.69901579308766,-2.1196581196581405,24.7318821038946,-0.35,5.0,0.05,
2.254654551998101,APPROACH,0.0,0.0,24321.980736256,24.697184710460057,-2.5299145299145493,24.729510915896093,-0.35,5.0,0.05,
2.255875931998162,APPROACH,0.0,0.0,24321.980736256,24.697184710460057,-2.5299145299145493,24.726756001896568,-0.35,5.0,0.05,
2.257095135999407,APPROACH,0.0,0.0,24321.980736256,24.69443808651865,-2.940170940170958,24.724344295894547,-0.35,5.0,0.05,
2.258305104998726,APPROACH,0.0,0.0,24321.980736256,24.69443808651865,-2.940170940170958,24.721899879893748,-0.35,5.0,0.05,
2.259565477997967,APPROACH,0.0,0.0,24321.980736256,24.69443808651865,-2.940170940170958,24.719450119891256,-0.35,5.0,0.05,
2.260844272997929,APPROACH,0.0,0.0,24321.980736256,24.689860379949643,-3.0769230769230944,24.716999071891472,-0.35,5.0,0.05,
2.261998355999822,APPROACH,0.0,0.0,24321.980736256,24.689860379949643,-3.0769230769230944,24.71445144189172,-0.35,5.0,0.05,
2.263237436000054,APPROACH,0.0,0.0,24321.991635874,24.686198214694436,-3.2136752136752307,24.71209644789021,-0.35,5.0,0.05,
2.264455063999776,APPROACH,0.0,0.0,24321.991635874,24.686198214694436,-3.2136752136752307,24.70973667389014,-0.35,5.0,0.05,
2.26563459099998,APPROACH,0.0,0.0,24321.991635874,24.686198214694436,-3.2136752136752307,24.707180393890006,-0.35,5.0,0.05,
2.266996348000248,APPROACH,0.0,0.0,24321.991635874,24.680704966811625,-3.350427350427367,24.704804119895265,-0.35,5.0,0.05,
2.2683425020004506,APPROACH,0.0,0.0,24321.991635874,24.680704966811625,-3.350427350427367,24.701871215890854,-0.35,5.0,0.05,
2.269731396998395,APPROACH,0.0,0.0,24321.991635874,24.675211718928814,-3.487179487179503,24.69937302789301,-0.35,5.0,0.05,
2.271017323997512,APPROACH,0.0,0.0,24321.991635874,24.675211718928814,-3.487179487179503,24.69651657189504,-0.35,5.0,0.05,
2.272412431997509,APPROACH,0.0,0.0,24321.991635874,24.666056305790796,-3.487179487179503,24.694032797896647,-0.35,5.0,0.05,
2.273692154998571,APPROACH,0.0,0.0,24321.991635874,24.666056305790796,-3.487179487179503,24.691140449890803,-0.35,5.0,0.05,
2.274890297998354,APPROACH,0.0,0.0,24322.002581361,24.666056305790796,-3.487179487179503,24.68871269389026,-0.35,5.0,0.05,
2.276193607998721,APPROACH,0.0,0.0,24322.002581361,24.664225223163193,-3.487179487179503,24.68626648589386,-0.35,5.0,0.05,
2.2773600929976965,APPROACH,0.0,0.0,24322.002581361,24.664225223163193,-3.487179487179503,24.6837328678969,-0.35,5.0,0.05,
2.2787073500003316,APPROACH,0.0,0.0,24322.002581361,24.66330968184939,-3.7606837606837757,24.681392343890614,-0.35,5.0,0.05,
2.279929746000562,APPROACH,0.0,0.0,24322.002581361,24.66330968184939,-3.7606837606837757,24.678649857896083,-0.35,5.0,0.05,
2.2811149129993282,APPROACH,0.0,0.0,24322.002581361,24.66330968184939,-3.7606837606837757,24.67620713189651,-0.35,5.0,0.05,
2.282425597000838,APPROACH,0.0,0.0,24322.002581361,24.659647516594184,-4.444444444444457,24.673906325894926,-0.35,5.0,0.05,
2.2835815920007008,APPROACH,0.0,0.0,24322.002581361,24.659647516594184,-4.444444444444457,24.6712684678944,-0.35,5.0,0.05,
2.284830680997402,APPROACH,0.0,0.0,24322.002581361,24.65781643396658,-4.444444444444457,24.66897838789125,-0.35,5.0,0.05,
2.286261780998757,APPROACH,0.0,0.0,24322.013706516,24.65781643396658,-4.444444444444457,24.666039487893862,-0.35,5.0,0.05,
2.2874670999990485,APPROACH,0.0,0.0,24322.013706516,24.65781643396658,-4.444444444444457,24.66355262389086,-0.35,5.0,0.05,
2.288825834999443,APPROACH,0.0,0.0,24322.013706516,24.654154268711373,-4.854700854700866,24.66116691589675,-0.35,5.0,0.05,
2.2900703069972224,APPROACH,0.0,0.0,24322.013706516,24.654154268711373,-4.854700854700866,24.658360285896627,-0.35,5.0,0.05,
2.291450722997979,APPROACH,0.0,0.0,24322.013706516,24.649576562142364,-5.128205128205138,24.655867845890747,-0.35,5.0,0.05,
2.2926758469984634,APPROACH,0.0,0.0,24322.013706516,24.649576562142364,-5.128205128205138,24.653172795894783,-0.35,5.0,0.05,
2.29385982399981,APPROACH,0.0,0.0,24322.013706516,24.649576562142364,-5.128205128205138,24.65076000589149,-0.35,5.0,0.05,
2.295353399000305,APPROACH,0.0,0.0,24322.013706516,24.63767452506294,-4.71794871794873,24.648072073892102,-0.35,5.0,0.05,
2.29653252999924,APPROACH,0.0,0.0,24322.02462276,24.63767452506294,-4.71794871794873,24.645435473890096,-0.35,5.0,0.05,
2.2978937730003963,APPROACH,0.0,0.0,24322.02462276,24.629434653238725,-4.444444444444457,24.64303195589425,-0.35,5.0,0.05,
2.2992760029992496,APPROACH,0.0,0.0,24322.02462276,24.629434653238725,-4.444444444444457,24.640076557895803,-0.35,5.0,0.05,
2.3005080869988888,APPROACH,0.0,0.0,24322.02462276,24.629434653238725,-4.444444444444457,24.63744978989532,-0.35,5.0,0.05,
2.301828061998094,APPROACH,0.0,0.0,24322.02462276,24.6157015335317,-4.1709401709401845,24.63510270189115,-0.35,5.0,0.05,
2.303047801997309,APPROACH,0.0,0.0,24322.02462276,24.6157015335317,-4.1709401709401845,24.632370823893574,-0.35,5.0,0.05,
2.30436114099939,APPROACH,0.0,0.0,24322.02462276,24.60654612039368,-3.487179487179503,24.629965509893076,-0.35,5.0,0.05,
2.305513756997243,APPROACH,0.0,0.0,24322.02462276,24.60654612039368,-3.487179487179503,24.627413277893787,-0.35,5.0,0.05,
2.306700249999267,APPROACH,0.0,0.0,24322.02462276,24.60654612039368,-3.487179487179503,24.625091737894103,-0.35,5.0,0.05,
2.308100532998651,APPROACH,0.0,0.0,24322.035736565,24.591897459372852,-2.940170940170958,24.62266081589157,-0.35,5.0,0.05,
2.309320078999008,APPROACH,0.0,0.0,24322.035736565,24.591897459372852,-2.940170940170958,24.61985014989593,-0.35,5.0,0.05,
2.3105815479975718,APPROACH,0.0,0.0,24322.035736565,24.581826504921032,-2.6666666666666856,24.617476957894972,-0.35,5.0,0.05,
2.3117421479983022,APPROACH,0.0,0.0,24322.035736565,24.581826504921032,-2.6666666666666856,24.61496815589023,-0.35,5.0,0.05,
2.3130381800001487,APPROACH,0.0,0.0,24322.035736565,24.569008926527808,-1.7094017094017318,24.61259051189088,-0.35,5.0,0.05,
2.3141995369987853,APPROACH,0.0,0.0,24322.035736565,24.569008926527808,-1.7094017094017318,24.61005620589392,-0.35,5.0,0.05,
2.315402198000811,APPROACH,0.0,0.0,24322.035736565,24.569008926527808,-1.7094017094017318,24.607677033892536,-0.35,5.0,0.05,
2.3166336430003867,APPROACH,0.0,0.0,24322.035736565,24.55985351338979,-1.5726495726495955,24.605335771893145,-0.35,5.0,0.05,
2.3181535650001024,APPROACH,0.0,0.0,24322.035736565,24.55985351338979,-1.5726495726495955,24.60285536389099,-0.35,5.0,0.05,
2.3194901949973428,APPROACH,0.0,0.0,24322.046771585,24.55527580682078,-1.4358974358974592,24.59979516189312,-0.35,5.0,0.05,
2.320696589998988,APPROACH,0.0,0.0,24322.046771585,24.55527580682078,-1.4358974358974592,24.59712623789644,-0.35,5.0,0.05,
2.321853782999824,APPROACH,0.0,0.0,24322.046771585,24.55527580682078,-1.4358974358974592,24.594741427893744,-0.35,5.0,0.05,
2.323153557998012,APPROACH,0.0,0.0,24322.046771585,24.54886701762417,-1.4358974358974592,24.592419471891183,-0.35,5.0,0.05,
2.324312295000709,APPROACH,0.0,0.0,24322.046771585,24.54886701762417,-1.4358974358974592,24.589812737890746,-0.35,5.0,0.05,
2.3255884859972866,APPROACH,0.0,0.0,24322.046771585,24.54978255893797,-1.7094017094017318,24.58751717189559,-0.35,5.0,0.05,
2.3267577629994776,APPROACH,0.0,0.0,24322.046771585,24.54978255893797,-1.7094017094017318,24.584940575893846,-0.35,5.0,0.05,
2.3279307140001038,APPROACH,0.0,0.0,24322.046771585,24.54978255893797,-1.7094017094017318,24.58257307788997,-0.35,5.0,0.05,
2.3293235989985988,APPROACH,0.0,0.0,24322.057751297,24.54886701762417,-2.6666666666666856,24.58007157789077,-0.35,5.0,0.05,
2.3306066900004225,APPROACH,0.0,0.0,24322.057751297,24.54886701762417,-2.6666666666666856,24.577427163895912,-0.35,5.0,0.05,
2.3318806259994744,APPROACH,0.0,0.0,24322.057751297,24.547951476310367,-2.940170940170958,24.574889217890153,-0.35,5.0,0.05,
2.333110608997231,APPROACH,0.0,0.0,24322.057751297,24.547951476310367,-2.940170940170958,24.572279267894622,-0.35,5.0,0.05,
2.3342995469974994,APPROACH,0.0,0.0,24322.057751297,24.547951476310367,-2.940170940170958,24.56987941189552,-0.35,5.0,0.05,
2.3355490079993615,APPROACH,0.0,0.0,24322.057751297,24.546120393682763,-3.350427350427367,24.567611261890555,-0.35,5.0,0.05,
2.3367258660000516,APPROACH,0.0,0.0,24322.057751297,24.546120393682763,-3.350427350427367,24.5650358098949,-0.35,5.0,0.05,
2.3379490059996897,APPROACH,0.0,0.0,24322.057751297,24.54428931105516,-3.7606837606837757,24.562688601895637,-0.35,5.0,0.05,
2.3391830199980177,APPROACH,0.0,0.0,24322.057751297,24.54428931105516,-3.7606837606837757,24.560179903893435,-0.35,5.0,0.05,
2.3403608949993213,APPROACH,0.0,0.0,24322.068735864,24.54428931105516,-3.7606837606837757,24.55774660989234,-0.35,5.0,0.05,
2.34168589699766,APPROACH,0.0,0.0,24322.068735864,24.53971160448615,-4.034188034188048,24.5553942338968,-0.35,5.0,0.05,
2.3428804959985428,APPROACH,0.0,0.0,24322.068735864,24.53971160448615,-4.034188034188048,24.552676421896898,-0.35,5.0,0.05,
2.3441412719985237,APPROACH,0.0,0.0,24322.068735864,24.536964980544745,-4.1709401709401845,24.550323051896406,-0.35,5.0,0.05,
2.345338938997884,APPROACH,0.0,0.0,24322.068735864,24.536964980544745,-4.1709401709401845,24.547785101896146,-0.35,5.0,0.05,
2.3464816599989717,APPROACH,0.0,0.0,24322.068735864,24.536964980544745,-4.1709401709401845,24.545460745889862,-0.35,5.0,0.05,
2.347730255998613,APPROACH,0.0,0.0,24322.068735864,24.52872510872053,-4.307692307692321,24.543174247891578,-0.35,5.0,0.05,
2.3489154239978234,APPROACH,0.0,0.0,24322.068735864,24.52872510872053,-4.307692307692321,24.540610203891696,-0.35,5.0,0.05,
2.350229818999651,APPROACH,0.0,0.0,24322.068735864,24.521400778210115,-4.1709401709401845,24.538253417894587,-0.35,5.0,0.05,
2.351478811000561,APPROACH,0.0,0.0,24322.079947389,24.521400778210115,-4.1709401709401845,24.535577463896765,-0.35,5.0,0.05,
2.3526990949976607,APPROACH,0.0,0.0,24322.079947389,24.511329823758295,-3.6239316239316395,24.533159359890554,-0.35,5.0,0.05,
2.3538970009976765,APPROACH,0.0,0.0,24322.079947389,24.511329823758295,-3.6239316239316395,24.530709853891743,-0.35,5.0,0.05,
2.3551706849975744,APPROACH,0.0,0.0,24322.079947389,24.511329823758295,-3.6239316239316395,24.528249749893142,-0.35,5.0,0.05,
2.356592683998315,APPROACH,0.0,0.0,24322.079947389,24.504921034561683,-3.6239316239316395,24.525649411896005,-0.35,5.0,0.05,
2.3578304500006197,APPROACH,0.0,0.0,24322.079947389,24.504921034561683,-3.6239316239316395,24.522872283895843,-0.35,5.0,0.05,
2.359137944000395,APPROACH,0.0,0.0,24322.079947389,24.494850080109863,-3.350427350427367,24.52038570589618,-0.35,5.0,0.05,
2.3603499659984664,APPROACH,0.0,0.0,24322.079947389,24.494850080109863,-3.350427350427367,24.517778899892868,-0.35,5.0,0.05,
2.3614991110007395,APPROACH,0.0,0.0,24322.079947389,24.494850080109863,-3.350427350427367,24.51542957989411,-0.35,5.0,0.05,
2.3629055929995957,APPROACH,0.0,0.0,24322.090896208,24.479285877775233,-2.6666666666666856,24.513076701893873,-0.35,5.0,0.05,
2.3642077160002373,APPROACH,0.0,0.0,24322.090896208,24.479285877775233,-2.6666666666666856,24.510256645896582,-0.35,5.0,0.05,
2.3655439149988524,APPROACH,0.0,0.0,24322.090896208,24.469214923323413,-2.1196581196581405,24.5076362098928,-0.35,5.0,0.05,
2.366765527000098,APPROACH,0.0,0.0,24322.090896208,24.469214923323413,-2.1196581196581405,24.50501241389545,-0.35,5.0,0.05,
2.3679820029974508,APPROACH,0.0,0.0,24322.090896208,24.469214923323413,-2.1196581196581405,24.502503525896167,-0.35,5.0,0.05,
2.3693644880004285,APPROACH,0.0,0.0,24322.090896208,24.45731288624399,-1.4358974358974592,24.50003964789473,-0.35,5.0,0.05,
2.3706022250007663,APPROACH,0.0,0.0,24322.090896208,24.45731288624399,-1.4358974358974592,24.49736864989361,-0.35,5.0,0.05,
2.371912736998638,APPROACH,0.0,0.0,24322.090896208,24.448157473105972,-1.299145299145323,24.494878111895808,-0.35,5.0,0.05,
2.3734112009988166,APPROACH,0.0,0.0,24322.101933026,24.448157473105972,-1.299145299145323,24.491671285891492,-0.35,5.0,0.05,
2.3745824079996964,APPROACH,0.0,0.0,24322.101933026,24.448157473105972,-1.299145299145323,24.48926724589662,-0.35,5.0,0.05,
2.375896104000276,APPROACH,0.0,0.0,24322.101933026,24.435339894712747,-0.6153846153846416,24.486923729892872,-0.35,5.0,0.05,
2.377185000997997,APPROACH,0.0,0.0,24322.101933026,24.435339894712747,-0.6153846153846416,24.48430102189129,-0.35,5.0,0.05,
2.378571097000531,APPROACH,0.0,0.0,24322.101933026,24.429846646829937,-0.47863247863250535,24.48169797389098,-0.35,5.0,0.05,
2.379720038999949,APPROACH,0.0,0.0,24322.101933026,24.429846646829937,-0.47863247863250535,24.478984227892646,-0.35,5.0,0.05,
2.381051070999092,APPROACH,0.0,0.0,24322.101933026,24.429846646829937,-0.47863247863250535,24.476585967896675,-0.35,5.0,0.05,
2.3825127849995624,APPROACH,0.0,0.0,24322.101933026,24.419775692378117,-0.6153846153846416,24.47375443389435,-0.35,5.0,0.05,
2.383702168997843,APPROACH,0.0,0.0,24322.101933026,24.419775692378117,-0.6153846153846416,24.471095847891114,-0.35,5.0,0.05,
2.3849551969979075,APPROACH,0.0,0.0,24322.112709141,24.413366903181505,-0.3418803418803691,24.468634069891117,-0.35,5.0,0.05,
2.3862142269972537,APPROACH,0.0,0.0,24322.112709141,24.413366903181505,-0.3418803418803691,24.46601495989423,-0.35,5.0,0.05,
2.387503456000559,APPROACH,0.0,0.0,24322.112709141,24.413366903181505,-0.3418803418803691,24.463467915892828,-0.35,5.0,0.05,
2.3887942629989993,APPROACH,0.0,0.0,24322.112709141,24.407873655298694,-0.47863247863250535,24.461102169895888,-0.35,5.0,0.05,
2.390025512999273,APPROACH,0.0,0.0,24322.112709141,24.407873655298694,-0.47863247863250535,24.458411785891506,-0.35,5.0,0.05,
2.391413579000073,APPROACH,0.0,0.0,24322.112709141,24.404211490043487,-0.7521367521367779,24.455854477893148,-0.35,5.0,0.05,
2.3926424870005576,APPROACH,0.0,0.0,24322.112709141,24.404211490043487,-0.7521367521367779,24.453278761896648,-0.35,5.0,0.05,
2.39395035599955,APPROACH,0.0,0.0,24322.112709141,24.403295948729685,-1.1623931623931867,24.450800623891404,-0.35,5.0,0.05,
2.3952288369982853,APPROACH,0.0,0.0,24322.123807761,24.403295948729685,-1.1623931623931867,24.447967475892504,-0.35,5.0,0.05,
2.3963940020003065,APPROACH,0.0,0.0,24322.123807761,24.403295948729685,-1.1623931623931867,24.445648229893116,-0.35,5.0,0.05,
2.39757847600049,APPROACH,0.0,0.0,24322.123807761,24.402380407415883,-1.4358974358974592,24.443373995892465,-0.35,5.0,0.05,
2.3986960539987194,APPROACH,0.0,0.0,24322.123807761,24.402380407415883,-1.4358974358974592,24.440998957893747,-0.35,5.0,0.05,
2.3998826749993896,APPROACH,0.0,0.0,24322.123807761,24.40146486610208,-2.1196581196581405,24.43873297189682,-0.35,5.0,0.05,
2.4010194709990174,APPROACH,0.0,0.0,24322.123807761,24.40146486610208,-2.1196581196581405,24.436367841889727,-0.35,5.0,0.05,
2.402122215000418,APPROACH,0.0,0.0,24322.123807761,24.40146486610208,-2.1196581196581405,24.434132127892802,-0.35,5.0,0.05,
2.403338239000732,APPROACH,0.0,0.0,24322.123807761,24.399633783474478,-2.5299145299145493,24.431872803893633,-0.35,5.0,0.05,
2.4044603269976506,APPROACH,0.0,0.0,24322.123807761,24.399633783474478,-2.5299145299145493,24.429469705895166,-0.35,5.0,0.05,
2.4056170149997342,APPROACH,0.0,0.0,24322.123807761,24.398718242160676,-2.803418803418822,24.427243729894393,-0.35,5.0,0.05,
2.4067935579987534,APPROACH,0.0,0.0,24322.134729746,24.398718242160676,-2.803418803418822,24.424862631896097,-0.35,5.0,0.05,
2.4079432939979597,APPROACH,0.0,0.0,24322.134729746,24.398718242160676,-2.803418803418822,24.42254158589028,-0.35,5.0,0.05,
2.4091497769986745,APPROACH,0.0,0.0,24322.134729746,24.39597161821927,-3.2136752136752307,24.420246371891402,-0.35,5.0,0.05,
2.410304521999933,APPROACH,0.0,0.0,24322.134729746,24.39597161821927,-3.2136752136752307,24.41783242789213,-0.35,5.0,0.05,
2.4114673059993947,APPROACH,0.0,0.0,24322.134729746,24.394140535591667,-3.487179487179503,24.415564747892198,-0.35,5.0,0.05,
2.4125705039987224,APPROACH,0.0,0.0,24322.134729746,24.394140535591667,-3.487179487179503,24.413234319895558,-0.35,5.0,0.05,
2.413691014997312,APPROACH,0.0,0.0,24322.134729746,24.394140535591667,-3.487179487179503,24.411030367891065,-0.35,5.0,0.05,
2.4148916349986393,APPROACH,0.0,0.0,24322.134729746,24.388647287708856,-3.7606837606837757,24.40876112989033,-0.35,5.0,0.05,
2.416031690998352,APPROACH,0.0,0.0,24322.134729746,24.388647287708856,-3.7606837606837757,24.406335793895117,-0.35,5.0,0.05,
2.4172084399979212,APPROACH,0.0,0.0,24322.145758951,24.384069581139848,-3.7606837606837757,24.404071505895693,-0.35,5.0,0.05,
2.4183594479982276,APPROACH,0.0,0.0,24322.145758951,24.384069581139848,-3.7606837606837757,24.40170604389393,-0.35,5.0,0.05,
2.419523348999064,APPROACH,0.0,0.0,24322.145758951,24.384069581139848,-3.7606837606837757,24.39943008789239,-0.35,5.0,0.05,
2.420852646999265,APPROACH,0.0,0.0,24322.145758951,24.373998626688028,-3.6239316239316395,24.397057165894942,-0.35,5.0,0.05,
2.422043496997503,APPROACH,0.0,0.0,24322.145758951,24.373998626688028,-3.6239316239316395,24.394335911894153,-0.35,5.0,0.05,
2.4232345419986814,APPROACH,0.0,0.0,24322.145758951,24.365758754863812,-3.2136752136752307,24.392027917894005,-0.35,5.0,0.05,
2.4243813719986065,APPROACH,0.0,0.0,24322.145758951,24.365758754863812,-3.2136752136752307,24.38965298389055,-0.35,5.0,0.05,
2.4255964789990685,APPROACH,0.0,0.0,24322.145758951,24.365758754863812,-3.2136752136752307,24.38738063789176,-0.35,5.0,0.05,
2.4268638440007635,APPROACH,0.0,0.0,24322.145758951,24.356603341725794,-3.0769230769230944,24.384887991896242,-0.35,5.0,0.05,
2.428147708000324,APPROACH,0.0,0.0,24322.145758951,24.356603341725794,-3.0769230769230944,24.38241294789011,-0.35,5.0,0.05,
2.4294322519999696,APPROACH,0.0,0.0,24322.156789463,24.347447928587776,-2.803418803418822,24.37979874789132,-0.35,5.0,0.05,
2.4305681219993858,APPROACH,0.0,0.0,24322.156789463,24.347447928587776,-2.803418803418822,24.37728371589153,-0.35,5.0,0.05,
2.4317557430003944,APPROACH,0.0,0.0,24322.156789463,24.33371480888075,-1.9829059829060043,24.37501014589477,-0.35,5.0,0.05,
2.432879308998963,APPROACH,0.0,0.0,24322.156789463,24.33371480888075,-1.9829059829060043,24.372648265890597,-0.35,5.0,0.05,
2.4340303110002424,APPROACH,0.0,0.0,24322.156789463,24.33371480888075,-1.9829059829060043,24.370361213893624,-0.35,5.0,0.05,
2.4353455909986224,APPROACH,0.0,0.0,24322.156789463,24.321812771801326,-1.5726495726495955,24.36806971389276,-0.35,5.0,0.05,
2.436561416998302,APPROACH,0.0,0.0,24322.156789463,24.321812771801326,-1.5726495726495955,24.365388651896204,-0.35,5.0,0.05,
2.437884970997402,APPROACH,0.0,0.0,24322.156789463,24.311741817349507,-1.0256410256410504,24.362971439893293,-0.35,5.0,0.05,
2.4393209629997727,APPROACH,0.0,0.0,24322.167825018,24.311741817349507,-1.0256410256410504,24.35991213989589,-0.35,5.0,0.05,
2.4405229879994295,APPROACH,0.0,0.0,24322.167825018,24.311741817349507,-1.0256410256410504,24.35741828389407,-0.35,5.0,0.05,
2.4418268599984003,APPROACH,0.0,0.0,24322.167825018,24.291599908445868,0.06837606837609655,24.35508739389595,-0.35,5.0,0.05,
2.4430459909999627,APPROACH,0.0,0.0,24322.167825018,24.291599908445868,0.06837606837609655,24.35239939389546,-0.35,5.0,0.05,
2.4443238439998822,APPROACH,0.0,0.0,24322.167825018,24.280613412680246,0.7521367521367779,24.349978249892295,-0.35,5.0,0.05,
2.445501226000488,APPROACH,0.0,0.0,24322.167825018,24.280613412680246,0.7521367521367779,24.347469265894027,-0.35,5.0,0.05,
2.446663634000288,APPROACH,0.0,0.0,24322.167825018,24.280613412680246,0.7521367521367779,24.345125701890787,-0.35,5.0,0.05,
2.4479659819990047,APPROACH,0.0,0.0,24322.167825018,24.268711375600823,1.4358974358974592,24.34280205989605,-0.35,5.0,0.05,
2.4491118070000084,APPROACH,0.0,0.0,24322.167825018,24.268711375600823,1.4358974358974592,24.34019583189481,-0.35,5.0,0.05,
2.4503961959999288,APPROACH,0.0,0.0,24322.178766554,24.259555962462805,1.5726495726495955,24.33785832189576,-0.35,5.0,0.05,
2.451625210000202,APPROACH,0.0,0.0,24322.178766554,24.259555962462805,1.5726495726495955,24.33531504189275,-0.35,5.0,0.05,
2.4528366749982524,APPROACH,0.0,0.0,24322.178766554,24.259555962462805,1.5726495726495955,24.33278594589617,-0.35,5.0,0.05,
2.4542310090000683,APPROACH,0.0,0.0,24322.178766554,24.250400549324787,1.846153846153868,24.330372833895375,-0.35,5.0,0.05,
2.4555044199987606,APPROACH,0.0,0.0,24322.178766554,24.250400549324787,1.846153846153868,24.327587841894704,-0.35,5.0,0.05,
2.45692723799948,APPROACH,0.0,0.0,24322.178766554,24.248569466697184,1.9829059829060043,24.324852975894167,-0.35,5.0,0.05,
2.458123684999009,APPROACH,0.0,0.0,24322.178766554,24.248569466697184,1.9829059829060043,24.322211569896602,-0.35,5.0,0.05,
2.4594383299991023,APPROACH,0.0,0.0,24322.178766554,24.248569466697184,1.9829059829060043,24.319600335891003,-0.35,5.0,0.05,
2.4606954640003096,APPROACH,0.0,0.0,24322.178766554,24.24582284275578,1.1623931623931867,24.317256175892247,-0.35,5.0,0.05,
2.461893946998316,APPROACH,0.0,0.0,24322.189736115,24.24582284275578,1.1623931623931867,24.314695641894353,-0.35,5.0,0.05,
2.4631372289986757,APPROACH,0.0,0.0,24322.189736115,24.24216067750057,0.8888888888889142,24.312327915891068,-0.35,5.0,0.05,
2.4642671569999948,APPROACH,0.0,0.0,24322.189736115,24.24216067750057,0.8888888888889142,24.309878135894245,-0.35,5.0,0.05,
2.465441321997787,APPROACH,0.0,0.0,24322.189736115,24.24216067750057,0.8888888888889142,24.30755571589659,-0.35,5.0,0.05,
2.4666581229976146,APPROACH,0.0,0.0,24322.189736115,24.239414053559166,0.7521367521367779,24.305271837890608,-0.35,5.0,0.05,
2.467901553998672,APPROACH,0.0,0.0,24322.189736115,24.239414053559166,0.7521367521367779,24.302724135895254,-0.35,5.0,0.05,
2.4692260949996125,APPROACH,0.0,0.0,24322.189736115,24.23575188830396,0.47863247863250535,24.30022723989648,-0.35,5.0,0.05,
2.470434815997578,APPROACH,0.0,0.0,24322.189736115,24.23575188830396,0.47863247863250535,24.29757874189206,-0.35,5.0,0.05,
2.471696852997411,APPROACH,0.0,0.0,24322.189736115,24.230258640421148,0.20512820512823282,24.295263603891065,-0.35,5.0,0.05,
2.4729520170003525,APPROACH,0.0,0.0,24322.200744872,24.230258640421148,0.20512820512823282,24.29266781989397,-0.35,5.0,0.05,
2.474214808000397,APPROACH,0.0,0.0,24322.200744872,24.230258640421148,0.20512820512823282,24.290137401892274,-0.35,5.0,0.05,
2.4756876020001073,APPROACH,0.0,0.0,24322.200744872,24.227512016479743,0.20512820512823282,24.28763890389498,-0.35,5.0,0.05,
2.47691146699799,APPROACH,0.0,0.0,24322.200744872,24.227512016479743,0.20512820512823282,24.28462321589293,-0.35,5.0,0.05,
2.4782465509997564,APPROACH,0.0,0.0,24322.200744872,24.224765392538337,-0.20512820512823282,24.282293963894766,-0.35,5.0,0.05,
2.479620963000343,APPROACH,0.0,0.0,24322.200744872,24.224765392538337,-0.20512820512823282,24.27932494189124,-0.35,5.0,0.05,
2.480809374999808,APPROACH,0.0,0.0,24322.200744872,24.224765392538337,-0.20512820512823282,24.276869287890143,-0.35,5.0,0.05,
2.4820839169988176,APPROACH,0.0,0.0,24322.200744872,24.22018768596933,-0.7521367521367779,24.274437563895184,-0.35,5.0,0.05,
2.4833485950002796,APPROACH,0.0,0.0,24322.211822904,24.22018768596933,-0.7521367521367779,24.271758531890804,-0.35,5.0,0.05,
2.484586672999285,APPROACH,0.0,0.0,24322.211822904,24.219272144655527,-0.8888888888889142,24.26942453389463,-0.35,5.0,0.05,
2.485789291000401,APPROACH,0.0,0.0,24322.211822904,24.219272144655527,-0.8888888888889142,24.266934749889764,-0.35,5.0,0.05,
2.4869888389985135,APPROACH,0.0,0.0,24322.211822904,24.219272144655527,-0.8888888888889142,24.26446916189277,-0.35,5.0,0.05,
2.4883096179983113,APPROACH,0.0,0.0,24322.211822904,24.218356603341725,-1.4358974358974592,24.261956709896616,-0.35,5.0,0.05,
2.489447002997622,APPROACH,0.0,0.0,24322.211822904,24.218356603341725,-1.4358974358974592,24.259551451891888,-0.35,5.0,0.05,
2.4906084859976545,APPROACH,0.0,0.0,24322.211822904,24.21652552071412,-1.846153846153868,24.257260617895803,-0.35,5.0,0.05,
2.4917694569994637,APPROACH,0.0,0.0,24322.211822904,24.21652552071412,-1.846153846153868,24.25491299389366,-0.35,5.0,0.05,
2.4929187019988603,APPROACH,0.0,0.0,24322.211822904,24.21652552071412,-1.846153846153868,24.252581687892665,-0.35,5.0,0.05,
2.494240598000033,APPROACH,0.0,0.0,24322.222750477,24.213778896772716,-2.256410256410277,24.250079919890844,-0.35,5.0,0.05,
2.4953800289986248,APPROACH,0.0,0.0,24322.222750477,24.213778896772716,-2.256410256410277,24.247641177892795,-0.35,5.0,0.05,
2.496567510999739,APPROACH,0.0,0.0,24322.222750477,24.212863355458914,-2.393162393162413,24.245394585895404,-0.35,5.0,0.05,
2.4976926119998097,APPROACH,0.0,0.0,24322.222750477,24.212863355458914,-2.393162393162413,24.243020881892583,-0.35,5.0,0.05,
2.4988420109984872,APPROACH,0.0,0.0,24322.222750477,24.212863355458914,-2.393162393162413,24.240743269890366,-0.35,5.0,0.05,
2.500092679998488,APPROACH,0.0,0.0,24322.222750477,24.209201190203707,-2.940170940170958,24.238471421894495,-0.35,5.0,0.05,
2.501220698999532,APPROACH,0.0,0.0,24322.222750477,24.209201190203707,-2.940170940170958,24.235953483891784,-0.35,5.0,0.05,
2.5024163679991034,APPROACH,0.0,0.0,24322.222750477,24.2046234836347,-3.0769230769230944,24.23368167989363,-0.35,5.0,0.05,
2.5035570340005506,APPROACH,0.0,0.0,24322.222750477,24.2046234836347,-3.0769230769230944,24.231312949895504,-0.35,5.0,0.05,
2.504685641000833,APPROACH,0.0,0.0,24322.222750477,24.2046234836347,-3.0769230769230944,24.22903623989375,-0.35,5.0,0.05,
2.50594596999872,APPROACH,0.0,0.0,24322.233788198,24.20004577706569,-3.2136752136752307,24.226726435890008,-0.35,5.0,0.05,
2.507098710997525,APPROACH,0.0,0.0,24322.233788198,24.20004577706569,-3.2136752136752307,24.22420906989398,-0.35,5.0,0.05,
2.5083270039976924,APPROACH,0.0,0.0,24322.233788198,24.193636987869077,-3.2136752136752307,24.221908607892395,-0.35,5.0,0.05,
2.5094381269991572,APPROACH,0.0,0.0,24322.233788198,24.193636987869077,-3.2136752136752307,24.219492959892953,-0.35,5.0,0.05,
2.510598298998957,APPROACH,0.0,0.0,24322.233788198,24.17990386816205,-2.6666666666666856,24.217292655893537,-0.35,5.0,0.05,
2.511804530997324,APPROACH,0.0,0.0,24322.233788198,24.17990386816205,-2.6666666666666856,24.2148708618927,-0.35,5.0,0.05,
2.512998513000639,APPROACH,0.0,0.0,24322.233788198,24.17990386816205,-2.6666666666666856,24.212515359891107,-0.35,5.0,0.05,
2.514370100998349,APPROACH,0.0,0.0,24322.233788198,24.173495078965438,-2.256410256410277,24.209880707895785,-0.35,5.0,0.05,
2.5155686539983435,APPROACH,0.0,0.0,24322.233788198,24.173495078965438,-2.256410256410277,24.20738338789058,-0.35,5.0,0.05,
2.5168448820004414,APPROACH,0.0,0.0,24322.244793922,24.16433966582742,-1.9829059829060043,24.204951299894013,-0.35,5.0,0.05,
2.5181398959975922,APPROACH,0.0,0.0,24322.244793922,24.16433966582742,-1.9829059829060043,24.202169275894697,-0.35,5.0,0.05,
2.5193008559981536,APPROACH,0.0,0.0,24322.244793922,24.16433966582742,-1.9829059829060043,24.19985216189641,-0.35,5.0,0.05,
2.5204755999984627,APPROACH,0.0,0.0,24322.244793922,24.151522087434195,-1.5726495726495955,24.197603571891953,-0.35,5.0,0.05,
2.5216373830007797,APPROACH,0.0,0.0,24322.244793922,24.151522087434195,-1.5726495726495955,24.19519112589594,-0.35,5.0,0.05,
2.522865069000545,APPROACH,0.0,0.0,24322.244793922,24.140535591668574,-1.0256410256410504,24.1928344678902,-0.35,5.0,0.05,
2.524002522997762,APPROACH,0.0,0.0,24322.244793922,24.140535591668574,-1.0256410256410504,24.190412645891477,-0.35,5.0,0.05,
2.525138244000118,APPROACH,0.0,0.0,24322.244793922,24.140535591668574,-1.0256410256410504,24.188121455890062,-0.35,5.0,0.05,
2.526428903998749,APPROACH,0.0,0.0,24322.244793922,24.130464637216754,-0.6153846153846416,24.185846691894106,-0.35,5.0,0.05,
2.5275890289995004,APPROACH,0.0,0.0,24322.255852058,24.130464637216754,-0.6153846153846416,24.18327528989291,-0.35,5.0,0.05,
2.528832504998718,APPROACH,0.0,0.0,24322.255852058,24.125886930647745,-0.3418803418803691,24.18091258989559,-0.35,5.0,0.05,
2.529978612998093,APPROACH,0.0,0.0,24322.255852058,24.125886930647745,-0.3418803418803691,24.178458621893945,-0.35,5.0,0.05,
2.531144978998782,APPROACH,0.0,0.0,24322.255852058,24.125886930647745,-0.3418803418803691,24.176144647893373,-0.35,5.0,0.05,
2.5324416420007765,APPROACH,0.0,0.0,24322.255852058,24.11215381094072,-0.47863247863250535,24.173828893895255,-0.35,5.0,0.05,
2.533624706997216,APPROACH,0.0,0.0,24322.255852058,24.11215381094072,-0.47863247863250535,24.171222495891264,-0.35,5.0,0.05,
2.5348740570007067,APPROACH,0.0,0.0,24322.255852058,24.104829480430304,-0.06837606837609655,24.168834559889795,-0.35,5.0,0.05,
2.536013581997395,APPROACH,0.0,0.0,24322.255852058,24.104829480430304,-0.06837606837609655,24.166365091893816,-0.35,5.0,0.05,
2.5372649259988975,APPROACH,0.0,0.0,24322.255852058,24.104829480430304,-0.06837606837609655,24.16404749789333,-0.35,5.0,0.05,
2.538542963000509,APPROACH,0.0,0.0,24322.266998775,24.09750514991989,0.47863247863250535,24.1615121798907,-0.35,5.0,0.05,
2.539705958999548,APPROACH,0.0,0.0,24322.266998775,24.09750514991989,0.47863247863250535,24.1590450598899,-0.35,5.0,0.05,
2.5409222380003484,APPROACH,0.0,0.0,24322.266998775,24.090180819409476,0.20512820512823282,24.156705487891735,-0.35,5.0,0.05,
2.5421026980002353,APPROACH,0.0,0.0,24322.266998775,24.090180819409476,0.20512820512823282,24.154298419890686,-0.35,5.0,0.05,
2.543260578000627,APPROACH,0.0,0.0,24322.266998775,24.090180819409476,0.20512820512823282,24.15189975389628,-0.35,5.0,0.05,
2.5445337450000807,APPROACH,0.0,0.0,24322.266998775,24.081025406271458,0.47863247863250535,24.149565205895918,-0.35,5.0,0.05,
2.545647065999219,APPROACH,0.0,0.0,24322.266998775,24.081025406271458,0.47863247863250535,24.14709387989685,-0.35,5.0,0.05,
2.546895673000108,APPROACH,0.0,0.0,24322.266998775,24.07736324101625,0.8888888888889142,24.1448076518948,-0.35,5.0,0.05,
2.5480491339985747,APPROACH,0.0,0.0,24322.266998775,24.07736324101625,0.8888888888889142,24.142313869896746,-0.35,5.0,0.05,
2.5494136620000063,APPROACH,0.0,0.0,24322.277907515,24.070038910505836,0.3418803418803691,24.139727793889755,-0.35,5.0,0.05,
2.5505564539998886,APPROACH,0.0,0.0,24322.277907515,24.070038910505836,0.3418803418803691,24.13733021389023,-0.35,5.0,0.05,
2.5517056659991795,APPROACH,0.0,0.0,24322.277907515,24.070038910505836,0.3418803418803691,24.135044289892242,-0.35,5.0,0.05,
2.552911093000148,APPROACH,0.0,0.0,24322.277907515,24.06637674525063,0.20512820512823282,24.132720433889766,-0.35,5.0,0.05,
2.5540936439974757,APPROACH,0.0,0.0,24322.277907515,24.06637674525063,0.20512820512823282,24.130292593895568,-0.35,5.0,0.05,
2.5553500299974985,APPROACH,0.0,0.0,24322.277907515,24.06729228656443,0.20512820512823282,24.127948549890128,-0.35,5.0,0.05,
2.556473256998288,APPROACH,0.0,0.0,24322.277907515,24.06729228656443,0.20512820512823282,24.125442001889745,-0.35,5.0,0.05,
2.5575881660006416,APPROACH,0.0,0.0,24322.277907515,24.06729228656443,0.20512820512823282,24.123214045889902,-0.35,5.0,0.05,
2.5587969359985436,APPROACH,0.0,0.0,24322.277907515,24.06729228656443,-0.7521367521367779,24.12096143588976,-0.35,5.0,0.05,
2.5599213869973028,APPROACH,0.0,0.0,24322.277907515,24.06729228656443,-0.7521367521367779,24.118567813894764,-0.35,5.0,0.05,
2.5611065209996013,APPROACH,0.0,0.0,24322.288922323,24.06637674525063,-1.1623931623931867,24.116305107892252,-0.35,5.0,0.05,
2.562295343999722,APPROACH,0.0,0.0,24322.288922323,24.06637674525063,-1.1623931623931867,24.113890001893445,-0.35,5.0,0.05,
2.5634432429978915,APPROACH,0.0,0.0,24322.288922323,24.06637674525063,-1.1623931623931867,24.11157018389465,-0.35,5.0,0.05,
2.5646151900000405,APPROACH,0.0,0.0,24322.288922323,24.063630121309224,-1.5726495726495955,24.109274381896533,-0.35,5.0,0.05,
2.565774179998698,APPROACH,0.0,0.0,24322.288922323,24.063630121309224,-1.5726495726495955,24.106879309890495,-0.35,5.0,0.05,
2.566997565998463,APPROACH,0.0,0.0,24322.288922323,24.063630121309224,-1.7094017094017318,24.104597607890604,-0.35,5.0,0.05,
2.5681606020007166,APPROACH,0.0,0.0,24322.288922323,24.063630121309224,-1.7094017094017318,24.102110753892042,-0.35,5.0,0.05,
2.5693114229979983,APPROACH,0.0,0.0,24322.288922323,24.063630121309224,-1.7094017094017318,24.099795321891428,-0.35,5.0,0.05,
2.570489732999704,APPROACH,0.0,0.0,24322.288922323,24.063630121309224,-2.5299145299145493,24.097576675894082,-0.35,5.0,0.05,
2.571640419999312,APPROACH,0.0,0.0,24322.299897168,24.063630121309224,-2.5299145299145493,24.09517479589092,-0.35,5.0,0.05,
2.5728636919993733,APPROACH,0.0,0.0,24322.299897168,24.06088349736782,-2.940170940170958,24.092802019892837,-0.35,5.0,0.05,
2.5740210820003995,APPROACH,0.0,0.0,24322.299897168,24.06088349736782,-2.940170940170958,24.09039026789221,-0.35,5.0,0.05,
2.575140269000258,APPROACH,0.0,0.0,24322.299897168,24.06088349736782,-2.940170940170958,24.08811534389067,-0.35,5.0,0.05,
2.576397532997362,APPROACH,0.0,0.0,24322.299897168,24.059052414740215,-3.0769230769230944,24.085844185895688,-0.35,5.0,0.05,
2.5775329979987873,APPROACH,0.0,0.0,24322.299897168,24.059052414740215,-3.0769230769230944,24.08335527789429,-0.35,5.0,0.05,
2.578718253000261,APPROACH,0.0,0.0,24322.299897168,24.05722133211261,-3.350427350427367,24.08106537189567,-0.35,5.0,0.05,
2.5799212519996217,APPROACH,0.0,0.0,24322.299897168,24.05722133211261,-3.350427350427367,24.078662821893225,-0.35,5.0,0.05,
2.581037132000347,APPROACH,0.0,0.0,24322.299897168,24.05722133211261,-3.350427350427367,24.076305875890533,-0.35,5.0,0.05,
2.5825046469981316,APPROACH,0.0,0.0,24322.31095524,24.054474708171206,-3.897435897435912,24.07365837789373,-0.35,5.0,0.05,
2.5837118909985293,APPROACH,0.0,0.0,24322.31095524,24.054474708171206,-3.897435897435912,24.071109697893256,-0.35,5.0,0.05,
2.5849640669985092,APPROACH,0.0,0.0,24322.31095524,24.048981460288395,-4.1709401709401845,24.06868136389064,-0.35,5.0,0.05,
2.586110935997567,APPROACH,0.0,0.0,24322.31095524,24.048981460288395,-4.1709401709401845,24.06619034189614,-0.35,5.0,0.05,
2.5873782099988603,APPROACH,0.0,0.0,24322.31095524,24.04074158846418,-3.897435897435912,24.063925153889862,-0.35,5.0,0.05,
2.588535063998279,APPROACH,0.0,0.0,24322.31095524,24.04074158846418,-3.897435897435912,24.061381247892562,-0.35,5.0,0.05,
2.5897615629983193,APPROACH,0.0,0.0,24322.31095524,24.04074158846418,-3.897435897435912,24.059048033895372,-0.35,5.0,0.05,
2.5910953799975687,APPROACH,0.0,0.0,24322.31095524,24.038910505836576,-3.897435897435912,24.056556085889746,-0.35,5.0,0.05,
2.592269546999887,APPROACH,0.0,0.0,24322.31095524,24.038910505836576,-3.897435897435912,24.053920485895354,-0.35,5.0,0.05,
2.5935726129973773,APPROACH,0.0,0.0,24322.321929846,24.037079423208972,-4.307692307692321,24.051469683895697,-0.35,5.0,0.05,
2.5948414099984802,APPROACH,0.0,0.0,24322.321929846,24.037079423208972,-4.307692307692321,24.04889007989666,-0.35,5.0,0.05,
2.5960970249980164,APPROACH,0.0,0.0,24322.321929846,24.037079423208972,-4.307692307692321,24.046321427894576,-0.35,5.0,0.05,
2.597413346000394,APPROACH,0.0,0.0,24322.321929846,24.03524834058137,-4.854700854700866,24.043915863892174,-0.35,5.0,0.05,
2.5985956090007676,APPROACH,0.0,0.0,24322.321929846,24.03524834058137,-4.854700854700866,24.04129613589,-0.35,5.0,0.05,
2.5999078989989357,APPROACH,0.0,0.0,24322.321929846,24.034332799267567,-5.128205128205138,24.038855103893432,-0.35,5.0,0.05,
2.601089358999161,APPROACH,0.0,0.0,24322.321929846,24.034332799267567,-5.128205128205138,24.036304159891436,-0.35,5.0,0.05,
2.6022583249978197,APPROACH,0.0,0.0,24322.321929846,24.034332799267567,-5.128205128205138,24.033934413893142,-0.35,5.0,0.05,
2.603714149998268,APPROACH,0.0,0.0,24322.321929846,24.033417257953765,-5.81196581196582,24.03153409589256,-0.35,5.0,0.05,
2.604914692998136,APPROACH,0.0,0.0,24322.333013541,24.033417257953765,-5.81196581196582,24.028600709892338,-0.35,5.0,0.05,
2.606153094999172,APPROACH,0.0,0.0,24322.333013541,24.032501716639963,-6.2222222222222285,24.02631174189562,-0.35,5.0,0.05,
2.607345828997495,APPROACH,0.0,0.0,24322.333013541,24.032501716639963,-6.2222222222222285,24.023819875890034,-0.35,5.0,0.05,
2.6085696759982966,APPROACH,0.0,0.0,24322.333013541,24.032501716639963,-6.2222222222222285,24.021405403896345,-0.35,5.0,0.05,
2.609913135998795,APPROACH,0.0,0.0,24322.333013541,24.03067063401236,-6.632478632478637,24.018978969893645,-0.35,5.0,0.05,
2.6111059459981334,APPROACH,0.0,0.0,24322.333013541,24.03067063401236,-6.632478632478637,24.016286581894086,-0.35,5.0,0.05,
2.6123919499987096,APPROACH,0.0,0.0,24322.333013541,24.029755092698558,-7.042735042735046,24.013911065894057,-0.35,5.0,0.05,
2.613568791999569,APPROACH,0.0,0.0,24322.333013541,24.029755092698558,-7.042735042735046,24.01131217589252,-0.35,5.0,0.05,
2.6147080859991547,APPROACH,0.0,0.0,24322.333013541,24.029755092698558,-7.042735042735046,24.008986419890128,-0.35,5.0,0.05,
2.6159913189985673,APPROACH,0.0,0.0,24322.344044842,24.02517738612955,-7.452991452991455,24.006705269895313,-0.35,5.0,0.05,
2.6171818529983284,APPROACH,0.0,0.0,24322.344044842,24.02517738612955,-7.452991452991455,24.00408445989276,-0.35,5.0,0.05,
2.6184385460001067,APPROACH,0.0,0.0,24322.344044842,24.021515220874342,-7.452991452991455,24.00177147589536,-0.35,5.0,0.05,
2.6196108369986177,APPROACH,0.0,0.0,24322.344044842,24.021515220874342,-7.452991452991455,23.999236653894762,-0.35,5.0,0.05,
2.6207769729990105,APPROACH,0.0,0.0,24322.344044842,24.021515220874342,-7.452991452991455,23.99690243389457,-0.35,5.0,0.05,
2.622067493997747,APPROACH,0.0,0.0,24322.344044842,24.016937514305333,-7.7264957264957275,23.99451919389073,-0.35,5.0,0.05,
2.6232123320005485,APPROACH,0.0,0.0,24322.344044842,24.016937514305333,-7.7264957264957275,23.99200429589225,-0.35,5.0,0.05,
2.6244875009979296,APPROACH,0.0,0.0,24322.344044842,24.014190890363928,-7.863247863247864,23.989697055892314,-0.35,5.0,0.05,
2.625636634998955,APPROACH,0.0,0.0,24322.344044842,24.014190890363928,-7.863247863247864,23.987144171894464,-0.35,5.0,0.05,
2.6269376409982215,APPROACH,0.0,0.0,24322.354958661,24.007782101167315,-7.863247863247864,23.98479980389063,-0.35,5.0,0.05,
2.6281284680007957,APPROACH,0.0,0.0,24322.354958661,24.007782101167315,-7.863247863247864,23.982235611890495,-0.35,5.0,0.05,
2.6292921280000883,APPROACH,0.0,0.0,24322.354958661,24.007782101167315,-7.863247863247864,23.97986262789461,-0.35,5.0,0.05,
2.630542986000364,APPROACH,0.0,0.0,24322.354958661,24.001373311970703,-8.0,23.977546123890782,-0.35,5.0,0.05,
2.63173644500057,APPROACH,0.0,0.0,24322.354958661,24.001373311970703,-8.0,23.975029983893613,-0.35,5.0,0.05,
2.6330038239975693,APPROACH,0.0,0.0,24322.354958661,23.991302357518883,-7.7264957264957275,23.97264149989612,-0.35,5.0,0.05,
2.634188019997964,APPROACH,0.0,0.0,24322.354958661,23.991302357518883,-7.7264957264957275,23.970113885895692,-0.35,5.0,0.05,
2.635363535999204,APPROACH,0.0,0.0,24322.354958661,23.991302357518883,-7.7264957264957275,23.967740883891814,-0.35,5.0,0.05,
2.636711565999576,APPROACH,0.0,0.0,24322.354958661,23.98489356832227,-6.90598290598291,23.965392949890223,-0.35,5.0,0.05,
2.637925234997965,APPROACH,0.0,0.0,24322.365991674,23.98489356832227,-6.90598290598291,23.96258579989196,-0.35,5.0,0.05,
2.639191185000527,APPROACH,0.0,0.0,24322.365991674,23.978484779125658,-7.179487179487182,23.960219831891003,-0.35,5.0,0.05,
2.64035387200056,APPROACH,0.0,0.0,24322.365991674,23.978484779125658,-7.179487179487182,23.957750203896715,-0.35,5.0,0.05,
2.6415338389997487,APPROACH,0.0,0.0,24322.365991674,23.978484779125658,-7.179487179487182,23.955403631896182,-0.35,5.0,0.05,
2.6428856549973716,APPROACH,0.0,0.0,24322.365991674,23.95925841153582,-6.90598290598291,23.95303204389463,-0.35,5.0,0.05,
2.644052939998801,APPROACH,0.0,0.0,24322.365991674,23.95925841153582,-6.90598290598291,23.950335841896297,-0.35,5.0,0.05,
2.6454599280004913,APPROACH,0.0,0.0,24322.365991674,23.947356374456398,-5.538461538461547,23.947904339890805,-0.35,5.0,0.05,
2.6466379899975436,APPROACH,0.0,0.0,24322.365991674,23.947356374456398,-5.538461538461547,23.9451649918931,-0.35,5.0,0.05,
2.6477980019990355,APPROACH,0.0,0.0,24322.365991674,23.947356374456398,-5.538461538461547,23.942856715891388,-0.35,5.0,0.05,
2.6490932809974765,APPROACH,0.0,0.0,24322.377134871,23.924467841611353,-4.1709401709401845,23.940537703894073,-0.35,5.0,0.05,
2.6503060510003706,APPROACH,0.0,0.0,24322.377134871,23.924467841611353,-4.1709401709401845,23.93782842989574,-0.35,5.0,0.05,
2.651589322998916,APPROACH,0.0,0.0,24322.377134871,23.904325932707714,-3.2136752136752307,23.93549108989216,-0.35,5.0,0.05,
2.6527755450006225,APPROACH,0.0,0.0,24322.377134871,23.904325932707714,-3.2136752136752307,23.93292705589672,-0.35,5.0,0.05,
2.6540027109986113,APPROACH,0.0,0.0,24322.377134871,23.904325932707714,-3.2136752136752307,23.930442171892786,-0.35,5.0,0.05,
2.6553299469997,APPROACH,0.0,0.0,24322.377134871,23.867704280155642,-0.47863247863250535,23.92806518589466,-0.35,5.0,0.05,
2.6564818309998373,APPROACH,0.0,0.0,24322.377134871,23.867704280155642,-0.47863247863250535,23.925466471891262,-0.35,5.0,0.05,
2.657767201999377,APPROACH,0.0,0.0,24322.377134871,23.848477912565805,0.8888888888889142,23.923158361890522,-0.35,5.0,0.05,
2.6589261279987113,APPROACH,0.0,0.0,24322.377134871,23.848477912565805,0.8888888888889142,23.920570937895967,-0.35,5.0,0.05,
2.6600577600002,APPROACH,0.0,0.0,24322.388041355,23.848477912565805,0.8888888888889142,23.9182897118965,-0.35,5.0,0.05,
2.6613488090006285,APPROACH,0.0,0.0,24322.388041355,23.82009613183795,3.0769230769230944,23.916014345895086,-0.35,5.0,0.05,
2.6626527109983726,APPROACH,0.0,0.0,24322.388041355,23.82009613183795,3.0769230769230944,23.913370285890117,-0.35,5.0,0.05,
2.6640674919981393,APPROACH,0.0,0.0,24322.388041355,23.803616388189518,4.034188034188048,23.910729077893187,-0.35,5.0,0.05,
2.6653630410000915,APPROACH,0.0,0.0,24322.388041355,23.803616388189518,4.034188034188048,23.907872345896315,-0.35,5.0,0.05,
2.66671561199837,APPROACH,0.0,0.0,24322.388041355,23.77889677271687,5.6752136752136835,23.905321943894954,-0.35,5.0,0.05,
2.6678763729978527,APPROACH,0.0,0.0,24322.388041355,23.77889677271687,5.6752136752136835,23.90268707989278,-0.35,5.0,0.05,
2.6690353070007404,APPROACH,0.0,0.0,24322.388041355,23.77889677271687,5.6752136752136835,23.90035907789686,-0.35,5.0,0.05,
2.6704840259990306,APPROACH,0.0,0.0,24322.398940942,23.76791027695125,6.495726495726501,23.897698287889646,-0.35,5.0,0.05,
2.6716531700003543,APPROACH,0.0,0.0,24322.398940942,23.76791027695125,6.495726495726501,23.895141185895476,-0.35,5.0,0.05,
2.672912742000335,APPROACH,0.0,0.0,24322.398940942,23.76791027695125,6.769230769230774,23.89282501589448,-0.35,5.0,0.05,
2.674096335998911,APPROACH,0.0,0.0,24322.398940942,23.76791027695125,6.769230769230774,23.890288361895067,-0.35,5.0,0.05,
2.675267783997697,APPROACH,0.0,0.0,24322.398940942,23.76791027695125,6.769230769230774,23.887917167893896,-0.35,5.0,0.05,
2.676567103000707,APPROACH,0.0,0.0,24322.398940942,23.771572442206455,5.6752136752136835,23.885599989896285,-0.35,5.0,0.05,
2.6777942000007897,APPROACH,0.0,0.0,24322.398940942,23.771572442206455,5.6752136752136835,23.882974415895,-0.35,5.0,0.05,
2.679078239998489,APPROACH,0.0,0.0,24322.398940942,23.769741359578852,4.581196581196593,23.880506483890052,-0.35,5.0,0.05,
2.680255916999158,APPROACH,0.0,0.0,24322.398940942,23.769741359578852,4.581196581196593,23.877940637890127,-0.35,5.0,0.05,
2.6816369730004226,APPROACH,0.0,0.0,24322.410068961,23.769741359578852,4.581196581196593,23.875417899894522,-0.35,5.0,0.05,
2.6829941109972424,APPROACH,0.0,0.0,24322.410068961,23.76882581826505,4.307692307692321,23.872754191893613,-0.35,5.0,0.05,
2.6842721389984945,APPROACH,0.0,0.0,24322.410068961,23.76882581826505,4.307692307692321,23.869909689893824,-0.35,5.0,0.05,
2.6856085439976596,APPROACH,0.0,0.0,24322.410068961,23.770656900892654,3.897435897435912,23.867355051895423,-0.35,5.0,0.05,
2.6867711989980307,APPROACH,0.0,0.0,24322.410068961,23.770656900892654,3.897435897435912,23.864912707890902,-0.35,5.0,0.05,
2.6879931570001645,APPROACH,0.0,0.0,24322.410068961,23.770656900892654,3.897435897435912,23.86257256389333,-0.35,5.0,0.05,
2.6894908100002795,APPROACH,0.0,0.0,24322.410068961,23.76882581826505,2.803418803418822,23.859885233892122,-0.35,5.0,0.05,
2.6906962959983503,APPROACH,0.0,0.0,24322.410068961,23.76882581826505,2.803418803418822,23.85711142189509,-0.35,5.0,0.05,
2.691937881998456,APPROACH,0.0,0.0,24322.410068961,23.76882581826505,2.393162393162413,23.854720851895102,-0.35,5.0,0.05,
2.693190630998288,APPROACH,0.0,0.0,24322.420962296,23.76882581826505,2.393162393162413,23.85213969589065,-0.35,5.0,0.05,
2.694431899999472,APPROACH,0.0,0.0,24322.420962296,23.76882581826505,2.393162393162413,23.849642885893694,-0.35,5.0,0.05,
2.6957353409998177,APPROACH,0.0,0.0,24322.420962296,23.769741359578852,1.846153846153868,23.847227259896748,-0.35,5.0,0.05,
2.6968515289991046,APPROACH,0.0,0.0,24322.420962296,23.769741359578852,1.846153846153868,23.84468315188976,-0.35,5.0,0.05,
2.6980034609987342,APPROACH,0.0,0.0,24322.420962296,23.770656900892654,1.1623931623931867,23.84246188589284,-0.35,5.0,0.05,
2.6991467209991242,APPROACH,0.0,0.0,24322.420962296,23.770656900892654,1.1623931623931867,23.840148559896328,-0.35,5.0,0.05,
2.7003075590000662,APPROACH,0.0,0.0,24322.420962296,23.770656900892654,1.1623931623931867,23.83780932989,-0.35,5.0,0.05,
2.7015934810006,APPROACH,0.0,0.0,24322.420962296,23.76791027695125,0.47863247863250535,23.835494857893785,-0.35,5.0,0.05,
2.7027463390004414,APPROACH,0.0,0.0,24322.420962296,23.76791027695125,0.47863247863250535,23.832911353894154,-0.35,5.0,0.05,
2.703912424000009,APPROACH,0.0,0.0,24322.432101956,23.76882581826505,0.20512820512823282,23.830673409896256,-0.35,5.0,0.05,
2.7050309980004386,APPROACH,0.0,0.0,24322.432101956,23.76882581826505,0.20512820512823282,23.828332429891155,-0.35,5.0,0.05,
2.7063224439989426,APPROACH,0.0,0.0,24322.432101956,23.76882581826505,-0.3418803418803691,23.826046649891644,-0.35,5.0,0.05,
2.707462164999015,APPROACH,0.0,0.0,24322.432101956,23.76882581826505,-0.3418803418803691,23.82347550189413,-0.35,5.0,0.05,
2.70858171099826,APPROACH,0.0,0.0,24322.432101956,23.76882581826505,-0.3418803418803691,23.821230353890563,-0.35,5.0,0.05,
2.709816067999782,APPROACH,0.0,0.0,24322.432101956,23.76882581826505,-1.1623931623931867,23.818982089892664,-0.35,5.0,0.05,
2.710992509000789,APPROACH,0.0,0.0,24322.432101956,23.76882581826505,-1.1623931623931867,23.816438625895238,-0.35,5.0,0.05,
2.712180561000423,APPROACH,0.0,0.0,24322.432101956,23.766994735637446,-1.4358974358974592,23.814146413890988,-0.35,5.0,0.05,
2.7133321299988893,APPROACH,0.0,0.0,24322.432101956,23.766994735637446,-1.4358974358974592,23.811774667892017,-0.35,5.0,0.05,
2.714459831997374,APPROACH,0.0,0.0,24322.442986976,23.766994735637446,-1.4358974358974592,23.809492739893606,-0.35,5.0,0.05,
2.715662992999569,APPROACH,0.0,0.0,24322.442986976,23.76882581826505,-1.7094017094017318,23.80724232189211,-0.35,5.0,0.05,
2.7167821980001463,APPROACH,0.0,0.0,24322.442986976,23.76882581826505,-1.7094017094017318,23.804825603890343,-0.35,5.0,0.05,
2.718024833000527,APPROACH,0.0,0.0,24322.442986976,23.766994735637446,-2.5299145299145493,23.8025870518916,-0.35,5.0,0.05,
2.719182393997471,APPROACH,0.0,0.0,24322.442986976,23.766994735637446,-2.5299145299145493,23.800048575890536,-0.35,5.0,0.05,
2.720286063999083,APPROACH,0.0,0.0,24322.442986976,23.766994735637446,-2.5299145299145493,23.797802035894414,-0.35,5.0,0.05,
2.7214782259979984,APPROACH,0.0,0.0,24322.442986976,23.766079194323645,-3.0769230769230944,23.79560995189356,-0.35,5.0,0.05,
2.7226105320005445,APPROACH,0.0,0.0,24322.442986976,23.766079194323645,-3.0769230769230944,23.793196045896615,-0.35,5.0,0.05,
2.7238230160000967,APPROACH,0.0,0.0,24322.442986976,23.766079194323645,-3.350427350427367,23.790899791894184,-0.35,5.0,0.05,
2.7249414379984955,APPROACH,0.0,0.0,24322.442986976,23.766079194323645,-3.350427350427367,23.788515833891573,-0.35,5.0,0.05,
2.726074060999963,APPROACH,0.0,0.0,24322.454296711,23.766079194323645,-3.350427350427367,23.78627134589012,-0.35,5.0,0.05,
2.727329800000007,APPROACH,0.0,0.0,24322.454296711,23.766079194323645,-3.897435897435912,23.783956715896487,-0.35,5.0,0.05,
2.728447793997475,APPROACH,0.0,0.0,24322.454296711,23.766079194323645,-3.897435897435912,23.78149049789615,-0.35,5.0,0.05,
2.7296875629981514,APPROACH,0.0,0.0,24322.454296711,23.765163653009843,-4.307692307692321,23.779239171891525,-0.35,5.0,0.05,
2.7308433409998543,APPROACH,0.0,0.0,24322.454296711,23.765163653009843,-4.307692307692321,23.7767460258922,-0.35,5.0,0.05,
2.7319661019973864,APPROACH,0.0,0.0,24322.454296711,23.765163653009843,-4.307692307692321,23.77447135789523,-0.35,5.0,0.05,
2.7331835479999427,APPROACH,0.0,0.0,24322.454296711,23.76424811169604,-4.854700854700866,23.77219947789242,-0.35,5.0,0.05,
2.734343173000525,APPROACH,0.0,0.0,24322.454296711,23.76424811169604,-4.854700854700866,23.769740363889717,-0.35,5.0,0.05,
2.735495991000789,APPROACH,0.0,0.0,24322.454296711,23.761501487754636,-5.128205128205138,23.767476719892578,-0.35,5.0,0.05,
2.7366022360001807,APPROACH,0.0,0.0,24322.464931296,23.761501487754636,-5.128205128205138,23.765174199893657,-0.35,5.0,0.05,
2.7377532419995987,APPROACH,0.0,0.0,24322.464931296,23.761501487754636,-5.128205128205138,23.762928353892924,-0.35,5.0,0.05,
2.739014307000616,APPROACH,0.0,0.0,24322.464931296,23.75783932249943,-5.538461538461547,23.760626257893158,-0.35,5.0,0.05,
2.7401710739977716,APPROACH,0.0,0.0,24322.464931296,23.75783932249943,-5.538461538461547,23.758091171891714,-0.35,5.0,0.05,
2.741370930998528,APPROACH,0.0,0.0,24322.464931296,23.755092698558023,-5.6752136752136835,23.7557894998911,-0.35,5.0,0.05,
2.7425037209977745,APPROACH,0.0,0.0,24322.464931296,23.755092698558023,-5.6752136752136835,23.75341802789014,-0.35,5.0,0.05,
2.7437203739973484,APPROACH,0.0,0.0,24322.464931296,23.74868390936141,-5.81196581196582,23.751121095892152,-0.35,5.0,0.05,
2.744866518998606,APPROACH,0.0,0.0,24322.464931296,23.74868390936141,-5.81196581196582,23.748690231893555,-0.35,5.0,0.05,
2.7460913920003804,APPROACH,0.0,0.0,24322.464931296,23.74868390936141,-5.81196581196582,23.746361695893277,-0.35,5.0,0.05,
2.747500230998412,APPROACH,0.0,0.0,24322.476043424,23.745021744106204,-5.81196581196582,23.743497539894882,-0.35,5.0,0.05,
2.74860565400013,APPROACH,0.0,0.0,24322.476043424,23.745021744106204,-5.81196581196582,23.741162421896,-0.35,5.0,0.05,
2.74975685499885,APPROACH,0.0,0.0,24322.476043424,23.741359578850997,-5.81196581196582,23.73895674789062,-0.35,5.0,0.05,
2.7509413980005775,APPROACH,0.0,0.0,24322.476043424,23.741359578850997,-5.81196581196582,23.73659586989495,-0.35,5.0,0.05,
2.7520929589991283,APPROACH,0.0,0.0,24322.476043424,23.741359578850997,-5.81196581196582,23.734248279893357,-0.35,5.0,0.05,
2.75329283499741,APPROACH,0.0,0.0,24322.476043424,23.73769741359579,-6.2222222222222285,23.731951045892195,-0.35,5.0,0.05,
2.7544356629987305,APPROACH,0.0,0.0,24322.476043424,23.73769741359579,-6.2222222222222285,23.72958056189352,-0.35,5.0,0.05,
2.7555865419999463,APPROACH,0.0,0.0,24322.476043424,23.731288624399177,-6.358974358974365,23.727294377896463,-0.35,5.0,0.05,
2.7567043759991066,APPROACH,0.0,0.0,24322.476043424,23.731288624399177,-6.358974358974365,23.724990499890986,-0.35,5.0,0.05,
2.757841668997571,APPROACH,0.0,0.0,24322.476043424,23.731288624399177,-6.358974358974365,23.72272545789135,-0.35,5.0,0.05,
2.75905657399926,APPROACH,0.0,0.0,24322.48705861,23.725795376516366,-5.948717948717956,23.720440537895477,-0.35,5.0,0.05,
2.760196505998465,APPROACH,0.0,0.0,24322.48705861,23.725795376516366,-5.948717948717956,23.718021621892397,-0.35,5.0,0.05,
2.7614351279989933,APPROACH,0.0,0.0,24322.48705861,23.723964293888763,-6.085470085470092,23.71574094189534,-0.35,5.0,0.05,
2.76255220999883,APPROACH,0.0,0.0,24322.48705861,23.723964293888763,-6.085470085470092,23.713290257889888,-0.35,5.0,0.05,
2.763682765998965,APPROACH,0.0,0.0,24322.48705861,23.723964293888763,-6.085470085470092,23.711061819894233,-0.35,5.0,0.05,
2.764896682998369,APPROACH,0.0,0.0,24322.48705861,23.719386587319754,-6.769230769230774,23.70876991589582,-0.35,5.0,0.05,
2.7660061129972746,APPROACH,0.0,0.0,24322.48705861,23.719386587319754,-6.769230769230774,23.706372363894182,-0.35,5.0,0.05,
2.7671973670003354,APPROACH,0.0,0.0,24322.48705861,23.71663996337835,-6.90598290598291,23.704119469891587,-0.35,5.0,0.05,
2.768348094999965,APPROACH,0.0,0.0,24322.48705861,23.71663996337835,-6.90598290598291,23.701734545896464,-0.35,5.0,0.05,
2.7694518299977062,APPROACH,0.0,0.0,24322.49802059,23.71663996337835,-6.90598290598291,23.699472745896195,-0.35,5.0,0.05,
2.770655133997934,APPROACH,0.0,0.0,24322.49802059,23.710231174181736,-6.90598290598291,23.697252133891446,-0.35,5.0,0.05,
2.7718416629977582,APPROACH,0.0,0.0,24322.49802059,23.710231174181736,-6.90598290598291,23.694775823890517,-0.35,5.0,0.05,
2.7730813109992596,APPROACH,0.0,0.0,24322.49802059,23.700160219729916,-6.769230769230774,23.69242119188973,-0.35,5.0,0.05,
2.7742123899988655,APPROACH,0.0,0.0,24322.49802059,23.700160219729916,-6.769230769230774,23.689964437894808,-0.35,5.0,0.05,
2.775327142997412,APPROACH,0.0,0.0,24322.49802059,23.700160219729916,-6.769230769230774,23.68774098389374,-0.35,5.0,0.05,
2.776613478999934,APPROACH,0.0,0.0,24322.49802059,23.690089265278097,-5.948717948717956,23.68548246989055,-0.35,5.0,0.05,
2.7777703149986337,APPROACH,0.0,0.0,24322.49802059,23.690089265278097,-5.948717948717956,23.682874361891002,-0.35,5.0,0.05,
2.7789737669991155,APPROACH,0.0,0.0,24322.49802059,23.683680476081484,-5.6752136752136835,23.68062037189636,-0.35,5.0,0.05,
2.7801799059998302,APPROACH,0.0,0.0,24322.49802059,23.683680476081484,-5.6752136752136835,23.67812447388976,-0.35,5.0,0.05,
2.7817927809992398,APPROACH,0.0,0.0,24322.50919124,23.66628519111925,-5.401709401709411,23.675062407893414,-0.35,5.0,0.05,
2.7829836179989798,APPROACH,0.0,0.0,24322.50919124,23.66628519111925,-5.401709401709411,23.672530223893112,-0.35,5.0,0.05,
2.784133403998567,APPROACH,0.0,0.0,24322.50919124,23.66628519111925,-5.401709401709411,23.670158113892533,-0.35,5.0,0.05,
2.7853784910003014,APPROACH,0.0,0.0,24322.50919124,23.648889906157017,-4.1709401709401845,23.667873373896576,-0.35,5.0,0.05,
2.7864901409993763,APPROACH,0.0,0.0,24322.50919124,23.648889906157017,-4.1709401709401845,23.665395995894208,-0.35,5.0,0.05,
2.787706735998654,APPROACH,0.0,0.0,24322.50919124,23.63607232776379,-3.350427350427367,23.663177027892083,-0.35,5.0,0.05,
2.788850939999975,APPROACH,0.0,0.0,24322.50919124,23.63607232776379,-3.350427350427367,23.66072268789255,-0.35,5.0,0.05,
2.7900293940001575,APPROACH,0.0,0.0,24322.50919124,23.63607232776379,-3.350427350427367,23.658389449891978,-0.35,5.0,0.05,
2.791674607000459,APPROACH,0.0,0.0,24322.50919124,23.61501487754635,-1.9829059829060043,23.656083893890603,-0.35,5.0,0.05,
2.792911158998322,APPROACH,0.0,0.0,24322.52029553,23.61501487754635,-1.9829059829060043,23.652700533895107,-0.35,5.0,0.05,
2.7941017049997754,APPROACH,0.0,0.0,24322.52029553,23.601281757839324,-1.299145299145323,23.650308101890253,-0.35,5.0,0.05,
2.795220320000226,APPROACH,0.0,0.0,24322.52029553,23.601281757839324,-1.299145299145323,23.647954741894203,-0.35,5.0,0.05,
2.796370477997698,APPROACH,0.0,0.0,24322.52029553,23.601281757839324,-1.299145299145323,23.64568864789296,-0.35,5.0,0.05,
2.797594757998013,APPROACH,0.0,0.0,24322.52029553,23.5884641794461,-0.20512820512823282,23.643393633895606,-0.35,5.0,0.05,
2.798749208999652,APPROACH,0.0,0.0,24322.52029553,23.5884641794461,-0.20512820512823282,23.64093845789582,-0.35,5.0,0.05,
2.7999542239995208,APPROACH,0.0,0.0,24322.52029553,23.57839322499428,-0.20512820512823282,23.63863716189487,-0.35,5.0,0.05,
2.8011105749974377,APPROACH,0.0,0.0,24322.52029553,23.57839322499428,-0.20512820512823282,23.63622427989437,-0.35,5.0,0.05,
2.802527731000737,APPROACH,0.0,0.0,24322.531126598,23.57839322499428,-0.20512820512823282,23.63332182189449,-0.35,5.0,0.05,
2.8039610939995327,APPROACH,0.0,0.0,24322.531126598,23.570153353170063,0.20512820512823282,23.631079501895577,-0.35,5.0,0.05,
2.805395501000021,APPROACH,0.0,0.0,24322.531126598,23.570153353170063,0.20512820512823282,23.6280349258898,-0.35,5.0,0.05,
2.807001691999176,APPROACH,0.0,0.0,24322.531126598,23.565575646601054,0.47863247863250535,23.625146333893348,-0.35,5.0,0.05,
2.8082544329990924,APPROACH,0.0,0.0,24322.531126598,23.565575646601054,0.47863247863250535,23.622022951896064,-0.35,5.0,0.05,
2.809469836000062,APPROACH,0.0,0.0,24322.531126598,23.565575646601054,0.47863247863250535,23.619581169893785,-0.35,5.0,0.05,
2.810860542998853,APPROACH,0.0,0.0,24322.531126598,23.549095902952622,0.3418803418803691,23.617149105893326,-0.35,5.0,0.05,
2.812028823998844,APPROACH,0.0,0.0,24322.531126598,23.549095902952622,0.3418803418803691,23.614385823894985,-0.35,5.0,0.05,
2.8137173769973742,APPROACH,0.0,0.0,24322.531126598,23.545433737697415,1.1623931623931867,23.612068709896697,-0.35,5.0,0.05,
2.8150625599992054,APPROACH,0.0,0.0,24322.542339221,23.545433737697415,1.1623931623931867,23.608509809893143,-0.35,5.0,0.05,
2.8162957549975545,APPROACH,0.0,0.0,24322.542339221,23.545433737697415,1.1623931623931867,23.606043041895894,-0.35,5.0,0.05,
2.8176710689986066,APPROACH,0.0,0.0,24322.542339221,23.539024948500803,0.47863247863250535,23.6034609078936,-0.35,5.0,0.05,
2.818972267999925,APPROACH,0.0,0.0,24322.542339221,23.539024948500803,0.47863247863250535,23.600666253894154,-0.35,5.0,0.05,
2.820432307998999,APPROACH,0.0,0.0,24322.542339221,23.53170061799039,0.3418803418803691,23.598084659891605,-0.35,5.0,0.05,
2.8216814279985556,APPROACH,0.0,0.0,24322.542339221,23.53170061799039,0.3418803418803691,23.595174633891723,-0.35,5.0,0.05,
2.8230961689987453,APPROACH,0.0,0.0,24322.542339221,23.525291828793776,0.8888888888889142,23.592709159894433,-0.35,5.0,0.05,
2.8246546709997347,APPROACH,0.0,0.0,24322.55319594,23.525291828793776,0.8888888888889142,23.589177863891813,-0.35,5.0,0.05,
2.8258585809999204,APPROACH,0.0,0.0,24322.55319594,23.525291828793776,0.8888888888889142,23.586796475895675,-0.35,5.0,0.05,
2.8271815400003106,APPROACH,0.0,0.0,24322.55319594,23.520714122224767,0.47863247863250535,23.584383237889845,-0.35,5.0,0.05,
2.828384645999904,APPROACH,0.0,0.0,24322.55319594,23.520714122224767,0.47863247863250535,23.581744529890123,-0.35,5.0,0.05,
2.829752653000469,APPROACH,0.0,0.0,24322.55319594,23.514305333028155,0.20512820512823282,23.579325603889878,-0.35,5.0,0.05,
2.8309738530006143,APPROACH,0.0,0.0,24322.55319594,23.514305333028155,0.20512820512823282,23.576547419893608,-0.35,5.0,0.05,
2.832179233999341,APPROACH,0.0,0.0,24322.55319594,23.514305333028155,0.20512820512823282,23.574156871896115,-0.35,5.0,0.05,
2.83352323699728,APPROACH,0.0,0.0,24322.55319594,23.507896543831542,0.47863247863250535,23.57173980389168,-0.35,5.0,0.05,
2.834726035998756,APPROACH,0.0,0.0,24322.55319594,23.507896543831542,0.47863247863250535,23.56906198589538,-0.35,5.0,0.05,
2.836093653997523,APPROACH,0.0,0.0,24322.564215438,23.50698100251774,0.20512820512823282,23.56646650789596,-0.35,5.0,0.05,
2.837426119000156,APPROACH,0.0,0.0,24322.564215438,23.50698100251774,0.20512820512823282,23.563716483892925,-0.35,5.0,0.05,
2.8386282899991784,APPROACH,0.0,0.0,24322.564215438,23.50698100251774,0.20512820512823282,23.561236263894237,-0.35,5.0,0.05,
2.8401113100007933,APPROACH,0.0,0.0,24322.564215438,23.50698100251774,-0.47863247863250535,23.558697197893046,-0.35,5.0,0.05,
2.8413140949996887,APPROACH,0.0,0.0,24322.564215438,23.50698100251774,-0.47863247863250535,23.555849019890296,-0.35,5.0,0.05,
2.8426414519999526,APPROACH,0.0,0.0,24322.564215438,23.505149919890137,-1.0256410256410504,23.553404005893093,-0.35,5.0,0.05,
2.8438443829982134,APPROACH,0.0,0.0,24322.564215438,23.505149919890137,-1.0256410256410504,23.55076139589189,-0.35,5.0,0.05,
2.845140851997712,APPROACH,0.0,0.0,24322.564215438,23.505149919890137,-1.0256410256410504,23.548350139893294,-0.35,5.0,0.05,
2.8468536809996294,APPROACH,0.0,0.0,24322.575217254,23.504234378576335,-1.5726495726495955,23.545111741893628,-0.35,5.0,0.05,
2.8480833229987184,APPROACH,0.0,0.0,24322.575217254,23.504234378576335,-1.5726495726495955,23.542372841891186,-0.35,5.0,0.05,
2.8495279169983405,APPROACH,0.0,0.0,24322.575217254,23.503318837262533,-1.9829059829060043,23.539886927895417,-0.35,5.0,0.05,
2.850730948997807,APPROACH,0.0,0.0,24322.575217254,23.503318837262533,-1.9829059829060043,23.53699867989169,-0.35,5.0,0.05,
2.8519617109996034,APPROACH,0.0,0.0,24322.575217254,23.503318837262533,-1.9829059829060043,23.534644457891112,-0.35,5.0,0.05,
2.8533117250008218,APPROACH,0.0,0.0,24322.575217254,23.499656672007326,-2.5299145299145493,23.53216859789361,-0.35,5.0,0.05,
2.8545372349981335,APPROACH,0.0,0.0,24322.575217254,23.499656672007326,-2.5299145299145493,23.52946593989443,-0.35,5.0,0.05,
2.8559894719983276,APPROACH,0.0,0.0,24322.575217254,23.497825589379723,-2.6666666666666856,23.526992061896884,-0.35,5.0,0.05,
2.8578844240000763,APPROACH,0.0,0.0,24322.575217254,23.497825589379723,-2.6666666666666856,23.523761845893453,-0.35,5.0,0.05,
2.8591789370002516,APPROACH,0.0,0.0,24322.586396856,23.497825589379723,-2.6666666666666856,23.520107971891115,-0.35,5.0,0.05,
2.860465131998353,APPROACH,0.0,0.0,24322.586396856,23.49050125886931,-3.0769230769230944,23.517755883892526,-0.35,5.0,0.05,
2.8616261259994644,APPROACH,0.0,0.0,24322.586396856,23.49050125886931,-3.0769230769230944,23.515191237894463,-0.35,5.0,0.05,
2.862850671997876,APPROACH,0.0,0.0,24322.586396856,23.48134584573129,-2.803418803418822,23.512881023890507,-0.35,5.0,0.05,
2.8641249229985988,APPROACH,0.0,0.0,24322.586396856,23.48134584573129,-2.803418803418822,23.510331623890373,-0.35,5.0,0.05,
2.8654705039989494,APPROACH,0.0,0.0,24322.586396856,23.472190432593273,-2.393162393162413,23.50774729189404,-0.35,5.0,0.05,
2.866639916999702,APPROACH,0.0,0.0,24322.586396856,23.472190432593273,-2.393162393162413,23.50518259189382,-0.35,5.0,0.05,
2.867870474998199,APPROACH,0.0,0.0,24322.586396856,23.472190432593273,-2.393162393162413,23.502765371894633,-0.35,5.0,0.05,
2.8691931329994986,APPROACH,0.0,0.0,24322.597206626,23.466697184710462,-2.393162393162413,23.500298225896834,-0.35,5.0,0.05,
2.8703206539976236,APPROACH,0.0,0.0,24322.597206626,23.466697184710462,-2.393162393162413,23.49774385589378,-0.35,5.0,0.05,
2.871424068998749,APPROACH,0.0,0.0,24322.597206626,23.457541771572444,-2.5299145299145493,23.495619027891074,-0.35,5.0,0.05,
2.8725767340001767,APPROACH,0.0,0.0,24322.597206626,23.457541771572444,-2.5299145299145493,23.493311261890334,-0.35,5.0,0.05,
2.8737127620006504,APPROACH,0.0,0.0,24322.597206626,23.457541771572444,-2.5299145299145493,23.491007071891794,-0.35,5.0,0.05,
2.8749221629987005,APPROACH,0.0,0.0,24322.597206626,23.446555275806823,-1.7094017094017318,23.488711055893212,-0.35,5.0,0.05,
2.876148536997789,APPROACH,0.0,0.0,24322.597206626,23.446555275806823,-1.7094017094017318,23.486269777896517,-0.35,5.0,0.05,
2.877541139998357,APPROACH,0.0,0.0,24322.597206626,23.441977569237814,-1.4358974358974592,23.48377137789182,-0.35,5.0,0.05,
2.8787266929975885,APPROACH,0.0,0.0,24322.597206626,23.441977569237814,-1.4358974358974592,23.480993013895635,-0.35,5.0,0.05,
2.879931208997732,APPROACH,0.0,0.0,24322.608198915,23.441977569237814,-1.4358974358974592,23.478640141890786,-0.35,5.0,0.05,
2.8811666509973293,APPROACH,0.0,0.0,24322.608198915,23.428244449530787,-1.5726495726495955,23.476261117889656,-0.35,5.0,0.05,
2.8824987029984186,APPROACH,0.0,0.0,24322.608198915,23.428244449530787,-1.5726495726495955,23.473551143893268,-0.35,5.0,0.05,
2.883801501997368,APPROACH,0.0,0.0,24322.608198915,23.421835660334175,-1.1623931623931867,23.471087021892593,-0.35,5.0,0.05,
2.8850780199973087,APPROACH,0.0,0.0,24322.608198915,23.421835660334175,-1.1623931623931867,23.468278443893063,-0.35,5.0,0.05,
2.8862071959993045,APPROACH,0.0,0.0,24322.608198915,23.421835660334175,-1.1623931623931867,23.465984791896766,-0.35,5.0,0.05,
2.8875371329995687,APPROACH,0.0,0.0,24322.608198915,23.41908903639277,-1.0256410256410504,23.463676445893064,-0.35,5.0,0.05,
2.888764667997748,APPROACH,0.0,0.0,24322.608198915,23.41908903639277,-1.0256410256410504,23.461028697894356,-0.35,5.0,0.05,
2.8900262379975175,APPROACH,0.0,0.0,24322.608198915,23.41451132982376,-1.7094017094017318,23.458567373892286,-0.35,5.0,0.05,
2.891234981998423,APPROACH,0.0,0.0,24322.619189441,23.41451132982376,-1.7094017094017318,23.456013625896297,-0.35,5.0,0.05,
2.892428138999094,APPROACH,0.0,0.0,24322.619189441,23.41451132982376,-1.7094017094017318,23.453662941895594,-0.35,5.0,0.05,
2.8936929139999847,APPROACH,0.0,0.0,24322.619189441,23.402609292744337,-1.4358974358974592,23.45125700389442,-0.35,5.0,0.05,
2.8948878400005924,APPROACH,0.0,0.0,24322.619189441,23.402609292744337,-1.4358974358974592,23.44867287589411,-0.35,5.0,0.05,
2.8961387839990493,APPROACH,0.0,0.0,24322.619189441,23.39803158617533,-0.8888888888889142,23.446357341891847,-0.35,5.0,0.05,
2.8975329299973964,APPROACH,0.0,0.0,24322.619189441,23.39803158617533,-0.8888888888889142,23.443570471893757,-0.35,5.0,0.05,
2.898740436998196,APPROACH,0.0,0.0,24322.619189441,23.39803158617533,-0.8888888888889142,23.440985787893872,-0.35,5.0,0.05,
2.9000127209983475,APPROACH,0.0,0.0,24322.619189441,23.390707255664914,-1.1623931623931867,23.43864384189626,-0.35,5.0,0.05,
2.901172237998253,APPROACH,0.0,0.0,24322.619189441,23.390707255664914,-1.1623931623931867,23.436094043893966,-0.35,5.0,0.05,
2.902510916999745,APPROACH,0.0,0.0,24322.630197852,23.3833829251545,-1.299145299145323,23.433626783896464,-0.35,5.0,0.05,
2.903759707998688,APPROACH,0.0,0.0,24322.630197852,23.3833829251545,-1.299145299145323,23.43108622789557,-0.35,5.0,0.05,
2.9051472049977747,APPROACH,0.0,0.0,24322.630197852,23.37239642938888,-0.6153846153846416,23.428546769894886,-0.35,5.0,0.05,
2.9063484010002867,APPROACH,0.0,0.0,24322.630197852,23.37239642938888,-0.6153846153846416,23.425794815893163,-0.35,5.0,0.05,
2.907542327997362,APPROACH,0.0,0.0,24322.630197852,23.37239642938888,-0.6153846153846416,23.423358891895326,-0.35,5.0,0.05,
2.9089109640008246,APPROACH,0.0,0.0,24322.630197852,23.36781872281987,-0.3418803418803691,23.421027823890903,-0.35,5.0,0.05,
2.9101116479978373,APPROACH,0.0,0.0,24322.630197852,23.36781872281987,-0.3418803418803691,23.418250189891545,-0.35,5.0,0.05,
2.9113795919984113,APPROACH,0.0,0.0,24322.630197852,23.359578850995653,-0.7521367521367779,23.415890209894563,-0.35,5.0,0.05,
2.912587707000057,APPROACH,0.0,0.0,24322.641143328,23.359578850995653,-0.7521367521367779,23.413277163891756,-0.35,5.0,0.05,
2.913854310998431,APPROACH,0.0,0.0,24322.641143328,23.359578850995653,-0.7521367521367779,23.41085524189227,-0.35,5.0,0.05,
2.915101513997797,APPROACH,0.0,0.0,24322.641143328,23.349507896543834,-0.20512820512823282,23.408395581894432,-0.35,5.0,0.05,
2.9162485849992663,APPROACH,0.0,0.0,24322.641143328,23.349507896543834,-0.20512820512823282,23.405920645892614,-0.35,5.0,0.05,
2.9175216919975355,APPROACH,0.0,0.0,24322.641143328,23.349507896543834,-0.06837606837609655,23.403653405891667,-0.35,5.0,0.05,
2.918655588000547,APPROACH,0.0,0.0,24322.641143328,23.349507896543834,-0.06837606837609655,23.401085435894196,-0.35,5.0,0.05,
2.9198451769989333,APPROACH,0.0,0.0,24322.641143328,23.349507896543834,-0.06837606837609655,23.39880915789515,-0.35,5.0,0.05,
2.921111079998809,APPROACH,0.0,0.0,24322.641143328,23.348592355230032,-1.1623931623931867,23.396414213895035,-0.35,5.0,0.05,
2.9222663519976777,APPROACH,0.0,0.0,24322.641143328,23.348592355230032,-1.1623931623931867,23.393887221894396,-0.35,5.0,0.05,
2.9235530570003903,APPROACH,0.0,0.0,24322.652103488,23.34767681391623,-1.5726495726495955,23.39137957789469,-0.35,5.0,0.05,
2.9246742359973723,APPROACH,0.0,0.0,24322.652103488,23.34767681391623,-1.5726495726495955,23.389053285894327,-0.35,5.0,0.05,
2.925941536999744,APPROACH,0.0,0.0,24322.652103488,23.34767681391623,-1.5726495726495955,23.386721075891977,-0.35,5.0,0.05,
2.92729448099999,APPROACH,0.0,0.0,24322.652103488,23.344930189974825,-1.846153846153868,23.38419180789176,-0.35,5.0,0.05,
2.9284313399984967,APPROACH,0.0,0.0,24322.652103488,23.344930189974825,-1.846153846153868,23.381598143890436,-0.35,5.0,0.05,
2.929704900998331,APPROACH,0.0,0.0,24322.652103488,23.344014648661023,-2.1196581196581405,23.379252479893033,-0.35,5.0,0.05,
2.930897030997585,APPROACH,0.0,0.0,24322.652103488,23.344014648661023,-2.1196581196581405,23.376634373890987,-0.35,5.0,0.05,
2.9320405569997092,APPROACH,0.0,0.0,24322.652103488,23.344014648661023,-2.1196581196581405,23.374340227893548,-0.35,5.0,0.05,
2.933340588999272,APPROACH,0.0,0.0,24322.652103488,23.338521400778212,-2.6666666666666856,23.372001633893227,-0.35,5.0,0.05,
2.934578562999377,APPROACH,0.0,0.0,24322.663154528,23.338521400778212,-2.6666666666666856,23.369265589893324,-0.35,5.0,0.05,
2.935839482997835,APPROACH,0.0,0.0,24322.663154528,23.333943694209204,-2.6666666666666856,23.366971533892205,-0.35,5.0,0.05,
2.937042647998169,APPROACH,0.0,0.0,24322.663154528,23.333943694209204,-2.6666666666666856,23.36436738989257,-0.35,5.0,0.05,
2.9382456879975507,APPROACH,0.0,0.0,24322.663154528,23.333943694209204,-2.6666666666666856,23.361954935893003,-0.35,5.0,0.05,
2.9395408389973454,APPROACH,0.0,0.0,24322.663154528,23.32661936369879,-2.393162393162413,23.35956970589293,-0.35,5.0,0.05,
2.9407539540006837,APPROACH,0.0,0.0,24322.663154528,23.32661936369879,-2.393162393162413,23.357033705892967,-0.35,5.0,0.05,
2.9420549379974545,APPROACH,0.0,0.0,24322.663154528,23.322957198443582,-2.6666666666666856,23.354536665895715,-0.35,5.0,0.05,
2.9432311700002174,APPROACH,0.0,0.0,24322.663154528,23.322957198443582,-2.6666666666666856,23.351977933890588,-0.35,5.0,0.05,
2.9445063319981273,APPROACH,0.0,0.0,24322.663154528,23.318379491874573,-2.940170940170958,23.349678369894967,-0.35,5.0,0.05,
2.9456572599992796,APPROACH,0.0,0.0,24322.674207632,23.318379491874573,-2.940170940170958,23.34711565989098,-0.35,5.0,0.05,
2.94679467899914,APPROACH,0.0,0.0,24322.674207632,23.318379491874573,-2.940170940170958,23.344825137895235,-0.35,5.0,0.05,
2.9480242389981868,APPROACH,0.0,0.0,24322.674207632,23.315632867933168,-3.2136752136752307,23.342554745891242,-0.35,5.0,0.05,
2.949213335999957,APPROACH,0.0,0.0,24322.674207632,23.315632867933168,-3.2136752136752307,23.340009575892758,-0.35,5.0,0.05,
2.9504510419974395,APPROACH,0.0,0.0,24322.674207632,23.312886243991763,-3.350427350427367,23.337707041894895,-0.35,5.0,0.05,
2.9516020150003897,APPROACH,0.0,0.0,24322.674207632,23.312886243991763,-3.350427350427367,23.33522700789151,-0.35,5.0,0.05,
2.9527567039986025,APPROACH,0.0,0.0,24322.674207632,23.312886243991763,-3.350427350427367,23.332934377890773,-0.35,5.0,0.05,
2.954058912000619,APPROACH,0.0,0.0,24322.674207632,23.30556191348135,-3.350427350427367,23.330549373896496,-0.35,5.0,0.05,
2.9552404429996386,APPROACH,0.0,0.0,24322.674207632,23.30556191348135,-3.350427350427367,23.327951711894706,-0.35,5.0,0.05,
2.9567180890007876,APPROACH,0.0,0.0,24322.685206237,23.30098420691234,-3.350427350427367,23.32515912189526,-0.35,5.0,0.05,
2.9578607869989355,APPROACH,0.0,0.0,24322.685206237,23.30098420691234,-3.350427350427367,23.3226971298948,-0.35,5.0,0.05,
2.9590087680007855,APPROACH,0.0,0.0,24322.685206237,23.30098420691234,-3.350427350427367,23.320418975891947,-0.35,5.0,0.05,
2.960294270000304,APPROACH,0.0,0.0,24322.685206237,23.293659876401925,-3.350427350427367,23.318056815894373,-0.35,5.0,0.05,
2.9614625239992165,APPROACH,0.0,0.0,24322.685206237,23.293659876401925,-3.350427350427367,23.31554436989361,-0.35,5.0,0.05,
2.9626707269999315,APPROACH,0.0,0.0,24322.685206237,23.284504463263907,-3.350427350427367,23.313217953896377,-0.35,5.0,0.05,
2.9638073819987767,APPROACH,0.0,0.0,24322.685206237,23.284504463263907,-3.350427350427367,23.310800109896512,-0.35,5.0,0.05,
2.9649806499983242,APPROACH,0.0,0.0,24322.685206237,23.284504463263907,-3.350427350427367,23.308474339895177,-0.35,5.0,0.05,
2.9662694219987316,APPROACH,0.0,0.0,24322.685206237,23.272602426184484,-2.5299145299145493,23.306127127894136,-0.35,5.0,0.05,
2.967533357998036,APPROACH,0.0,0.0,24322.696103923,23.272602426184484,-2.5299145299145493,23.303371643896092,-0.35,5.0,0.05,
2.9687485489994287,APPROACH,0.0,0.0,24322.696103923,23.268940260929277,-2.256410256410277,23.301067689893237,-0.35,5.0,0.05,
2.9698840279997967,APPROACH,0.0,0.0,24322.696103923,23.268940260929277,-2.256410256410277,23.298645339892822,-0.35,5.0,0.05,
2.9710623389983084,APPROACH,0.0,0.0,24322.696103923,23.268940260929277,-2.256410256410277,23.296317787893052,-0.35,5.0,0.05,
2.9723068999992392,APPROACH,0.0,0.0,24322.696103923,23.25978484779126,-2.803418803418822,23.29401480589265,-0.35,5.0,0.05,
2.9734222989973205,APPROACH,0.0,0.0,24322.696103923,23.25978484779126,-2.803418803418822,23.29160211189562,-0.35,5.0,0.05,
2.9746411359992635,APPROACH,0.0,0.0,24322.696103923,23.248798352025638,-2.6666666666666856,23.289286961896572,-0.35,5.0,0.05,
2.9758099319988105,APPROACH,0.0,0.0,24322.696103923,23.248798352025638,-2.6666666666666856,23.286860555891757,-0.35,5.0,0.05,
2.9769895110002835,APPROACH,0.0,0.0,24322.696103923,23.248798352025638,-2.6666666666666856,23.284465931895532,-0.35,5.0,0.05,
2.9782587839981716,APPROACH,0.0,0.0,24322.696103923,23.243305104142827,-1.5726495726495955,23.282130973894958,-0.35,5.0,0.05,
2.9796545229983167,APPROACH,0.0,0.0,24322.707164341,23.243305104142827,-1.5726495726495955,23.27913337389443,-0.35,5.0,0.05,
2.9808712619997095,APPROACH,0.0,0.0,24322.707164341,23.23964293888762,-1.846153846153868,23.27682180989475,-0.35,5.0,0.05,
2.9820446919984533,APPROACH,0.0,0.0,24322.707164341,23.23964293888762,-1.846153846153868,23.274328507891617,-0.35,5.0,0.05,
2.98330971699761,APPROACH,0.0,0.0,24322.707164341,23.231403067063404,-2.393162393162413,23.27204478989122,-0.35,5.0,0.05,
2.984473615000752,APPROACH,0.0,0.0,24322.707164341,23.231403067063404,-2.393162393162413,23.269477905895904,-0.35,5.0,0.05,
2.9856084109997028,APPROACH,0.0,0.0,24322.707164341,23.231403067063404,-2.393162393162413,23.267193599896267,-0.35,5.0,0.05,
2.9868481369994697,APPROACH,0.0,0.0,24322.707164341,23.228656443122,-1.9829059829060043,23.264925355893205,-0.35,5.0,0.05,
2.987984977000451,APPROACH,0.0,0.0,24322.707164341,23.228656443122,-1.9829059829060043,23.262447479895194,-0.35,5.0,0.05,
2.989215854999202,APPROACH,0.0,0.0,24322.707164341,23.225909819180593,-2.1196581196581405,23.26016881589137,-0.35,5.0,0.05,
2.9904222849982034,APPROACH,0.0,0.0,24322.718144935,23.225909819180593,-2.1196581196581405,23.25758879389584,-0.35,5.0,0.05,
2.9915600569984235,APPROACH,0.0,0.0,24322.718144935,23.225909819180593,-2.1196581196581405,23.2552988018954,-0.35,5.0,0.05,
2.992836957997497,APPROACH,0.0,0.0,24322.718144935,23.220416571297783,-2.6666666666666856,23.25302678389678,-0.35,5.0,0.05,
2.9940104739980598,APPROACH,0.0,0.0,24322.718144935,23.220416571297783,-2.6666666666666856,23.250403841893124,-0.35,5.0,0.05,
2.9952790469978936,APPROACH,0.0,0.0,24322.718144935,23.21400778210117,-2.6666666666666856,23.248068711896188,-0.35,5.0,0.05,
2.996487372998672,APPROACH,0.0,0.0,24322.718144935,23.21400778210117,-2.6666666666666856,23.245525929896097,-0.35,5.0,0.05,
2.9976356820006913,APPROACH,0.0,0.0,24322.718144935,23.21400778210117,-2.6666666666666856,23.24316384389501,-0.35,5.0,0.05,
2.998893585998303,APPROACH,0.0,0.0,24322.718144935,23.20393682764935,-2.256410256410277,23.24087658589385,-0.35,5.0,0.05,
3.0000220679976337,APPROACH,0.0,0.0,24322.718144935,23.20393682764935,-2.256410256410277,23.2383589518952,-0.35,5.0,0.05,
3.001291938999202,APPROACH,0.0,0.0,24322.729147749,23.201190203707945,-2.1196581196581405,23.236024391896784,-0.35,5.0,0.05,
3.0024190839976654,APPROACH,0.0,0.0,24322.729147749,23.201190203707945,-2.1196581196581405,23.233602703892096,-0.35,5.0,0.05,
3.0035553039997467,APPROACH,0.0,0.0,24322.729147749,23.201190203707945,-2.1196581196581405,23.231304281894403,-0.35,5.0,0.05,
3.0048330429999623,APPROACH,0.0,0.0,24322.729147749,23.197528038452738,-2.5299145299145493,23.228976695894083,-0.35,5.0,0.05,
3.0059794369990414,APPROACH,0.0,0.0,24322.729147749,23.197528038452738,-2.5299145299145493,23.226469431895815,-0.35,5.0,0.05,
3.007223617998534,APPROACH,0.0,0.0,24322.729147749,23.195696955825134,-3.0769230769230944,23.22417299589258,-0.35,5.0,0.05,
3.0083815949983546,APPROACH,0.0,0.0,24322.729147749,23.195696955825134,-3.0769230769230944,23.221672501896386,-0.35,5.0,0.05,
3.009525057997962,APPROACH,0.0,0.0,24322.729147749,23.195696955825134,-3.0769230769230944,23.219373801891628,-0.35,5.0,0.05,
3.010792549997859,APPROACH,0.0,0.0,24322.729147749,23.190203707942324,-3.0769230769230944,23.21709219789161,-0.35,5.0,0.05,
3.0120159660000354,APPROACH,0.0,0.0,24322.740192581,23.190203707942324,-3.0769230769230944,23.214423897895607,-0.35,5.0,0.05,
3.0132604179998452,APPROACH,0.0,0.0,24322.740192581,23.181963836118108,-3.0769230769230944,23.21206002589431,-0.35,5.0,0.05,
3.014401311000256,APPROACH,0.0,0.0,24322.740192581,23.181963836118108,-3.0769230769230944,23.209614721891988,-0.35,5.0,0.05,
3.0155355209972186,APPROACH,0.0,0.0,24322.740192581,23.181963836118108,-3.0769230769230944,23.207339179892436,-0.35,5.0,0.05,
3.0167861219997576,APPROACH,0.0,0.0,24322.740192581,23.174639505607693,-2.803418803418822,23.20506520989263,-0.35,5.0,0.05,
3.0179984669994155,APPROACH,0.0,0.0,24322.740192581,23.174639505607693,-2.803418803418822,23.202468567892787,-0.35,5.0,0.05,
3.019243627997639,APPROACH,0.0,0.0,24322.740192581,23.17280842298009,-2.803418803418822,23.200091519896226,-0.35,5.0,0.05,
3.020423842997843,APPROACH,0.0,0.0,24322.740192581,23.17280842298009,-2.803418803418822,23.197571591890004,-0.35,5.0,0.05,
3.0216507990007813,APPROACH,0.0,0.0,24322.740192581,23.169146257724883,-3.350427350427367,23.195293701895274,-0.35,5.0,0.05,
3.022798257999966,APPROACH,0.0,0.0,24322.751218221,23.169146257724883,-3.350427350427367,23.192836749892443,-0.35,5.0,0.05,
3.0239795509987744,APPROACH,0.0,0.0,24322.751218221,23.169146257724883,-3.350427350427367,23.19047283389343,-0.35,5.0,0.05,
3.02524210699994,APPROACH,0.0,0.0,24322.751218221,23.163653009842072,-3.6239316239316395,23.188127653892728,-0.35,5.0,0.05,
3.0264850050007226,APPROACH,0.0,0.0,24322.751218221,23.163653009842072,-3.6239316239316395,23.185563817890646,-0.35,5.0,0.05,
3.027827672998683,APPROACH,0.0,0.0,24322.751218221,23.159990844586865,-3.350427350427367,23.18312087789061,-0.35,5.0,0.05,
3.029044350998447,APPROACH,0.0,0.0,24322.751218221,23.159990844586865,-3.350427350427367,23.18035585189616,-0.35,5.0,0.05,
3.030198131000361,APPROACH,0.0,0.0,24322.751218221,23.159990844586865,-3.350427350427367,23.178041711894615,-0.35,5.0,0.05,
3.031501376997767,APPROACH,0.0,0.0,24322.751218221,23.154497596704054,-3.487179487179503,23.17573842789104,-0.35,5.0,0.05,
3.032635248000588,APPROACH,0.0,0.0,24322.751218221,23.154497596704054,-3.487179487179503,23.17312486789276,-0.35,5.0,0.05,
3.033894154999871,APPROACH,0.0,0.0,24322.762242491,23.149004348821244,-3.6239316239316395,23.170850803894858,-0.35,5.0,0.05,
3.0350512789991626,APPROACH,0.0,0.0,24322.762242491,23.149004348821244,-3.6239316239316395,23.168324879895657,-0.35,5.0,0.05,
3.0361982569993415,APPROACH,0.0,0.0,24322.762242491,23.149004348821244,-3.6239316239316395,23.166036001895257,-0.35,5.0,0.05,
3.0375636879980448,APPROACH,0.0,0.0,24322.762242491,23.139848935683226,-3.487179487179503,23.163722843893332,-0.35,5.0,0.05,
3.0387493839989475,APPROACH,0.0,0.0,24322.762242491,23.139848935683226,-3.487179487179503,23.160943219890463,-0.35,5.0,0.05,
3.040001552999456,APPROACH,0.0,0.0,24322.762242491,23.127946898603803,-3.0769230769230944,23.158645419892558,-0.35,5.0,0.05,
3.04124914500062,APPROACH,0.0,0.0,24322.762242491,23.127946898603803,-3.0769230769230944,23.156095273895765,-0.35,5.0,0.05,
3.042436435000127,APPROACH,0.0,0.0,24322.762242491,23.127946898603803,-3.0769230769230944,23.153601553896145,-0.35,5.0,0.05,
3.0439505409995036,APPROACH,0.0,0.0,24322.762242491,23.11604486152438,-2.1196581196581405,23.151232859892183,-0.35,5.0,0.05,
3.0451389419977204,APPROACH,0.0,0.0,24322.773226675,23.11604486152438,-2.1196581196581405,23.148170629895752,-0.35,5.0,0.05,
3.046469189997879,APPROACH,0.0,0.0,24322.773226675,23.102311741817353,-1.846153846153868,23.14584179389319,-0.35,5.0,0.05,
3.0476571959989087,APPROACH,0.0,0.0,24322.773226675,23.102311741817353,-1.846153846153868,23.14315193589689,-0.35,5.0,0.05,
3.0488140919987927,APPROACH,0.0,0.0,24322.773226675,23.102311741817353,-1.846153846153868,23.14081231189018,-0.35,5.0,0.05,
3.0501325549994363,APPROACH,0.0,0.0,24322.773226675,23.088578622110326,-1.0256410256410504,23.138501809896546,-0.35,5.0,0.05,
3.051400772998022,APPROACH,0.0,0.0,24322.773226675,23.088578622110326,-1.0256410256410504,23.135748541893257,-0.35,5.0,0.05,
3.0526922999997623,APPROACH,0.0,0.0,24322.773226675,23.077592126344705,-0.7521367521367779,23.133280111892667,-0.35,5.0,0.05,
3.05385658600062,APPROACH,0.0,0.0,24322.773226675,23.077592126344705,-0.7521367521367779,23.130731799895578,-0.35,5.0,0.05,
3.0550270919993636,APPROACH,0.0,0.0,24322.773226675,23.077592126344705,-0.7521367521367779,23.12841358989069,-0.35,5.0,0.05,
3.056346149998717,APPROACH,0.0,0.0,24322.784328388,23.072098878461894,-0.06837606837609655,23.12602055989671,-0.35,5.0,0.05,
3.0575277379975887,APPROACH,0.0,0.0,24322.784328388,23.072098878461894,-0.06837606837609655,23.12339468589314,-0.35,5.0,0.05,
3.0587684729980538,APPROACH,0.0,0.0,24322.784328388,23.06569008926528,-0.3418803418803691,23.121073723895528,-0.35,5.0,0.05,
3.059924567998678,APPROACH,0.0,0.0,24322.784328388,23.06569008926528,-0.3418803418803691,23.11857778189121,-0.35,5.0,0.05,
3.06121947399879,APPROACH,0.0,0.0,24322.784328388,23.052872510872056,-0.47863247863250535,23.116237409894232,-0.35,5.0,0.05,
3.062411456998234,APPROACH,0.0,0.0,24322.784328388,23.052872510872056,-0.47863247863250535,23.113641133896884,-0.35,5.0,0.05,
3.0635582489994704,APPROACH,0.0,0.0,24322.784328388,23.052872510872056,-0.47863247863250535,23.11131542989576,-0.35,5.0,0.05,
3.0648161089993664,APPROACH,0.0,0.0,24322.784328388,23.051956969558255,0.20512820512823282,23.109004301893286,-0.35,5.0,0.05,
3.0660078159999102,APPROACH,0.0,0.0,24322.784328388,23.051956969558255,0.20512820512823282,23.106478097893408,-0.35,5.0,0.05,
3.0672761210007593,APPROACH,0.0,0.0,24322.795237975,23.051956969558255,-0.20512820512823282,23.104098791890713,-0.35,5.0,0.05,
3.068405976999202,APPROACH,0.0,0.0,24322.795237975,23.051956969558255,-0.20512820512823282,23.10161266389448,-0.35,5.0,0.05,
3.0696168190006574,APPROACH,0.0,0.0,24322.795237975,23.051956969558255,-0.20512820512823282,23.09930412189103,-0.35,5.0,0.05,
3.070957316998829,APPROACH,0.0,0.0,24322.795237975,23.04921034561685,-1.4358974358974592,23.096861053892347,-0.35,5.0,0.05,
3.0721501519983576,APPROACH,0.0,0.0,24322.795237975,23.04921034561685,-1.4358974358974592,23.09418104989279,-0.35,5.0,0.05,
3.073472881998896,APPROACH,0.0,0.0,24322.795237975,23.047379262989246,-1.4358974358974592,23.091728879896685,-0.35,5.0,0.05,
3.0746210969991807,APPROACH,0.0,0.0,24322.795237975,23.047379262989246,-1.4358974358974592,23.089180217889655,-0.35,5.0,0.05,
3.0758007549993636,APPROACH,0.0,0.0,24322.795237975,23.047379262989246,-1.4358974358974592,23.08688845788972,-0.35,5.0,0.05,
3.0770662350005296,APPROACH,0.0,0.0,24322.795237975,23.04371709773404,-1.7094017094017318,23.084516393895022,-0.35,5.0,0.05,
3.0782685259982827,APPROACH,0.0,0.0,24322.806232434,23.04371709773404,-1.7094017094017318,23.08192600989539,-0.35,5.0,0.05,
3.0795817149992217,APPROACH,0.0,0.0,24322.806232434,23.038223849851228,-1.9829059829060043,23.07960673789173,-0.35,5.0,0.05,
3.080855961998168,APPROACH,0.0,0.0,24322.806232434,23.038223849851228,-1.9829059829060043,23.07690929389471,-0.35,5.0,0.05,
3.08204905599996,APPROACH,0.0,0.0,24322.806232434,23.038223849851228,-1.9829059829060043,23.07432738189643,-0.35,5.0,0.05,
3.083327439999266,APPROACH,0.0,0.0,24322.806232434,23.025406271458003,-1.4358974358974592,23.072021229892265,-0.35,5.0,0.05,
3.08450977299799,APPROACH,0.0,0.0,24322.806232434,23.025406271458003,-1.4358974358974592,23.069456475889886,-0.35,5.0,0.05,
3.0857703709989437,APPROACH,0.0,0.0,24322.806232434,23.022659647516598,-1.1623931623931867,23.06710244189278,-0.35,5.0,0.05,
3.0869491480007127,APPROACH,0.0,0.0,24322.806232434,23.022659647516598,-1.1623931623931867,23.06454874989256,-0.35,5.0,0.05,
3.088128516999859,APPROACH,0.0,0.0,24322.806232434,23.022659647516598,-1.1623931623931867,23.06221215189114,-0.35,5.0,0.05,
3.089365691997955,APPROACH,0.0,0.0,24322.817281704,23.017166399633787,-1.7094017094017318,23.059844999895425,-0.35,5.0,0.05,
3.090472955998848,APPROACH,0.0,0.0,24322.817281704,23.017166399633787,-1.7094017094017318,23.05742972389387,-0.35,5.0,0.05,
3.091741042000649,APPROACH,0.0,0.0,24322.817281704,23.009842069123373,-1.846153846153868,23.05517334389267,-0.35,5.0,0.05,
3.0929036229972553,APPROACH,0.0,0.0,24322.817281704,23.009842069123373,-1.846153846153868,23.052623871889658,-0.35,5.0,0.05,
3.094050988998788,APPROACH,0.0,0.0,24322.817281704,23.009842069123373,-1.846153846153868,23.050319337891118,-0.35,5.0,0.05,
3.0952567429994815,APPROACH,0.0,0.0,24322.817281704,23.001602197299157,-1.1623931623931867,23.04802324988966,-0.35,5.0,0.05,
3.0963984669979254,APPROACH,0.0,0.0,24322.817281704,23.001602197299157,-1.1623931623931867,23.045643923892634,-0.35,5.0,0.05,
3.0976047789990844,APPROACH,0.0,0.0,24322.817281704,22.997940032043942,-1.0256410256410504,23.04331350389227,-0.35,5.0,0.05,
3.09875321599975,APPROACH,0.0,0.0,24322.817281704,22.997940032043942,-1.0256410256410504,23.040952501892455,-0.35,5.0,0.05,
3.1000017279984604,APPROACH,0.0,0.0,24322.828310381,22.989700160219726,-1.7094017094017318,23.038572339895175,-0.35,5.0,0.05,
3.1011869549984112,APPROACH,0.0,0.0,24322.828310381,22.989700160219726,-1.7094017094017318,23.036122621896787,-0.35,5.0,0.05,
3.102383199999167,APPROACH,0.0,0.0,24322.828310381,22.989700160219726,-1.7094017094017318,23.033718441890663,-0.35,5.0,0.05,
3.1036776559994905,APPROACH,0.0,0.0,24322.828310381,22.978713664454105,-1.4358974358974592,23.031335161890887,-0.35,5.0,0.05,
3.1048671479984478,APPROACH,0.0,0.0,24322.828310381,22.978713664454105,-1.4358974358974592,23.028714893896243,-0.35,5.0,0.05,
3.1060519120001118,APPROACH,0.0,0.0,24322.828310381,22.973220416571294,-0.3418803418803691,23.02639320189453,-0.35,5.0,0.05,
3.1072084839979652,APPROACH,0.0,0.0,24322.828310381,22.973220416571294,-0.3418803418803691,23.024012653893145,-0.35,5.0,0.05,
3.1084311159975186,APPROACH,0.0,0.0,24322.828310381,22.973220416571294,-0.3418803418803691,23.021678001890244,-0.35,5.0,0.05,
3.1098135770007502,APPROACH,0.0,0.0,24322.828310381,22.97047379262989,-0.6153846153846416,23.019235509892745,-0.35,5.0,0.05,
3.11099807500068,APPROACH,0.0,0.0,24322.839305215,22.97047379262989,-0.6153846153846416,23.01644188989419,-0.35,5.0,0.05,
3.1122285339988593,APPROACH,0.0,0.0,24322.839305215,22.964065003433277,-1.5726495726495955,23.014126759896747,-0.35,5.0,0.05,
3.113371070998255,APPROACH,0.0,0.0,24322.839305215,22.964065003433277,-1.5726495726495955,23.01169684789172,-0.35,5.0,0.05,
3.114490530999319,APPROACH,0.0,0.0,24322.839305215,22.964065003433277,-1.5726495726495955,23.009417831891618,-0.35,5.0,0.05,
3.11574948499765,APPROACH,0.0,0.0,24322.839305215,22.948500801098646,-0.7521367521367779,23.007129753890034,-0.35,5.0,0.05,
3.1169175600007293,APPROACH,0.0,0.0,24322.839305215,22.948500801098646,-0.7521367521367779,23.00460973189299,-0.35,5.0,0.05,
3.1182406269981584,APPROACH,0.0,0.0,24322.839305215,22.94575417715724,0.3418803418803691,23.0022774818947,-0.35,5.0,0.05,
3.119459305999044,APPROACH,0.0,0.0,24322.839305215,22.94575417715724,0.3418803418803691,22.99957352189201,-0.35,5.0,0.05,
3.1206637439972837,APPROACH,0.0,0.0,24322.839305215,22.94575417715724,0.3418803418803691,22.99719448389194,-0.35,5.0,0.05,
3.121939142998599,APPROACH,0.0,0.0,24322.850388222,22.936598764019223,-0.7521367521367779,22.994792681894317,-0.35,5.0,0.05,
3.1231701059987245,APPROACH,0.0,0.0,24322.850388222,22.936598764019223,-0.7521367521367779,22.99223166189156,-0.35,5.0,0.05,
3.124491015998501,APPROACH,0.0,0.0,24322.850388222,22.9246967269398,-0.47863247863250535,22.98974638988991,-0.35,5.0,0.05,
3.1257153769984143,APPROACH,0.0,0.0,24322.850388222,22.9246967269398,-0.47863247863250535,22.987111359894037,-0.35,5.0,0.05,
3.126933334999194,APPROACH,0.0,0.0,24322.850388222,22.9246967269398,-0.47863247863250535,22.984642805896577,-0.35,5.0,0.05,
3.1283652239981166,APPROACH,0.0,0.0,24322.850388222,22.916456855115584,1.1623931623931867,22.98220747189159,-0.35,5.0,0.05,
3.1295649059975403,APPROACH,0.0,0.0,24322.850388222,22.916456855115584,1.1623931623931867,22.97933054389548,-0.35,5.0,0.05,
3.1308822840001085,APPROACH,0.0,0.0,24322.850388222,22.905470359349962,0.7521367521367779,22.976975545892195,-0.35,5.0,0.05,
3.1320405139995273,APPROACH,0.0,0.0,24322.850388222,22.905470359349962,0.7521367521367779,22.974344711890147,-0.35,5.0,0.05,
3.1332532329979585,APPROACH,0.0,0.0,24322.861430747,22.905470359349962,0.7521367521367779,22.971976179892657,-0.35,5.0,0.05,
3.134553883999615,APPROACH,0.0,0.0,24322.861430747,22.898146028839548,0.8888888888889142,22.969605851890513,-0.35,5.0,0.05,
3.1357480289989326,APPROACH,0.0,0.0,24322.861430747,22.898146028839548,0.8888888888889142,22.967004851890373,-0.35,5.0,0.05,
3.13702457600084,APPROACH,0.0,0.0,24322.861430747,22.897230487525746,1.1623931623931867,22.964539067893632,-0.35,5.0,0.05,
3.138204298000346,APPROACH,0.0,0.0,24322.861430747,22.897230487525746,1.1623931623931867,22.96202891989494,-0.35,5.0,0.05,
3.139482071997918,APPROACH,0.0,0.0,24322.861430747,22.89448386358434,0.20512820512823282,22.959724553890986,-0.35,5.0,0.05,
3.140646146999643,APPROACH,0.0,0.0,24322.861430747,22.89448386358434,0.20512820512823282,22.957158915896137,-0.35,5.0,0.05,
3.14182453399917,APPROACH,0.0,0.0,24322.861430747,22.89448386358434,0.20512820512823282,22.954782125890482,-0.35,5.0,0.05,
3.143076583997754,APPROACH,0.0,0.0,24322.861430747,22.889906157015332,-0.20512820512823282,22.952492911893636,-0.35,5.0,0.05,
3.1442453079980623,APPROACH,0.0,0.0,24322.872387016,22.889906157015332,-0.20512820512823282,22.949939353894727,-0.35,5.0,0.05,
3.145513162999123,APPROACH,0.0,0.0,24322.872387016,22.88349736781872,0.06837606837609655,22.94764797389623,-0.35,5.0,0.05,
3.1466719189993455,APPROACH,0.0,0.0,24322.872387016,22.88349736781872,0.06837606837609655,22.945107713895844,-0.35,5.0,0.05,
3.1478716710007575,APPROACH,0.0,0.0,24322.872387016,22.88349736781872,0.06837606837609655,22.942724835892726,-0.35,5.0,0.05,
3.149193811997975,APPROACH,0.0,0.0,24322.872387016,22.877088578622107,0.3418803418803691,22.940325441895105,-0.35,5.0,0.05,
3.150349749997986,APPROACH,0.0,0.0,24322.872387016,22.877088578622107,0.3418803418803691,22.93773900189378,-0.35,5.0,0.05,
3.151672921998397,APPROACH,0.0,0.0,24322.872387016,22.875257495994504,0.20512820512823282,22.935357033894682,-0.35,5.0,0.05,
3.152916527000343,APPROACH,0.0,0.0,24322.872387016,22.875257495994504,0.20512820512823282,22.932667747890513,-0.35,5.0,0.05,
3.154083908000757,APPROACH,0.0,0.0,24322.872387016,22.875257495994504,0.20512820512823282,22.930240417890012,-0.35,5.0,0.05,
3.1553292719981982,APPROACH,0.0,0.0,24322.883370165,22.871595330739297,-0.6153846153846416,22.92797865389118,-0.35,5.0,0.05,
3.1564839509992453,APPROACH,0.0,0.0,24322.883370165,22.871595330739297,-0.6153846153846416,22.92544916389422,-0.35,5.0,0.05,
3.1576589479991526,APPROACH,0.0,0.0,24322.883370165,22.86884870679789,-0.7521367521367779,22.92319051189522,-0.35,5.0,0.05,
3.158852114000183,APPROACH,0.0,0.0,24322.883370165,22.86884870679789,-0.7521367521367779,22.92079452789155,-0.35,5.0,0.05,
3.1600007909983105,APPROACH,0.0,0.0,24322.883370165,22.86884870679789,-0.7521367521367779,22.918406719896005,-0.35,5.0,0.05,
3.161223888000677,APPROACH,0.0,0.0,24322.883370165,22.865186541542684,-1.0256410256410504,22.916131955892773,-0.35,5.0,0.05,
3.162503323997953,APPROACH,0.0,0.0,24322.883370165,22.865186541542684,-1.0256410256410504,22.913595535895432,-0.35,5.0,0.05,
3.1637472119982704,APPROACH,0.0,0.0,24322.883370165,22.86335545891508,-1.299145299145323,22.911104255895474,-0.35,5.0,0.05,
3.164913947999594,APPROACH,0.0,0.0,24322.883370165,22.86335545891508,-1.299145299145323,22.90865295389201,-0.35,5.0,0.05,
3.1660323219985003,APPROACH,0.0,0.0,24322.894397232,22.86335545891508,-1.299145299145323,22.90630986789008,-0.35,5.0,0.05,
3.16729542900066,APPROACH,0.0,0.0,24322.894397232,22.85877775234607,-1.4358974358974592,22.90405333189235,-0.35,5.0,0.05,
3.168452036999952,APPROACH,0.0,0.0,24322.894397232,22.85877775234607,-1.4358974358974592,22.901571749892604,-0.35,5.0,0.05,
3.1696342939976603,APPROACH,0.0,0.0,24322.894397232,22.855115587090864,-1.5726495726495955,22.899254977893428,-0.35,5.0,0.05,
3.1707507239989354,APPROACH,0.0,0.0,24322.894397232,22.855115587090864,-1.5726495726495955,22.896882151894964,-0.35,5.0,0.05,
3.1718971640002565,APPROACH,0.0,0.0,24322.894397232,22.855115587090864,-1.5726495726495955,22.89462915189622,-0.35,5.0,0.05,
3.1731250769989856,APPROACH,0.0,0.0,24322.894397232,22.848706797894252,-1.846153846153868,22.892361893894552,-0.35,5.0,0.05,
3.174280112998531,APPROACH,0.0,0.0,24322.894397232,22.848706797894252,-1.846153846153868,22.88986232589493,-0.35,5.0,0.05,
3.1754821209979127,APPROACH,0.0,0.0,24322.894397232,22.845960173952847,-1.7094017094017318,22.887561539894953,-0.35,5.0,0.05,
3.17682315699858,APPROACH,0.0,0.0,24322.905369416,22.845960173952847,-1.7094017094017318,22.884801477893483,-0.35,5.0,0.05,
3.1780549029972462,APPROACH,0.0,0.0,24322.905369416,22.834973678187225,-1.9829059829060043,22.882438503890874,-0.35,5.0,0.05,
3.179290870000841,APPROACH,0.0,0.0,24322.905369416,22.834973678187225,-1.9829059829060043,22.88000854589452,-0.35,5.0,0.05,
3.1804311249979946,APPROACH,0.0,0.0,24322.905369416,22.834973678187225,-1.9829059829060043,22.877566871896555,-0.35,5.0,0.05,
3.18165953299831,APPROACH,0.0,0.0,24322.905369416,22.82764934767681,-1.846153846153868,22.87526640789408,-0.35,5.0,0.05,
3.1827660569979344,APPROACH,0.0,0.0,24322.905369416,22.82764934767681,-1.846153846153868,22.872846621890197,-0.35,5.0,0.05,
3.1840138859988656,APPROACH,0.0,0.0,24322.905369416,22.82673380636301,-1.1623931623931867,22.870608647893526,-0.35,5.0,0.05,
3.185170193999511,APPROACH,0.0,0.0,24322.905369416,22.82673380636301,-1.1623931623931867,22.868070261896058,-0.35,5.0,0.05,
3.1863234209995426,APPROACH,0.0,0.0,24322.905369416,22.82673380636301,-1.1623931623931867,22.865795497892826,-0.35,5.0,0.05,
3.1875395589995605,APPROACH,0.0,0.0,24322.905369416,22.825818265049207,-1.9829059829060043,22.863574975891673,-0.35,5.0,0.05,
3.188716734999616,APPROACH,0.0,0.0,24322.916477534,22.825818265049207,-1.9829059829060043,22.861062931894843,-0.35,5.0,0.05,
3.189906744999462,APPROACH,0.0,0.0,24322.916477534,22.823987182421604,-2.803418803418822,22.8586912278927,-0.35,5.0,0.05,
3.1910250330001872,APPROACH,0.0,0.0,24322.916477534,22.823987182421604,-2.803418803418822,22.85634671589039,-0.35,5.0,0.05,
3.1921717219993297,APPROACH,0.0,0.0,24322.916477534,22.823987182421604,-2.803418803418822,22.854081241895322,-0.35,5.0,0.05,
3.193379188000108,APPROACH,0.0,0.0,24322.916477534,22.8212405584802,-2.803418803418822,22.85179453989374,-0.35,5.0,0.05,
3.194531253997411,APPROACH,0.0,0.0,24322.916477534,22.8212405584802,-2.803418803418822,22.84939032589434,-0.35,5.0,0.05,
3.1957264929988014,APPROACH,0.0,0.0,24322.916477534,22.815747310597388,-2.940170940170958,22.847085255890555,-0.35,5.0,0.05,
3.1968954399999348,APPROACH,0.0,0.0,24322.916477534,22.815747310597388,-2.940170940170958,22.844668539889675,-0.35,5.0,0.05,
3.1979927879983734,APPROACH,0.0,0.0,24322.916477534,22.815747310597388,-2.940170940170958,22.84237583389156,-0.35,5.0,0.05,
3.1992720479975105,APPROACH,0.0,0.0,24322.927399883,22.803845273517965,-2.803418803418822,22.840134303894295,-0.35,5.0,0.05,
3.2004404090002936,APPROACH,0.0,0.0,24322.927399883,22.803845273517965,-2.803418803418822,22.837577823892637,-0.35,5.0,0.05,
3.20166176299972,APPROACH,0.0,0.0,24322.927399883,22.799267566948956,-2.256410256410277,22.835271797893505,-0.35,5.0,0.05,
3.202825058997405,APPROACH,0.0,0.0,24322.927399883,22.799267566948956,-2.256410256410277,22.832787413893378,-0.35,5.0,0.05,
3.2039417150008376,APPROACH,0.0,0.0,24322.927399883,22.799267566948956,-2.256410256410277,22.830509949891415,-0.35,5.0,0.05,
3.205146918997343,APPROACH,0.0,0.0,24322.927399883,22.793774319066145,-2.5299145299145493,22.828242833894613,-0.35,5.0,0.05,
3.2063487199993688,APPROACH,0.0,0.0,24322.927399883,22.793774319066145,-2.5299145299145493,22.825776483893854,-0.35,5.0,0.05,
3.2075442649984325,APPROACH,0.0,0.0,24322.927399883,22.78553444724193,-2.803418803418822,22.82343352789146,-0.35,5.0,0.05,
3.2086457179975696,APPROACH,0.0,0.0,24322.927399883,22.78553444724193,-2.803418803418822,22.82107153389486,-0.35,5.0,0.05,
3.2097866219992284,APPROACH,0.0,0.0,24322.938382642,22.78553444724193,-2.803418803418822,22.81880761989421,-0.35,5.0,0.05,
3.2111149419979483,APPROACH,0.0,0.0,24322.938382642,22.774547951476308,-1.846153846153868,22.816543399895885,-0.35,5.0,0.05,
3.2123021119987243,APPROACH,0.0,0.0,24322.938382642,22.774547951476308,-1.846153846153868,22.81384807989641,-0.35,5.0,0.05,
3.213486454998929,APPROACH,0.0,0.0,24322.938382642,22.771801327534902,-1.4358974358974592,22.81156286789453,-0.35,5.0,0.05,
3.214598938000563,APPROACH,0.0,0.0,24322.938382642,22.771801327534902,-1.4358974358974592,22.809187605890905,-0.35,5.0,0.05,
3.215825205999863,APPROACH,0.0,0.0,24322.938382642,22.75532158388647,-2.1196581196581405,22.806906159895583,-0.35,5.0,0.05,
3.217005395999877,APPROACH,0.0,0.0,24322.938382642,22.75532158388647,-2.1196581196581405,22.80444353589089,-0.35,5.0,0.05,
3.218159182000818,APPROACH,0.0,0.0,24322.938382642,22.75532158388647,-2.1196581196581405,22.802107623895857,-0.35,5.0,0.05,
3.2193441370000073,APPROACH,0.0,0.0,24322.938382642,22.747997253376056,-1.7094017094017318,22.799840597895376,-0.35,5.0,0.05,
3.22077357499802,APPROACH,0.0,0.0,24322.938382642,22.747997253376056,-1.7094017094017318,22.797435755893524,-0.35,5.0,0.05,
3.2219787989997712,APPROACH,0.0,0.0,24322.949406105,22.747081712062254,-0.8888888888889142,22.794600247894117,-0.35,5.0,0.05,
3.2231299380000564,APPROACH,0.0,0.0,24322.949406105,22.747081712062254,-0.8888888888889142,22.792195775896538,-0.35,5.0,0.05,
3.224267871999473,APPROACH,0.0,0.0,24322.949406105,22.747081712062254,-0.8888888888889142,22.789878121891228,-0.35,5.0,0.05,
3.225518233997718,APPROACH,0.0,0.0,24322.949406105,22.74525062943465,-1.5726495726495955,22.78757170589349,-0.35,5.0,0.05,
3.226632571000664,APPROACH,0.0,0.0,24322.949406105,22.74525062943465,-1.5726495726495955,22.785159093896503,-0.35,5.0,0.05,
3.2278179860004457,APPROACH,0.0,0.0,24322.949406105,22.74067292286564,-2.5299145299145493,22.782859397893183,-0.35,5.0,0.05,
3.2289436449973437,APPROACH,0.0,0.0,24322.949406105,22.74067292286564,-2.5299145299145493,22.780510545891296,-0.35,5.0,0.05,
3.2300830069980293,APPROACH,0.0,0.0,24322.949406105,22.74067292286564,-2.5299145299145493,22.778265279893525,-0.35,5.0,0.05,
3.2313862560004054,APPROACH,0.0,0.0,24322.949406105,22.732433051041426,-1.846153846153868,22.77589118389121,-0.35,5.0,0.05,
3.232530085999315,APPROACH,0.0,0.0,24322.960381167,22.732433051041426,-1.846153846153868,22.773338949891034,-0.35,5.0,0.05,
3.2338038079979015,APPROACH,0.0,0.0,24322.960381167,22.732433051041426,-1.4358974358974592,22.77105403189605,-0.35,5.0,0.05,
3.2349643079978705,APPROACH,0.0,0.0,24322.960381167,22.732433051041426,-1.4358974358974592,22.76850161389418,-0.35,5.0,0.05,
3.236077377998299,APPROACH,0.0,0.0,24322.960381167,22.732433051041426,-1.4358974358974592,22.766234549891372,-0.35,5.0,0.05,
3.237295778999396,APPROACH,0.0,0.0,24322.960381167,22.72968642710002,-2.6666666666666856,22.763960783894866,-0.35,5.0,0.05,
3.2384460129978834,APPROACH,0.0,0.0,24322.960381167,22.72968642710002,-2.6666666666666856,22.76155008789035,-0.35,5.0,0.05,
3.239606986997387,APPROACH,0.0,0.0,24322.960381167,22.726939803158615,-3.0769230769230944,22.759270337891643,-0.35,5.0,0.05,
3.2407564479981374,APPROACH,0.0,0.0,24322.960381167,22.726939803158615,-3.0769230769230944,22.756911537894915,-0.35,5.0,0.05,
3.2418534419994103,APPROACH,0.0,0.0,24322.960381167,22.726939803158615,-3.0769230769230944,22.754651513890416,-0.35,5.0,0.05,
3.2430660859972704,APPROACH,0.0,0.0,24322.971465176,22.72510872053101,-3.0769230769230944,22.752454433889646,-0.35,5.0,0.05,
3.244240380998235,APPROACH,0.0,0.0,24322.971465176,22.72510872053101,-3.0769230769230944,22.749960397895187,-0.35,5.0,0.05,
3.245445053998992,APPROACH,0.0,0.0,24322.971465176,22.726024261844813,-3.350427350427367,22.7476362678947,-0.35,5.0,0.05,
3.246621378999407,APPROACH,0.0,0.0,24322.971465176,22.726024261844813,-3.350427350427367,22.745249941895302,-0.35,5.0,0.05,
3.247843725999701,APPROACH,0.0,0.0,24322.971465176,22.726024261844813,-3.350427350427367,22.742884425891383,-0.35,5.0,0.05,
3.2491019629997027,APPROACH,0.0,0.0,24322.971465176,22.72510872053101,-4.444444444444457,22.74039056789595,-0.35,5.0,0.05,
3.250319317998219,APPROACH,0.0,0.0,24322.971465176,22.72510872053101,-4.444444444444457,22.73787973389087,-0.35,5.0,0.05,
3.2515154850007093,APPROACH,0.0,0.0,24322.971465176,22.72419317921721,-4.581196581196593,22.735482497891347,-0.35,5.0,0.05,
3.25262492299953,APPROACH,0.0,0.0,24322.971465176,22.72419317921721,-4.581196581196593,22.733128845896566,-0.35,5.0,0.05,
3.254050597999594,APPROACH,0.0,0.0,24322.982475476,22.722362096589606,-5.128205128205138,22.73060646389174,-0.35,5.0,0.05,
3.255318655999872,APPROACH,0.0,0.0,24322.982475476,22.722362096589606,-5.128205128205138,22.72792123389197,-0.35,5.0,0.05,
3.2564494389989704,APPROACH,0.0,0.0,24322.982475476,22.722362096589606,-5.128205128205138,22.7254878638935,-0.35,5.0,0.05,
3.2577346789985313,APPROACH,0.0,0.0,24322.982475476,22.722362096589606,-5.538461538461547,22.723248245894204,-0.35,5.0,0.05,
3.2589765029988484,APPROACH,0.0,0.0,24322.982475476,22.722362096589606,-5.538461538461547,22.72058146589668,-0.35,5.0,0.05,
3.260257271998853,APPROACH,0.0,0.0,24322.982475476,22.720531013962002,-5.948717948717956,22.718126175889914,-0.35,5.0,0.05,
3.261442941999121,APPROACH,0.0,0.0,24322.982475476,22.720531013962002,-5.948717948717956,22.71559844589617,-0.35,5.0,0.05,
3.2625747620004404,APPROACH,0.0,0.0,24322.982475476,22.720531013962002,-5.948717948717956,22.713241963895847,-0.35,5.0,0.05,
3.263832950997312,APPROACH,0.0,0.0,24322.982475476,22.717784390020597,-6.358974358974365,22.710967653890542,-0.35,5.0,0.05,
3.2649827690001985,APPROACH,0.0,0.0,24322.993474424,22.717784390020597,-6.358974358974365,22.708461163894093,-0.35,5.0,0.05,
3.2662074489999213,APPROACH,0.0,0.0,24322.993474424,22.715037766079192,-6.495726495726501,22.706173199892213,-0.35,5.0,0.05,
3.267367603999446,APPROACH,0.0,0.0,24322.993474424,22.715037766079192,-6.495726495726501,22.70372340189467,-0.35,5.0,0.05,
3.2685433789993112,APPROACH,0.0,0.0,24322.993474424,22.715037766079192,-6.495726495726501,22.70139543989469,-0.35,5.0,0.05,
3.2698153979981726,APPROACH,0.0,0.0,24322.993474424,22.711375600823985,-6.90598290598291,22.699038099891617,-0.35,5.0,0.05,
3.270965065999917,APPROACH,0.0,0.0,24322.993474424,22.711375600823985,-6.90598290598291,22.696501495892583,-0.35,5.0,0.05,
3.2721476149999944,APPROACH,0.0,0.0,24322.993474424,22.70862897688258,-7.042735042735046,22.69421166389045,-0.35,5.0,0.05,
3.2732716069986054,APPROACH,0.0,0.0,24322.993474424,22.70862897688258,-7.042735042735046,22.691858003892115,-0.35,5.0,0.05,
3.274377874997299,APPROACH,0.0,0.0,24322.993474424,22.70862897688258,-7.042735042735046,22.689619111895148,-0.35,5.0,0.05,
3.27554107999822,APPROACH,0.0,0.0,24322.993474424,22.702220187685967,-7.042735042735046,22.687403935896576,-0.35,5.0,0.05,
3.2766784409977845,APPROACH,0.0,0.0,24323.004514769,22.702220187685967,-7.042735042735046,22.685043307895533,-0.35,5.0,0.05,
3.2778699150003376,APPROACH,0.0,0.0,24323.004514769,22.69947356374456,-7.179487179487182,22.682774449896236,-0.35,5.0,0.05,
3.2790165439982957,APPROACH,0.0,0.0,24323.004514769,22.69947356374456,-7.179487179487182,22.680369825896626,-0.35,5.0,0.05,
3.2801961669974844,APPROACH,0.0,0.0,24323.004514769,22.69947356374456,-7.179487179487182,22.678085407890897,-0.35,5.0,0.05,
3.2814395479981613,APPROACH,0.0,0.0,24323.004514769,22.690318150606544,-7.316239316239319,22.675734473895567,-0.35,5.0,0.05,
3.282552492997638,APPROACH,0.0,0.0,24323.004514769,22.690318150606544,-7.316239316239319,22.673283547891764,-0.35,5.0,0.05,
3.283706209000229,APPROACH,0.0,0.0,24323.004514769,22.679331654840922,-6.90598290598291,22.67105856589594,-0.35,5.0,0.05,
3.2848628329993517,APPROACH,0.0,0.0,24323.004514769,22.679331654840922,-6.90598290598291,22.66870987389236,-0.35,5.0,0.05,
3.2859900490002474,APPROACH,0.0,0.0,24323.004514769,22.679331654840922,-6.90598290598291,22.66639938989217,-0.35,5.0,0.05,
3.2871728600002825,APPROACH,0.0,0.0,24323.015550466,22.67383840695811,-6.085470085470092,22.6641803358955,-0.35,5.0,0.05,
3.2883685039996635,APPROACH,0.0,0.0,24323.015550466,22.67383840695811,-6.085470085470092,22.661791055893694,-0.35,5.0,0.05,
3.289647857000091,APPROACH,0.0,0.0,24323.015550466,22.672007324330508,-6.358974358974365,22.6593538418904,-0.35,5.0,0.05,
3.290826426997228,APPROACH,0.0,0.0,24323.015550466,22.672007324330508,-6.358974358974365,22.656816183896147,-0.35,5.0,0.05,
3.2920105699995474,APPROACH,0.0,0.0,24323.015550466,22.655527580682076,-6.769230769230774,22.654455715893413,-0.35,5.0,0.05,
3.293160369998077,APPROACH,0.0,0.0,24323.015550466,22.655527580682076,-6.769230769230774,22.65211386789567,-0.35,5.0,0.05,
3.2942683629989915,APPROACH,0.0,0.0,24323.015550466,22.655527580682076,-6.769230769230774,22.649832043892523,-0.35,5.0,0.05,
3.2955011060003017,APPROACH,0.0,0.0,24323.015550466,22.64820325017166,-5.6752136752136835,22.647570519891154,-0.35,5.0,0.05,
3.2966071989976626,APPROACH,0.0,0.0,24323.015550466,22.64820325017166,-5.6752136752136835,22.64516199189645,-0.35,5.0,0.05,
3.297867828998278,APPROACH,0.0,0.0,24323.026432871,22.643625543602653,-5.128205128205138,22.642719155891676,-0.35,5.0,0.05,
3.2990221719992405,APPROACH,0.0,0.0,24323.026432871,22.643625543602653,-5.128205128205138,22.64039018589508,-0.35,5.0,0.05,
3.3001749489994836,APPROACH,0.0,0.0,24323.026432871,22.643625543602653,-5.128205128205138,22.638082077895227,-0.35,5.0,0.05,
3.301380511999014,APPROACH,0.0,0.0,24323.026432871,22.62623025864042,-5.538461538461547,22.635805749895802,-0.35,5.0,0.05,
3.3025230759994884,APPROACH,0.0,0.0,24323.026432871,22.62623025864042,-5.538461538461547,22.633391623895726,-0.35,5.0,0.05,
3.3037149779993342,APPROACH,0.0,0.0,24323.026432871,22.62073701075761,-4.71794871794873,22.631104209890758,-0.35,5.0,0.05,
3.304853142999491,APPROACH,0.0,0.0,24323.026432871,22.62073701075761,-4.71794871794873,22.628701877890556,-0.35,5.0,0.05,
3.305997509000008,APPROACH,0.0,0.0,24323.026432871,22.62073701075761,-4.71794871794873,22.626414665895275,-0.35,5.0,0.05,
3.3072102070000255,APPROACH,0.0,0.0,24323.026432871,22.60059510185397,-3.7606837606837757,22.624132847894792,-0.35,5.0,0.05,
3.3083721959992545,APPROACH,0.0,0.0,24323.026432871,22.60059510185397,-3.7606837606837757,22.621694537892175,-0.35,5.0,0.05,
3.3095222849988204,APPROACH,0.0,0.0,24323.037387273,22.592355230029753,-3.2136752136752307,22.619420603893808,-0.35,5.0,0.05,
3.3106244650007284,APPROACH,0.0,0.0,24323.037387273,22.592355230029753,-3.2136752136752307,22.617120829892222,-0.35,5.0,0.05,
3.311731153000437,APPROACH,0.0,0.0,24323.037387273,22.592355230029753,-3.2136752136752307,22.614917237894836,-0.35,5.0,0.05,
3.3129681549980887,APPROACH,0.0,0.0,24323.037387273,22.57038223849851,-1.7094017094017318,22.612694065895333,-0.35,5.0,0.05,
3.314122492000024,APPROACH,0.0,0.0,24323.037387273,22.57038223849851,-1.7094017094017318,22.610184329890465,-0.35,5.0,0.05,
3.315306161999615,APPROACH,0.0,0.0,24323.037387273,22.552986953536276,-0.8888888888889142,22.607883027894125,-0.35,5.0,0.05,
3.3163847260002512,APPROACH,0.0,0.0,24323.037387273,22.552986953536276,-0.8888888888889142,22.605613265893474,-0.35,5.0,0.05,
3.3176033819981967,APPROACH,0.0,0.0,24323.037387273,22.552986953536276,-0.8888888888889142,22.60336583789583,-0.35,5.0,0.05,
3.319012741998449,APPROACH,0.0,0.0,24323.037387273,22.531929503318835,0.3418803418803691,22.6008321718921,-0.35,5.0,0.05,
3.3202114659979998,APPROACH,0.0,0.0,24323.048504683,22.531929503318835,0.3418803418803691,22.59804232589638,-0.35,5.0,0.05,
3.3215460069986875,APPROACH,0.0,0.0,24323.048504683,22.51911192492561,1.4358974358974592,22.59567287389043,-0.35,5.0,0.05,
3.3227643569989596,APPROACH,0.0,0.0,24323.048504683,22.51911192492561,1.4358974358974592,22.592980437891377,-0.35,5.0,0.05,
3.323949351997726,APPROACH,0.0,0.0,24323.048504683,22.51911192492561,1.4358974358974592,22.590576811891218,-0.35,5.0,0.05,
3.3253012739987753,APPROACH,0.0,0.0,24323.048504683,22.497138933394368,2.803418803418822,22.58822228189208,-0.35,5.0,0.05,
3.3265014860007796,APPROACH,0.0,0.0,24323.048504683,22.497138933394368,2.803418803418822,22.585466073892597,-0.35,5.0,0.05,
3.327748051000526,APPROACH,0.0,0.0,24323.048504683,22.485236896314944,3.487179487179503,22.58311579189583,-0.35,5.0,0.05,
3.3289797649995307,APPROACH,0.0,0.0,24323.048504683,22.485236896314944,3.487179487179503,22.580525241895224,-0.35,5.0,0.05,
3.3302851949993055,APPROACH,0.0,0.0,24323.048504683,22.474250400549323,4.034188034188048,22.578162045895873,-0.35,5.0,0.05,
3.3314357719973486,APPROACH,0.0,0.0,24323.059506707,22.474250400549323,4.034188034188048,22.575605095896456,-0.35,5.0,0.05,
3.3326505229997565,APPROACH,0.0,0.0,24323.059506707,22.474250400549323,4.034188034188048,22.57319373789621,-0.35,5.0,0.05,
3.333950759999425,APPROACH,0.0,0.0,24323.059506707,22.469672693980314,4.1709401709401845,22.57079396989254,-0.35,5.0,0.05,
3.3351046639982087,APPROACH,0.0,0.0,24323.059506707,22.469672693980314,4.1709401709401845,22.568239285895537,-0.35,5.0,0.05,
3.336491030997422,APPROACH,0.0,0.0,24323.059506707,22.461432822156098,3.7606837606837757,22.56582575389009,-0.35,5.0,0.05,
3.337707816997863,APPROACH,0.0,0.0,24323.059506707,22.461432822156098,3.7606837606837757,22.56307695189141,-0.35,5.0,0.05,
3.338887846999569,APPROACH,0.0,0.0,24323.059506707,22.461432822156098,3.7606837606837757,22.560686927893833,-0.35,5.0,0.05,
3.3402882400005183,APPROACH,0.0,0.0,24323.059506707,22.45777065690089,4.034188034188048,22.55832461589423,-0.35,5.0,0.05,
3.341421346998686,APPROACH,0.0,0.0,24323.059506707,22.45777065690089,4.034188034188048,22.55560126389289,-0.35,5.0,0.05,
3.342732551998779,APPROACH,0.0,0.0,24323.070453471,22.461432822156098,3.7606837606837757,22.553279227891174,-0.35,5.0,0.05,
3.3439639499993064,APPROACH,0.0,0.0,24323.070453471,22.461432822156098,3.7606837606837757,22.550609255894663,-0.35,5.0,0.05,
3.3451493979991938,APPROACH,0.0,0.0,24323.070453471,22.461432822156098,3.7606837606837757,22.548143263892847,-0.35,5.0,0.05,
3.3465096519976214,APPROACH,0.0,0.0,24323.070453471,22.458686198214693,2.256410256410277,22.54575599189527,-0.35,5.0,0.05,
3.3476826820005954,APPROACH,0.0,0.0,24323.070453471,22.458686198214693,2.256410256410277,22.543096533890342,-0.35,5.0,0.05,
3.348971535000601,APPROACH,0.0,0.0,24323.070453471,22.45685511558709,1.9829059829060043,22.540753077891416,-0.35,5.0,0.05,
3.350167598997359,APPROACH,0.0,0.0,24323.070453471,22.45685511558709,1.9829059829060043,22.53818127989623,-0.35,5.0,0.05,
3.3513636749994475,APPROACH,0.0,0.0,24323.070453471,22.45685511558709,1.9829059829060043,22.53572876389196,-0.35,5.0,0.05,
3.352631014997314,APPROACH,0.0,0.0,24323.070453471,22.460517280842296,1.846153846153868,22.5334081798949,-0.35,5.0,0.05,
3.3542002190006315,APPROACH,0.0,0.0,24323.081576974,22.460517280842296,1.846153846153868,22.530261235894862,-0.35,5.0,0.05,
3.3555821089976234,APPROACH,0.0,0.0,24323.081576974,22.45777065690089,0.7521367521367779,22.52765366589417,-0.35,5.0,0.05,
3.356777000997681,APPROACH,0.0,0.0,24323.081576974,22.45777065690089,0.7521367521367779,22.524938197894947,-0.35,5.0,0.05,
3.3579441939982644,APPROACH,0.0,0.0,24323.081576974,22.45777065690089,0.7521367521367779,22.522564561893226,-0.35,5.0,0.05,
3.359249365999858,APPROACH,0.0,0.0,24323.081576974,22.455939574273287,0.47863247863250535,22.52021957989316,-0.35,5.0,0.05,
3.36043150399928,APPROACH,0.0,0.0,24323.081576974,22.455939574273287,0.47863247863250535,22.517598801890266,-0.35,5.0,0.05,
3.364690720998624,APPROACH,0.0,0.0,24323.092660724,22.45685511558709,0.06837606837609655,22.509575721896248,-0.35,5.0,0.05,
3.3660272599991004,APPROACH,0.0,0.0,24323.092660724,22.45685511558709,0.06837606837609655,22.50660680788976,-0.35,5.0,0.05,
3.3672386849975737,APPROACH,0.0,0.0,24323.092660724,22.45685511558709,0.06837606837609655,22.504021857895417,-0.35,5.0,0.05,
3.368583036997734,APPROACH,0.0,0.0,24323.092660724,22.455024032959486,-0.7521367521367779,22.501604075893987,-0.35,5.0,0.05,
3.369806504997541,APPROACH,0.0,0.0,24323.092660724,22.455024032959486,-0.7521367521367779,22.498923569889733,-0.35,5.0,0.05,
3.371127414997318,APPROACH,0.0,0.0,24323.092660724,22.455024032959486,-1.7094017094017318,22.496478631889907,-0.35,5.0,0.05,
3.3723546209985216,APPROACH,0.0,0.0,24323.092660724,22.455024032959486,-1.7094017094017318,22.493819661890733,-0.35,5.0,0.05,
3.3735331959978794,APPROACH,0.0,0.0,24323.092660724,22.455024032959486,-1.7094017094017318,22.49139194989518,-0.35,5.0,0.05,
3.3750860769978317,APPROACH,0.0,0.0,24323.103498659,22.45227740901808,-2.393162393162413,22.48855938989552,-0.35,5.0,0.05,
3.3763020199985476,APPROACH,0.0,0.0,24323.103498659,22.45227740901808,-2.393162393162413,22.485933693890978,-0.35,5.0,0.05,
3.377616624999064,APPROACH,0.0,0.0,24323.103498659,22.45136186770428,-2.5299145299145493,22.483430335895967,-0.35,5.0,0.05,
3.3787993179976183,APPROACH,0.0,0.0,24323.103498659,22.45136186770428,-2.5299145299145493,22.480872147892363,-0.35,5.0,0.05,
3.3799813199984783,APPROACH,0.0,0.0,24323.103498659,22.45136186770428,-2.5299145299145493,22.47851249989005,-0.35,5.0,0.05,
3.381284429997322,APPROACH,0.0,0.0,24323.103498659,22.450446326390477,-3.2136752136752307,22.476159957893536,-0.35,5.0,0.05,
3.382462513000064,APPROACH,0.0,0.0,24323.103498659,22.450446326390477,-3.2136752136752307,22.47350995789136,-0.35,5.0,0.05,
3.383695923999767,APPROACH,0.0,0.0,24323.103498659,22.448615243762873,-3.6239316239316395,22.471203755894088,-0.35,5.0,0.05,
3.384943534998456,APPROACH,0.0,0.0,24323.103498659,22.448615243762873,-3.6239316239316395,22.468726679894893,-0.35,5.0,0.05,
3.386120958999527,APPROACH,0.0,0.0,24323.11447491,22.448615243762873,-3.6239316239316395,22.466222587894002,-0.35,5.0,0.05,
3.387431552000635,APPROACH,0.0,0.0,24323.11447491,22.444037537193864,-3.897435897435912,22.463848033891985,-0.35,5.0,0.05,
3.3885858350004128,APPROACH,0.0,0.0,24323.11447491,22.444037537193864,-3.897435897435912,22.461268287895358,-0.35,5.0,0.05,
3.389809140997386,APPROACH,0.0,0.0,24323.11447491,22.43671320668345,-3.897435897435912,22.45896605589339,-0.35,5.0,0.05,
3.390997721999156,APPROACH,0.0,0.0,24323.11447491,22.43671320668345,-3.897435897435912,22.45646488988975,-0.35,5.0,0.05,
3.3922013779992994,APPROACH,0.0,0.0,24323.11447491,22.43671320668345,-3.897435897435912,22.45407996389374,-0.35,5.0,0.05,
3.393520555997384,APPROACH,0.0,0.0,24323.11447491,22.428473334859234,-3.487179487179503,22.451723685896717,-0.35,5.0,0.05,
3.3946627929981332,APPROACH,0.0,0.0,24323.11447491,22.428473334859234,-3.487179487179503,22.44908917188993,-0.35,5.0,0.05,
3.3960853079988738,APPROACH,0.0,0.0,24323.11447491,22.424811169604027,-3.487179487179503,22.446736815895996,-0.35,5.0,0.05,
3.397401338999771,APPROACH,0.0,0.0,24323.125530404,22.424811169604027,-3.487179487179503,22.443849655895313,-0.35,5.0,0.05,
3.398592451998411,APPROACH,0.0,0.0,24323.125530404,22.424811169604027,-3.487179487179503,22.441292545890313,-0.35,5.0,0.05,
3.3999418189996504,APPROACH,0.0,0.0,24323.125530404,22.420233463035018,-4.034188034188048,22.43893114189384,-0.35,5.0,0.05,
3.4011188309996214,APPROACH,0.0,0.0,24323.125530404,22.420233463035018,-4.034188034188048,22.43623178989335,-0.35,5.0,0.05,
3.402380658997572,APPROACH,0.0,0.0,24323.125530404,22.414740215152207,-4.1709401709401845,22.43389107588998,-0.35,5.0,0.05,
3.4035438099999737,APPROACH,0.0,0.0,24323.125530404,22.414740215152207,-4.1709401709401845,22.43136184789298,-0.35,5.0,0.05,
3.4048831109976163,APPROACH,0.0,0.0,24323.125530404,22.409246967269397,-3.897435897435912,22.429038057890715,-0.35,5.0,0.05,
3.4061509749990364,APPROACH,0.0,0.0,24323.125530404,22.409246967269397,-3.897435897435912,22.42630335989204,-0.35,5.0,0.05,
3.40734790499846,APPROACH,0.0,0.0,24323.125530404,22.409246967269397,-3.897435897435912,22.4237759518958,-0.35,5.0,0.05,
3.408647222997388,APPROACH,0.0,0.0,24323.136588523,22.404669260700388,-4.034188034188048,22.421418457889807,-0.35,5.0,0.05,
3.4098415810003644,APPROACH,0.0,0.0,24323.136588523,22.404669260700388,-4.034188034188048,22.418820841893897,-0.35,5.0,0.05,
3.4110833889972128,APPROACH,0.0,0.0,24323.136588523,22.401922636758982,-4.307692307692321,22.416440813890652,-0.35,5.0,0.05,
3.412269871998433,APPROACH,0.0,0.0,24323.136588523,22.401922636758982,-4.307692307692321,22.413901387896907,-0.35,5.0,0.05,
3.413416909999796,APPROACH,0.0,0.0,24323.136588523,22.401922636758982,-4.307692307692321,22.411608691895957,-0.35,5.0,0.05,
3.414742387998558,APPROACH,0.0,0.0,24323.136588523,22.394598306248568,-4.444444444444457,22.409300585889717,-0.35,5.0,0.05,
3.4159413579982356,APPROACH,0.0,0.0,24323.136588523,22.394598306248568,-4.444444444444457,22.406558341893536,-0.35,5.0,0.05,
3.4172179189990857,APPROACH,0.0,0.0,24323.136588523,22.383611810482947,-4.307692307692321,22.404179131889826,-0.35,5.0,0.05,
3.418388435999077,APPROACH,0.0,0.0,24323.136588523,22.383611810482947,-4.307692307692321,22.401669211890542,-0.35,5.0,0.05,
3.4195400509997853,APPROACH,0.0,0.0,24323.147540687,22.383611810482947,-4.307692307692321,22.39935470389289,-0.35,5.0,0.05,
3.4209207959975174,APPROACH,0.0,0.0,24323.147540687,22.377203021286334,-3.487179487179503,22.397039767894306,-0.35,5.0,0.05,
3.422152130999166,APPROACH,0.0,0.0,24323.147540687,22.377203021286334,-3.487179487179503,22.394245473894692,-0.35,5.0,0.05,
3.4234163420005643,APPROACH,0.0,0.0,24323.147540687,22.376287479972532,-3.7606837606837757,22.39182323789398,-0.35,5.0,0.05,
3.42460512499747,APPROACH,0.0,0.0,24323.147540687,22.376287479972532,-3.7606837606837757,22.3892824498919,-0.35,5.0,0.05,
3.42578555900036,APPROACH,0.0,0.0,24323.147540687,22.376287479972532,-3.7606837606837757,22.38689843789441,-0.35,5.0,0.05,
3.4270620749994123,APPROACH,0.0,0.0,24323.147540687,22.372625314717325,-4.71794871794873,22.384555515892565,-0.35,5.0,0.05,
3.428247593998094,APPROACH,0.0,0.0,24323.147540687,22.372625314717325,-4.71794871794873,22.382002035891922,-0.35,5.0,0.05,
3.4295915459988464,APPROACH,0.0,0.0,24323.147540687,22.366216525520713,-4.71794871794873,22.37954745589493,-0.35,5.0,0.05,
3.4312206510003307,APPROACH,0.0,0.0,24323.15854305,22.366216525520713,-4.71794871794873,22.376181267894275,-0.35,5.0,0.05,
3.432465822999802,APPROACH,0.0,0.0,24323.15854305,22.366216525520713,-4.71794871794873,22.373635801895283,-0.35,5.0,0.05,
3.433866745999694,APPROACH,0.0,0.0,24323.15854305,22.353398947127488,-4.034188034188048,22.371139687894605,-0.35,5.0,0.05,
3.4350833839998813,APPROACH,0.0,0.0,24323.15854305,22.353398947127488,-4.034188034188048,22.368337699889956,-0.35,5.0,0.05,
3.4364699609977833,APPROACH,0.0,0.0,24323.15854305,22.347905699244677,-3.7606837606837757,22.365840759893466,-0.35,5.0,0.05,
3.437665664998349,APPROACH,0.0,0.0,24323.15854305,22.347905699244677,-3.7606837606837757,22.36316164389543,-0.35,5.0,0.05,
3.4388533679994,APPROACH,0.0,0.0,24323.15854305,22.347905699244677,-3.7606837606837757,22.360774359892524,-0.35,5.0,0.05,
3.4401829639973585,APPROACH,0.0,0.0,24323.15854305,22.33417257953765,-4.034188034188048,22.358381101891858,-0.35,5.0,0.05,
3.4415471379979863,APPROACH,0.0,0.0,24323.169617547,22.33417257953765,-4.034188034188048,22.35547634989168,-0.35,5.0,0.05,
3.4429097569991427,APPROACH,0.0,0.0,24323.169617547,22.325932707713434,-3.350427350427367,22.35299681989388,-0.35,5.0,0.05,
3.4441236380007467,APPROACH,0.0,0.0,24323.169617547,22.325932707713434,-3.350427350427367,22.350218931890844,-0.35,5.0,0.05,
3.4454868039974826,APPROACH,0.0,0.0,24323.169617547,22.314946211947813,-2.6666666666666856,22.34778265989123,-0.35,5.0,0.05,
3.446690609998768,APPROACH,0.0,0.0,24323.169617547,22.314946211947813,-2.6666666666666856,22.345119681894424,-0.35,5.0,0.05,
3.447934157000418,APPROACH,0.0,0.0,24323.169617547,22.314946211947813,-2.6666666666666856,22.342631117893028,-0.35,5.0,0.05,
3.449404578997928,APPROACH,0.0,0.0,24323.169617547,22.30395971618219,-2.803418803418822,22.340120245892898,-0.35,5.0,0.05,
3.450623278000421,APPROACH,0.0,0.0,24323.169617547,22.30395971618219,-2.803418803418822,22.33726122589112,-0.35,5.0,0.05,
3.4520914659988193,APPROACH,0.0,0.0,24323.180478814,22.299382009613183,-2.256410256410277,22.334562725890713,-0.35,5.0,0.05,
3.4533532389978063,APPROACH,0.0,0.0,24323.180478814,22.299382009613183,-2.256410256410277,22.33188836789602,-0.35,5.0,0.05,
3.4545094719978806,APPROACH,0.0,0.0,24323.180478814,22.299382009613183,-2.256410256410277,22.329446665892895,-0.35,5.0,0.05,
3.455863443999988,APPROACH,0.0,0.0,24323.180478814,22.296635385671777,-2.393162393162413,22.32709421189181,-0.35,5.0,0.05,
3.457048959000531,APPROACH,0.0,0.0,24323.180478814,22.296635385671777,-2.393162393162413,22.32437271589267,-0.35,5.0,0.05,
3.458471253998141,APPROACH,0.0,0.0,24323.180478814,22.29205767910277,-3.0769230769230944,22.32194029589416,-0.35,5.0,0.05,
3.459724690997973,APPROACH,0.0,0.0,24323.180478814,22.29205767910277,-3.0769230769230944,22.319137487896363,-0.35,5.0,0.05,
3.46097469599772,APPROACH,0.0,0.0,24323.180478814,22.29205767910277,-3.0769230769230944,22.316532523896306,-0.35,5.0,0.05,
3.4624784410007123,APPROACH,0.0,0.0,24323.180478814,22.28290226596475,-2.5299145299145493,22.314051649890892,-0.35,5.0,0.05,
3.463675050999882,APPROACH,0.0,0.0,24323.191554925,22.28290226596475,-2.5299145299145493,22.31114057189668,-0.35,5.0,0.05,
3.4650105359978625,APPROACH,0.0,0.0,24323.191554925,22.27832455939574,-2.5299145299145493,22.308750325895083,-0.35,5.0,0.05,
3.4662325770004827,APPROACH,0.0,0.0,24323.191554925,22.27832455939574,-2.5299145299145493,22.306058609895693,-0.35,5.0,0.05,
3.467402639998909,APPROACH,0.0,0.0,24323.191554925,22.27832455939574,-2.5299145299145493,22.303653427895618,-0.35,5.0,0.05,
3.4687448469994706,APPROACH,0.0,0.0,24323.191554925,22.273746852826733,-3.0769230769230944,22.301315385893098,-0.35,5.0,0.05,
3.4699748739985807,APPROACH,0.0,0.0,24323.191554925,22.273746852826733,-3.0769230769230944,22.298575381895056,-0.35,5.0,0.05,
3.4713057359986124,APPROACH,0.0,0.0,24323.191554925,22.269169146257724,-3.350427350427367,22.296060027890483,-0.35,5.0,0.05,
3.4724296319982386,APPROACH,0.0,0.0,24323.191554925,22.269169146257724,-3.350427350427367,22.293588905894715,-0.35,5.0,0.05,
3.4740050260006683,APPROACH,0.0,0.0,24323.191554925,22.269169146257724,-3.350427350427367,22.291070037893654,-0.35,5.0,0.05,
3.47542613800033,APPROACH,0.0,0.0,24323.202629919,22.260929274433508,-2.940170940170958,22.287988761892187,-0.35,5.0,0.05,
3.476621786998294,APPROACH,0.0,0.0,24323.202629919,22.260929274433508,-2.940170940170958,22.28525576789368,-0.35,5.0,0.05,
3.4779835939989425,APPROACH,0.0,0.0,24323.202629919,22.2563515678645,-2.940170940170958,22.282857567895256,-0.35,5.0,0.05,
3.4791625879988715,APPROACH,0.0,0.0,24323.202629919,22.2563515678645,-2.940170940170958,22.280129617896158,-0.35,5.0,0.05,
3.48035111399804,APPROACH,0.0,0.0,24323.202629919,22.2563515678645,-2.940170940170958,22.277786863896175,-0.35,5.0,0.05,
3.4816503949987236,APPROACH,0.0,0.0,24323.202629919,22.249942778667887,-3.0769230769230944,22.275415117889928,-0.35,5.0,0.05,
3.4828204119985458,APPROACH,0.0,0.0,24323.202629919,22.249942778667887,-3.0769230769230944,22.272821019892284,-0.35,5.0,0.05,
3.4841948229986883,APPROACH,0.0,0.0,24323.202629919,22.24078736552987,-3.2136752136752307,22.270427267890476,-0.35,5.0,0.05,
3.4854683819976344,APPROACH,0.0,0.0,24323.213594432,22.24078736552987,-3.2136752136752307,22.267555221894575,-0.35,5.0,0.05,
3.4867565460008336,APPROACH,0.0,0.0,24323.213594432,22.22613870450904,-2.1196581196581405,22.265167317892768,-0.35,5.0,0.05,
3.4879421730001923,APPROACH,0.0,0.0,24323.213594432,22.22613870450904,-2.1196581196581405,22.262605961893563,-0.35,5.0,0.05,
3.489173698999366,APPROACH,0.0,0.0,24323.213594432,22.22613870450904,-2.1196581196581405,22.260146387890266,-0.35,5.0,0.05,
3.4905053379989113,APPROACH,0.0,0.0,24323.213594432,22.222476539253833,-1.846153846153868,22.257754639890912,-0.35,5.0,0.05,
3.4916712589983945,APPROACH,0.0,0.0,24323.213594432,22.222476539253833,-1.846153846153868,22.25510530189174,-0.35,5.0,0.05,
3.492958513998019,APPROACH,0.0,0.0,24323.213594432,22.213321126115815,-2.1196581196581405,22.252775499896664,-0.35,5.0,0.05,
3.494172250997508,APPROACH,0.0,0.0,24323.213594432,22.213321126115815,-2.1196581196581405,22.250183149896905,-0.35,5.0,0.05,
3.4953616879975016,APPROACH,0.0,0.0,24323.213594432,22.213321126115815,-2.1196581196581405,22.247740067892003,-0.35,5.0,0.05,
3.496635970997886,APPROACH,0.0,0.0,24323.224589244,22.20050354772259,-1.5726495726495955,22.245403049893206,-0.35,5.0,0.05,
3.4977939079981297,APPROACH,0.0,0.0,24323.224589244,22.20050354772259,-1.5726495726495955,22.242858689890703,-0.35,5.0,0.05,
3.499117650997505,APPROACH,0.0,0.0,24323.224589244,22.19501029983978,-1.1623931623931867,22.240505787894357,-0.35,5.0,0.05,
3.500302174998069,APPROACH,0.0,0.0,24323.224589244,22.19501029983978,-1.1623931623931867,22.237847385892813,-0.35,5.0,0.05,
3.501487948000431,APPROACH,0.0,0.0,24323.224589244,22.19501029983978,-1.1623931623931867,22.235446361891512,-0.35,5.0,0.05,
3.5027680979983415,APPROACH,0.0,0.0,24323.224589244,22.186770428015564,-1.4358974358974592,22.233161283890944,-0.35,5.0,0.05,
3.5039603949990124,APPROACH,0.0,0.0,24323.224589244,22.186770428015564,-1.4358974358974592,22.23051973589579,-0.35,5.0,0.05,
3.5052290799976618,APPROACH,0.0,0.0,24323.224589244,22.183108262760356,-1.4358974358974592,22.228158435894578,-0.35,5.0,0.05,
3.506373801999871,APPROACH,0.0,0.0,24323.224589244,22.183108262760356,-1.4358974358974592,22.225677923889883,-0.35,5.0,0.05,
3.5075593209985527,APPROACH,0.0,0.0,24323.235534548,22.183108262760356,-1.4358974358974592,22.223358471893583,-0.35,5.0,0.05,
3.5088692779972916,APPROACH,0.0,0.0,24323.235534548,22.18036163881895,-1.4358974358974592,22.220948287890927,-0.35,5.0,0.05,
3.51001315800022,APPROACH,0.0,0.0,24323.235534548,22.18036163881895,-1.4358974358974592,22.218396663892484,-0.35,5.0,0.05,
3.5112755810005183,APPROACH,0.0,0.0,24323.235534548,22.177615014877546,-1.9829059829060043,22.21605800789373,-0.35,5.0,0.05,
3.512458789999073,APPROACH,0.0,0.0,24323.235534548,22.177615014877546,-1.9829059829060043,22.213537247896305,-0.35,5.0,0.05,
3.51361315900067,APPROACH,0.0,0.0,24323.235534548,22.177615014877546,-1.9829059829060043,22.21121958389383,-0.35,5.0,0.05,
3.5148626909976883,APPROACH,0.0,0.0,24323.235534548,22.168459601739528,-1.9829059829060043,22.20891022188996,-0.35,5.0,0.05,
3.5160102779991576,APPROACH,0.0,0.0,24323.235534548,22.168459601739528,-1.9829059829060043,22.206406647893594,-0.35,5.0,0.05,
3.5172531949974655,APPROACH,0.0,0.0,24323.235534548,22.15930418860151,-1.7094017094017318,22.20411675989569,-0.35,5.0,0.05,
3.518469083999662,APPROACH,0.0,0.0,24323.246627106,22.15930418860151,-1.7094017094017318,22.201524251891236,-0.35,5.0,0.05,
3.5196106869989308,APPROACH,0.0,0.0,24323.246627106,22.15930418860151,-1.7094017094017318,22.199195559894427,-0.35,5.0,0.05,
3.5208830970004783,APPROACH,0.0,0.0,24323.246627106,22.152895399404898,-1.299145299145323,22.196921653893945,-0.35,5.0,0.05,
3.5220558459986933,APPROACH,0.0,0.0,24323.246627106,22.152895399404898,-1.299145299145323,22.194335395893425,-0.35,5.0,0.05,
3.5233030119998148,APPROACH,0.0,0.0,24323.246627106,22.150148775463492,-1.5726495726495955,22.19197497389657,-0.35,5.0,0.05,
3.524406246997387,APPROACH,0.0,0.0,24323.246627106,22.150148775463492,-1.5726495726495955,22.189612145893328,-0.35,5.0,0.05,
3.5256528129975777,APPROACH,0.0,0.0,24323.246627106,22.140077821011673,-1.846153846153868,22.187328925895848,-0.35,5.0,0.05,
3.526837298999453,APPROACH,0.0,0.0,24323.246627106,22.140077821011673,-1.846153846153868,22.184806305894448,-0.35,5.0,0.05,
3.528045104998455,APPROACH,0.0,0.0,24323.246627106,22.140077821011673,-1.846153846153868,22.182410225891793,-0.35,5.0,0.05,
3.529282011997566,APPROACH,0.0,0.0,24323.257578439,22.130922407873655,-1.299145299145323,22.18001158989616,-0.35,5.0,0.05,
3.5305481939976744,APPROACH,0.0,0.0,24323.257578439,22.130922407873655,-1.299145299145323,22.17754964589519,-0.35,5.0,0.05,
3.531810742999369,APPROACH,0.0,0.0,24323.257578439,22.126344701304646,-0.7521367521367779,22.175015921894804,-0.35,5.0,0.05,
3.533037228997273,APPROACH,0.0,0.0,24323.257578439,22.126344701304646,-0.7521367521367779,22.172422959892423,-0.35,5.0,0.05,
3.5343923090003955,APPROACH,0.0,0.0,24323.257578439,22.126344701304646,-0.7521367521367779,22.16981735589186,-0.35,5.0,0.05,
3.5357262969992007,APPROACH,0.0,0.0,24323.257578439,22.117189288166628,-1.0256410256410504,22.167295785891177,-0.35,5.0,0.05,
3.5369307330001902,APPROACH,0.0,0.0,24323.257578439,22.117189288166628,-1.0256410256410504,22.164594087896397,-0.35,5.0,0.05,
3.5381588189993636,APPROACH,0.0,0.0,24323.257578439,22.110780498970016,-1.0256410256410504,22.162244549895398,-0.35,5.0,0.05,
3.539369620000798,APPROACH,0.0,0.0,24323.257578439,22.110780498970016,-1.0256410256410504,22.15975592189468,-0.35,5.0,0.05,
3.5405630909990577,APPROACH,0.0,0.0,24323.268626177,22.110780498970016,-1.0256410256410504,22.15734121589164,-0.35,5.0,0.05,
3.541884440997819,APPROACH,0.0,0.0,24323.268626177,22.10803387502861,-0.6153846153846416,22.15489940389059,-0.35,5.0,0.05,
3.5430895159988722,APPROACH,0.0,0.0,24323.268626177,22.10803387502861,-0.6153846153846416,22.15226741389167,-0.35,5.0,0.05,
3.5444720679988677,APPROACH,0.0,0.0,24323.268626177,22.105287251087205,-1.299145299145323,22.149741981892724,-0.35,5.0,0.05,
3.5456519729996216,APPROACH,0.0,0.0,24323.268626177,22.105287251087205,-1.299145299145323,22.147165229894448,-0.35,5.0,0.05,
3.546950701998867,APPROACH,0.0,0.0,24323.268626177,22.105287251087205,-1.299145299145323,22.144565345895238,-0.35,5.0,0.05,
3.5484088359989983,APPROACH,0.0,0.0,24323.268626177,22.096131837949187,-1.5726495726495955,22.141843663893518,-0.35,5.0,0.05,
3.549666568000248,APPROACH,0.0,0.0,24323.268626177,22.096131837949187,-1.5726495726495955,22.1392854778908,-0.35,5.0,0.05,
3.551332077000552,APPROACH,0.0,0.0,24323.279710316,22.08697642481117,-1.0256410256410504,22.135991045893455,-0.35,5.0,0.05,
3.552578590999474,APPROACH,0.0,0.0,24323.279710316,22.08697642481117,-1.0256410256410504,22.133290259896306,-0.35,5.0,0.05,
3.553835374998016,APPROACH,0.0,0.0,24323.279710316,22.08697642481117,-1.0256410256410504,22.130953743894928,-0.35,5.0,0.05,
3.5551271490003273,APPROACH,0.0,0.0,24323.279710316,22.079652094300755,-0.7521367521367779,22.12837752989551,-0.35,5.0,0.05,
3.5562595689989394,APPROACH,0.0,0.0,24323.279710316,22.079652094300755,-0.7521367521367779,22.125906867893057,-0.35,5.0,0.05,
3.5574679220007965,APPROACH,0.0,0.0,24323.279710316,22.075074387731746,-1.0256410256410504,22.123561379893793,-0.35,5.0,0.05,
3.558588370997313,APPROACH,0.0,0.0,24323.279710316,22.075074387731746,-1.0256410256410504,22.121205265896855,-0.35,5.0,0.05,
3.559727992000262,APPROACH,0.0,0.0,24323.279710316,22.075074387731746,-1.0256410256410504,22.118991837896168,-0.35,5.0,0.05,
3.5609284460006165,APPROACH,0.0,0.0,24323.279710316,22.065003433279927,-1.0256410256410504,22.116679565894877,-0.35,5.0,0.05,
3.562106600998959,APPROACH,0.0,0.0,24323.290665985,22.065003433279927,-1.0256410256410504,22.114216815892426,-0.35,5.0,0.05,
3.563349391999509,APPROACH,0.0,0.0,24323.290665985,22.057679102769512,-0.6153846153846416,22.11191318789613,-0.35,5.0,0.05,
3.564481954999792,APPROACH,0.0,0.0,24323.290665985,22.057679102769512,-0.6153846153846416,22.109452163896343,-0.35,5.0,0.05,
3.5657371889974456,APPROACH,0.0,0.0,24323.290665985,22.050354772259098,-0.47863247863250535,22.107185989895946,-0.35,5.0,0.05,
3.566872063998744,APPROACH,0.0,0.0,24323.290665985,22.050354772259098,-0.47863247863250535,22.104649155896617,-0.35,5.0,0.05,
3.568156999997882,APPROACH,0.0,0.0,24323.290665985,22.050354772259098,-0.47863247863250535,22.102167667894967,-0.35,5.0,0.05,
3.5694220320001477,APPROACH,0.0,0.0,24323.290665985,22.044861524376287,-0.6153846153846416,22.09975316589523,-0.35,5.0,0.05,
3.5705476719995204,APPROACH,0.0,0.0,24323.290665985,22.044861524376287,-0.6153846153846416,22.097296131892357,-0.35,5.0,0.05,
3.5717435299993667,APPROACH,0.0,0.0,24323.290665985,22.038452735179675,-0.47863247863250535,22.0950337778934,-0.35,5.0,0.05,
3.5729877109988593,APPROACH,0.0,0.0,24323.301586724,22.038452735179675,-0.47863247863250535,22.092406439894397,-0.35,5.0,0.05,
3.5741527619975386,APPROACH,0.0,0.0,24323.301586724,22.038452735179675,-0.47863247863250535,22.090145645889855,-0.35,5.0,0.05,
3.5754320779997215,APPROACH,0.0,0.0,24323.301586724,22.034790569924468,-0.3418803418803691,22.087774899891222,-0.35,5.0,0.05,
3.576547724998818,APPROACH,0.0,0.0,24323.301586724,22.034790569924468,-0.3418803418803691,22.08528259189304,-0.35,5.0,0.05,
3.5776944899989758,APPROACH,0.0,0.0,24323.301586724,22.032959487296864,-0.8888888888889142,22.08307025789079,-0.35,5.0,0.05,
3.578857534997951,APPROACH,0.0,0.0,24323.301586724,22.032959487296864,-0.8888888888889142,22.08074034189601,-0.35,5.0,0.05,
3.580024429000332,APPROACH,0.0,0.0,24323.301586724,22.032959487296864,-0.8888888888889142,22.078409085895395,-0.35,5.0,0.05,
3.581253468997602,APPROACH,0.0,0.0,24323.301586724,22.027466239414053,-1.299145299145323,22.076056831895833,-0.35,5.0,0.05,
3.582490077998955,APPROACH,0.0,0.0,24323.301586724,22.027466239414053,-1.299145299145323,22.073538395890203,-0.35,5.0,0.05,
3.583720999999059,APPROACH,0.0,0.0,24323.301586724,22.02105745021744,-1.1623931623931867,22.07114642189233,-0.35,5.0,0.05,
3.584873752999556,APPROACH,0.0,0.0,24323.312722589,22.02105745021744,-1.1623931623931867,22.068674103896477,-0.35,5.0,0.05,
3.5860836259998905,APPROACH,0.0,0.0,24323.312722589,22.02105745021744,-1.1623931623931867,22.066335223892814,-0.35,5.0,0.05,
3.5874619179994625,APPROACH,0.0,0.0,24323.312722589,22.009155413138018,-0.6153846153846416,22.063910641890537,-0.35,5.0,0.05,
3.5886038959979487,APPROACH,0.0,0.0,24323.312722589,22.009155413138018,-0.6153846153846416,22.061187093896727,-0.35,5.0,0.05,
3.5898172310007794,APPROACH,0.0,0.0,24323.312722589,22.00549324788281,-0.47863247863250535,22.05892033989337,-0.35,5.0,0.05,
3.590965307997976,APPROACH,0.0,0.0,24323.312722589,22.00549324788281,-0.47863247863250535,22.056484657893883,-0.35,5.0,0.05,
3.592103864000819,APPROACH,0.0,0.0,24323.312722589,22.00549324788281,-0.47863247863250535,22.054200835890946,-0.35,5.0,0.05,
3.5933230480004568,APPROACH,0.0,0.0,24323.312722589,22.000915541313802,-0.8888888888889142,22.05191194789338,-0.35,5.0,0.05,
3.5945881379993807,APPROACH,0.0,0.0,24323.312722589,22.000915541313802,-0.8888888888889142,22.04935301189223,-0.35,5.0,0.05,
3.5958878029996413,APPROACH,0.0,0.0,24323.323783771,21.99542229343099,-1.1623931623931867,22.046910169892065,-0.35,5.0,0.05,
3.5971677969973825,APPROACH,0.0,0.0,24323.323783771,21.99542229343099,-1.1623931623931867,22.044115149890125,-0.35,5.0,0.05,
3.5985118610005884,APPROACH,0.0,0.0,24323.323783771,21.99542229343099,-1.1623931623931867,22.04149457789142,-0.35,5.0,0.05,
3.59979084799852,APPROACH,0.0,0.0,24323.323783771,21.986266880292973,-0.6153846153846416,22.03907377989642,-0.35,5.0,0.05,
3.6009561979990394,APPROACH,0.0,0.0,24323.323783771,21.986266880292973,-0.6153846153846416,22.0365367658899,-0.35,5.0,0.05,
3.6024208899980295,APPROACH,0.0,0.0,24323.323783771,21.981689173723964,-0.6153846153846416,22.03400295589497,-0.35,5.0,0.05,
3.6036894919998304,APPROACH,0.0,0.0,24323.323783771,21.981689173723964,-0.6153846153846416,22.031220947895484,-0.35,5.0,0.05,
3.605005515997618,APPROACH,0.0,0.0,24323.323783771,21.97344930189975,-0.8888888888889142,22.028622111896105,-0.35,5.0,0.05,
3.606310098999529,APPROACH,0.0,0.0,24323.334700663,21.97344930189975,-0.8888888888889142,22.025842625896324,-0.35,5.0,0.05,
3.6075481249972654,APPROACH,0.0,0.0,24323.334700663,21.97344930189975,-0.8888888888889142,22.023349867894716,-0.35,5.0,0.05,
3.6088289139988774,APPROACH,0.0,0.0,24323.334700663,21.96887159533074,-0.8888888888889142,22.021013169892534,-0.35,5.0,0.05,
3.6101444079977227,APPROACH,0.0,0.0,24323.334700663,21.96887159533074,-0.8888888888889142,22.018223185893724,-0.35,5.0,0.05,
3.6113903619989287,APPROACH,0.0,0.0,24323.334700663,21.967956054016938,-0.8888888888889142,22.01580580788984,-0.35,5.0,0.05,
3.6126577139984875,APPROACH,0.0,0.0,24323.334700663,21.967956054016938,-0.8888888888889142,22.01333645989623,-0.35,5.0,0.05,
3.6139271479987656,APPROACH,0.0,0.0,24323.334700663,21.967956054016938,-0.8888888888889142,22.010640543893963,-0.35,5.0,0.05,
3.615324990998488,APPROACH,0.0,0.0,24323.334700663,21.967040512703136,-1.7094017094017318,22.008057789892767,-0.35,5.0,0.05,
3.6165452069981256,APPROACH,0.0,0.0,24323.334700663,21.967040512703136,-1.7094017094017318,22.005425637894653,-0.35,5.0,0.05,
3.617833331998554,APPROACH,0.0,0.0,24323.34567891,21.965209430075532,-2.1196581196581405,22.002987891895167,-0.35,5.0,0.05,
3.6191693500004476,APPROACH,0.0,0.0,24323.34567891,21.965209430075532,-2.1196581196581405,22.00023389989044,-0.35,5.0,0.05,
3.6204827619985736,APPROACH,0.0,0.0,24323.34567891,21.965209430075532,-2.1196581196581405,21.99748501589172,-0.35,5.0,0.05,
3.6217759949977335,APPROACH,0.0,0.0,24323.34567891,21.962462806134127,-2.393162393162413,21.99515988189639,-0.35,5.0,0.05,
3.6230786759988405,APPROACH,0.0,0.0,24323.34567891,21.962462806134127,-2.393162393162413,21.992268933893932,-0.35,5.0,0.05,
3.6244275819990435,APPROACH,0.0,0.0,24323.34567891,21.960631723506523,-2.803418803418822,21.98973449789016,-0.35,5.0,0.05,
3.6257288599990716,APPROACH,0.0,0.0,24323.34567891,21.960631723506523,-2.803418803418822,21.98727072989393,-0.35,5.0,0.05,
3.6269372009992367,APPROACH,0.0,0.0,24323.34567891,21.960631723506523,-2.803418803418822,21.984645769896154,-0.35,5.0,0.05,
3.62830365300033,APPROACH,0.0,0.0,24323.356746238,21.955138475623713,-3.0769230769230944,21.981995533891016,-0.35,5.0,0.05,
3.629546707998088,APPROACH,0.0,0.0,24323.356746238,21.955138475623713,-3.0769230769230944,21.979382957893243,-0.35,5.0,0.05,
3.630774360997748,APPROACH,0.0,0.0,24323.356746238,21.9487296864271,-3.2136752136752307,21.9770236378911,-0.35,5.0,0.05,
3.631927424998139,APPROACH,0.0,0.0,24323.356746238,21.9487296864271,-3.2136752136752307,21.974587951889838,-0.35,5.0,0.05,
3.633258814999863,APPROACH,0.0,0.0,24323.356746238,21.9487296864271,-3.2136752136752307,21.971994021894055,-0.35,5.0,0.05,
3.634658715000114,APPROACH,0.0,0.0,24323.356746238,21.93774319066148,-2.940170940170958,21.96937069989624,-0.35,5.0,0.05,
3.6358229879988357,APPROACH,0.0,0.0,24323.356746238,21.93774319066148,-2.940170940170958,21.966791261890897,-0.35,5.0,0.05,
3.6371245259979332,APPROACH,0.0,0.0,24323.356746238,21.93316548409247,-2.6666666666666856,21.964377117890102,-0.35,5.0,0.05,
3.6384098829985305,APPROACH,0.0,0.0,24323.356746238,21.93316548409247,-2.6666666666666856,21.961641397895868,-0.35,5.0,0.05,
3.639600039998186,APPROACH,0.0,0.0,24323.367718169,21.93316548409247,-2.6666666666666856,21.95926649989385,-0.35,5.0,0.05,
3.6408701990003465,APPROACH,0.0,0.0,24323.367718169,21.930418860151065,-3.0769230769230944,21.956921087891963,-0.35,5.0,0.05,
3.642035565000697,APPROACH,0.0,0.0,24323.367718169,21.930418860151065,-3.0769230769230944,21.9543769678942,-0.35,5.0,0.05,
3.643314321998332,APPROACH,0.0,0.0,24323.367718169,21.92767223620966,-3.487179487179503,21.951993963893322,-0.35,5.0,0.05,
3.6445019120001234,APPROACH,0.0,0.0,24323.367718169,21.92767223620966,-3.487179487179503,21.949510181891377,-0.35,5.0,0.05,
3.6457363289991918,APPROACH,0.0,0.0,24323.367718169,21.924010070954452,-3.6239316239316395,21.947129617890162,-0.35,5.0,0.05,
3.646845734998351,APPROACH,0.0,0.0,24323.367718169,21.924010070954452,-3.6239316239316395,21.944684919895074,-0.35,5.0,0.05,
3.647953272997256,APPROACH,0.0,0.0,24323.367718169,21.924010070954452,-3.6239316239316395,21.942471417890623,-0.35,5.0,0.05,
3.6491921300003014,APPROACH,0.0,0.0,24323.367718169,21.920347905699245,-3.7606837606837757,21.94025238989095,-0.35,5.0,0.05,
3.6503813569979684,APPROACH,0.0,0.0,24323.37870557,21.920347905699245,-3.7606837606837757,21.937685679892887,-0.35,5.0,0.05,
3.6516280229989206,APPROACH,0.0,0.0,24323.37870557,21.915770199130236,-3.897435897435912,21.935339323893707,-0.35,5.0,0.05,
3.6528079339987016,APPROACH,0.0,0.0,24323.37870557,21.915770199130236,-3.897435897435912,21.93284394789341,-0.35,5.0,0.05,
3.6539196869998705,APPROACH,0.0,0.0,24323.37870557,21.915770199130236,-3.897435897435912,21.930543229894532,-0.35,5.0,0.05,
3.6551488719996996,APPROACH,0.0,0.0,24323.37870557,21.908445868619822,-3.7606837606837757,21.928288827891514,-0.35,5.0,0.05,
3.656313711999246,APPROACH,0.0,0.0,24323.37870557,21.908445868619822,-3.7606837606837757,21.925821789890755,-0.35,5.0,0.05,
3.657479482997587,APPROACH,0.0,0.0,24323.37870557,21.90203707942321,-3.7606837606837757,21.92357400189328,-0.35,5.0,0.05,
3.658727641999576,APPROACH,0.0,0.0,24323.37870557,21.90203707942321,-3.7606837606837757,21.921145917892567,-0.35,5.0,0.05,
3.659892919000413,APPROACH,0.0,0.0,24323.37870557,21.90203707942321,-3.7606837606837757,21.91862717989104,-0.35,5.0,0.05,
3.661313100998086,APPROACH,0.0,0.0,24323.389789915,21.890135042343786,-3.487179487179503,21.915968857895926,-0.35,5.0,0.05,
3.6624104999973497,APPROACH,0.0,0.0,24323.389789915,21.890135042343786,-3.487179487179503,21.913612889891077,-0.35,5.0,0.05,
3.663598920000368,APPROACH,0.0,0.0,24323.389789915,21.883726253147174,-3.0769230769230944,21.91131069188966,-0.35,5.0,0.05,
3.664754394998454,APPROACH,0.0,0.0,24323.389789915,21.883726253147174,-3.0769230769230944,21.90893000189069,-0.35,5.0,0.05,
3.6660327229983523,APPROACH,0.0,0.0,24323.389789915,21.883726253147174,-3.0769230769230944,21.906418253894365,-0.35,5.0,0.05,
3.6674728029975086,APPROACH,0.0,0.0,24323.389789915,21.874570840009156,-2.940170940170958,21.903774333893374,-0.35,5.0,0.05,
3.668679667000106,APPROACH,0.0,0.0,24323.389789915,21.874570840009156,-2.940170940170958,21.901160283895727,-0.35,5.0,0.05,
3.6700585349972243,APPROACH,0.0,0.0,24323.389789915,21.862668802929733,-2.6666666666666856,21.898663609893696,-0.35,5.0,0.05,
3.671509994997905,APPROACH,0.0,0.0,24323.389789915,21.862668802929733,-2.6666666666666856,21.895693755891692,-0.35,5.0,0.05,
3.6727563549975457,APPROACH,0.0,0.0,24323.400746225,21.862668802929733,-2.6666666666666856,21.89305298389197,-0.35,5.0,0.05,
3.674072706999141,APPROACH,0.0,0.0,24323.400746225,21.854428931105517,-1.846153846153868,21.89056284588994,-0.35,5.0,0.05,
3.6753240510006435,APPROACH,0.0,0.0,24323.400746225,21.854428931105517,-1.846153846153868,21.887890483894147,-0.35,5.0,0.05,
3.676572305997979,APPROACH,0.0,0.0,24323.400746225,21.849851224536508,-2.256410256410277,21.885440337894828,-0.35,5.0,0.05,
3.6776925859994662,APPROACH,0.0,0.0,24323.400746225,21.849851224536508,-2.256410256410277,21.883015693894116,-0.35,5.0,0.05,
3.678843315999984,APPROACH,0.0,0.0,24323.400746225,21.849851224536508,-2.256410256410277,21.880727503893716,-0.35,5.0,0.05,
3.680027522997989,APPROACH,0.0,0.0,24323.400746225,21.844357976653697,-2.5299145299145493,21.878460385896027,-0.35,5.0,0.05,
3.6811837349996495,APPROACH,0.0,0.0,24323.400746225,21.844357976653697,-2.5299145299145493,21.87605811789515,-0.35,5.0,0.05,
3.6824027900001965,APPROACH,0.0,0.0,24323.400746225,21.84069581139849,-2.393162393162413,21.87375452989479,-0.35,5.0,0.05,
3.6835437909976463,APPROACH,0.0,0.0,24323.411810714,21.84069581139849,-2.393162393162413,21.871340199891414,-0.35,5.0,0.05,
3.684724221999204,APPROACH,0.0,0.0,24323.411810714,21.837033646143283,-2.803418803418822,21.86906270388979,-0.35,5.0,0.05,
3.6859817049989942,APPROACH,0.0,0.0,24323.411810714,21.837033646143283,-2.803418803418822,21.866563311895582,-0.35,5.0,0.05,
3.6872872749991075,APPROACH,0.0,0.0,24323.411810714,21.837033646143283,-2.803418803418822,21.863887297892937,-0.35,5.0,0.05,
3.6886662020006042,APPROACH,0.0,0.0,24323.411810714,21.832455939574274,-3.0769230769230944,21.861351473891112,-0.35,5.0,0.05,
3.6899072589985735,APPROACH,0.0,0.0,24323.411810714,21.832455939574274,-3.0769230769230944,21.858714725896128,-0.35,5.0,0.05,
3.691123387998232,APPROACH,0.0,0.0,24323.411810714,21.826962691691463,-2.940170940170958,21.856288309894147,-0.35,5.0,0.05,
3.6922448400000576,APPROACH,0.0,0.0,24323.411810714,21.826962691691463,-2.940170940170958,21.853904195895005,-0.35,5.0,0.05,
3.6933842219987127,APPROACH,0.0,0.0,24323.411810714,21.826962691691463,-2.940170940170958,21.851661509893596,-0.35,5.0,0.05,
3.69475941699784,APPROACH,0.0,0.0,24323.42282362,21.81963836118105,-2.803418803418822,21.849140777894057,-0.35,5.0,0.05,
3.69599737200042,APPROACH,0.0,0.0,24323.42282362,21.81963836118105,-2.803418803418822,21.846507943891332,-0.35,5.0,0.05,
3.6973390629973437,APPROACH,0.0,0.0,24323.42282362,21.816891737239644,-3.0769230769230944,21.843901413894194,-0.35,5.0,0.05,
3.698488265999913,APPROACH,0.0,0.0,24323.42282362,21.816891737239644,-3.0769230769230944,21.841454573893564,-0.35,5.0,0.05,
3.699655361000623,APPROACH,0.0,0.0,24323.42282362,21.816891737239644,-3.0769230769230944,21.839147997890244,-0.35,5.0,0.05,
3.700945426000544,APPROACH,0.0,0.0,24323.42282362,21.813229571984436,-3.350427350427367,21.836826155894663,-0.35,5.0,0.05,
3.702140651999798,APPROACH,0.0,0.0,24323.42282362,21.813229571984436,-3.350427350427367,21.834173713891936,-0.35,5.0,0.05,
3.703368356000283,APPROACH,0.0,0.0,24323.42282362,21.80956740672923,-3.487179487179503,21.831813511890935,-0.35,5.0,0.05,
3.7044719139994413,APPROACH,0.0,0.0,24323.42282362,21.80956740672923,-3.487179487179503,21.829425253891962,-0.35,5.0,0.05,
3.7056462569998985,APPROACH,0.0,0.0,24323.433834902,21.80956740672923,-3.487179487179503,21.827159867892327,-0.35,5.0,0.05,
3.706930418997217,APPROACH,0.0,0.0,24323.433834902,21.79949645227741,-3.487179487179503,21.824823223892302,-0.35,5.0,0.05,
3.7080676299992774,APPROACH,0.0,0.0,24323.433834902,21.79949645227741,-3.487179487179503,21.822290581892297,-0.35,5.0,0.05,
3.7092790589995275,APPROACH,0.0,0.0,24323.433834902,21.790341039139392,-3.0769230769230944,21.820014209895156,-0.35,5.0,0.05,
3.710552335000102,APPROACH,0.0,0.0,24323.433834902,21.790341039139392,-3.0769230769230944,21.817496885895956,-0.35,5.0,0.05,
3.7117484390000755,APPROACH,0.0,0.0,24323.433834902,21.790341039139392,-3.0769230769230944,21.81498081389261,-0.35,5.0,0.05,
3.713007778998872,APPROACH,0.0,0.0,24323.433834902,21.780270084687572,-2.5299145299145493,21.81259419989626,-0.35,5.0,0.05,
3.714133943998604,APPROACH,0.0,0.0,24323.433834902,21.780270084687572,-2.5299145299145493,21.810127737896686,-0.35,5.0,0.05,
3.715355855998496,APPROACH,0.0,0.0,24323.433834902,21.772945754177158,-2.5299145299145493,21.807847811892564,-0.35,5.0,0.05,
3.7164994169979764,APPROACH,0.0,0.0,24323.444739809,21.772945754177158,-2.5299145299145493,21.805411169895955,-0.35,5.0,0.05,
3.7176154869994207,APPROACH,0.0,0.0,24323.444739809,21.772945754177158,-2.5299145299145493,21.803155395894713,-0.35,5.0,0.05,
3.7188463710008364,APPROACH,0.0,0.0,24323.444739809,21.76287479972534,-2.1196581196581405,21.800887557890086,-0.35,5.0,0.05,
3.7199962269987736,APPROACH,0.0,0.0,24323.444739809,21.76287479972534,-2.1196581196581405,21.798458503895084,-0.35,5.0,0.05,
3.7211608279976645,APPROACH,0.0,0.0,24323.444739809,21.757381551842528,-1.846153846153868,21.79616399189515,-0.35,5.0,0.05,
3.72230733899778,APPROACH,0.0,0.0,24323.444739809,21.757381551842528,-1.846153846153868,21.793802267894783,-0.35,5.0,0.05,
3.7235044480003125,APPROACH,0.0,0.0,24323.444739809,21.7427328908217,-1.7094017094017318,21.791569473892444,-0.35,5.0,0.05,
3.7246134790002543,APPROACH,0.0,0.0,24323.444739809,21.7427328908217,-1.7094017094017318,21.78915699989127,-0.35,5.0,0.05,
3.7257709890000115,APPROACH,0.0,0.0,24323.444739809,21.7427328908217,-1.7094017094017318,21.78690524589299,-0.35,5.0,0.05,
3.727256309997756,APPROACH,0.0,0.0,24323.444739809,21.73723964293889,-1.299145299145323,21.784582605892204,-0.35,5.0,0.05,
3.7284050140006,APPROACH,0.0,0.0,24323.455889897,21.73723964293889,-1.299145299145323,21.781635297892784,-0.35,5.0,0.05,
3.7296172360001947,APPROACH,0.0,0.0,24323.455889897,21.731746395056078,-0.8888888888889142,21.779335075895936,-0.35,5.0,0.05,
3.7308567889995174,APPROACH,0.0,0.0,24323.455889897,21.731746395056078,-0.8888888888889142,21.776838179889886,-0.35,5.0,0.05,
3.731998052000563,APPROACH,0.0,0.0,24323.455889897,21.731746395056078,-0.8888888888889142,21.774419469890994,-0.35,5.0,0.05,
3.733246482999675,APPROACH,0.0,0.0,24323.455889897,21.71709773403525,-0.8888888888889142,21.772152543891274,-0.35,5.0,0.05,
3.7344154969978263,APPROACH,0.0,0.0,24323.455889897,21.71709773403525,-0.8888888888889142,21.7695831978938,-0.35,5.0,0.05,
3.735589493000589,APPROACH,0.0,0.0,24323.455889897,21.710688944838637,-0.6153846153846416,21.767322919892898,-0.35,5.0,0.05,
3.7367403409989493,APPROACH,0.0,0.0,24323.455889897,21.710688944838637,-0.6153846153846416,21.764972761893,-0.35,5.0,0.05,
3.7382037690003926,APPROACH,0.0,0.0,24323.466741998,21.710688944838637,-0.6153846153846416,21.76208110389532,-0.35,5.0,0.05,
3.7394898559978174,APPROACH,0.0,0.0,24323.466741998,21.700617990386817,-0.06837606837609655,21.759668989893974,-0.35,5.0,0.05,
3.740638138999202,APPROACH,0.0,0.0,24323.466741998,21.700617990386817,-0.06837606837609655,21.757166839889827,-0.35,5.0,0.05,
3.741863185998227,APPROACH,0.0,0.0,24323.466741998,21.693293659876403,0.06837606837609655,21.75485187589336,-0.35,5.0,0.05,
3.743054212998686,APPROACH,0.0,0.0,24323.466741998,21.693293659876403,0.06837606837609655,21.75234803589526,-0.35,5.0,0.05,
3.744217703999311,APPROACH,0.0,0.0,24323.466741998,21.693293659876403,0.06837606837609655,21.74998909189278,-0.35,5.0,0.05,
3.745486930998595,APPROACH,0.0,0.0,24323.466741998,21.68596932936599,0.20512820512823282,21.747710889890435,-0.35,5.0,0.05,
3.7466672980008298,APPROACH,0.0,0.0,24323.466741998,21.68596932936599,0.20512820512823282,21.74514996189216,-0.35,5.0,0.05,
3.7479009269991366,APPROACH,0.0,0.0,24323.466741998,21.678644998855574,0.20512820512823282,21.74280639988981,-0.35,5.0,0.05,
3.7492326669998874,APPROACH,0.0,0.0,24323.477801887,21.678644998855574,0.20512820512823282,21.739962725893996,-0.35,5.0,0.05,
3.750384610997571,APPROACH,0.0,0.0,24323.477801887,21.678644998855574,0.20512820512823282,21.737672957891185,-0.35,5.0,0.05,
3.751568297000631,APPROACH,0.0,0.0,24323.477801887,21.669489585717557,0.3418803418803691,21.735380371895438,-0.35,5.0,0.05,
3.752671136000572,APPROACH,0.0,0.0,24323.477801887,21.669489585717557,0.3418803418803691,21.733027729890885,-0.35,5.0,0.05,
3.753859897999064,APPROACH,0.0,0.0,24323.477801887,21.66674296177615,0.47863247863250535,21.730825949890708,-0.35,5.0,0.05,
3.7549897669996426,APPROACH,0.0,0.0,24323.477801887,21.66674296177615,0.47863247863250535,21.728433977893722,-0.35,5.0,0.05,
3.7561391279996315,APPROACH,0.0,0.0,24323.477801887,21.66674296177615,0.47863247863250535,21.726152189892012,-0.35,5.0,0.05,
3.7573303940007463,APPROACH,0.0,0.0,24323.477801887,21.664911879148548,-0.06837606837609655,21.723887117893604,-0.35,5.0,0.05,
3.7586216329982562,APPROACH,0.0,0.0,24323.477801887,21.664911879148548,-0.06837606837609655,21.721384071891656,-0.35,5.0,0.05,
3.7599194340000395,APPROACH,0.0,0.0,24323.477801887,21.662165255207142,-0.47863247863250535,21.718808943894395,-0.35,5.0,0.05,
3.761081336000643,APPROACH,0.0,0.0,24323.488842434,21.662165255207142,-0.47863247863250535,21.71626799389312,-0.35,5.0,0.05,
3.7623974649977754,APPROACH,0.0,0.0,24323.488842434,21.657587548638134,-0.47863247863250535,21.713963951894833,-0.35,5.0,0.05,
3.76357666399781,APPROACH,0.0,0.0,24323.488842434,21.657587548638134,-0.47863247863250535,21.711323949895153,-0.35,5.0,0.05,
3.764755513999262,APPROACH,0.0,0.0,24323.488842434,21.657587548638134,-0.47863247863250535,21.709004073892423,-0.35,5.0,0.05,
3.7659817789972294,APPROACH,0.0,0.0,24323.488842434,21.653009842069125,-0.47863247863250535,21.706588043890655,-0.35,5.0,0.05,
3.7672188889991958,APPROACH,0.0,0.0,24323.488842434,21.653009842069125,-0.47863247863250535,21.704111003892898,-0.35,5.0,0.05,
3.7685114050000266,APPROACH,0.0,0.0,24323.488842434,21.646601052872512,-0.6153846153846416,21.701628471893194,-0.35,5.0,0.05,
3.7696265560007305,APPROACH,0.0,0.0,24323.488842434,21.646601052872512,-0.6153846153846416,21.6991247458948,-0.35,5.0,0.05,
3.770790479000425,APPROACH,0.0,0.0,24323.488842434,21.646601052872512,-0.6153846153846416,21.696905491896608,-0.35,5.0,0.05,
3.7720722169979126,APPROACH,0.0,0.0,24323.499752711,21.637445639734494,-0.47863247863250535,21.69448341989598,-0.35,5.0,0.05,
3.7733945090003544,APPROACH,0.0,0.0,24323.499752711,21.637445639734494,-0.47863247863250535,21.69178679189033,-0.35,5.0,0.05,
3.7747196769996663,APPROACH,0.0,0.0,24323.499752711,21.632867933165485,-0.3418803418803691,21.689305069893884,-0.35,5.0,0.05,
3.7759090899999137,APPROACH,0.0,0.0,24323.499752711,21.632867933165485,-0.3418803418803691,21.68661358389479,-0.35,5.0,0.05,
3.777024846000131,APPROACH,0.0,0.0,24323.499752711,21.632867933165485,-0.3418803418803691,21.684339101893123,-0.35,5.0,0.05,
3.778351327000564,APPROACH,0.0,0.0,24323.499752711,21.62462806134127,-0.3418803418803691,21.682049221891496,-0.35,5.0,0.05,
3.7797139899994363,APPROACH,0.0,0.0,24323.499752711,21.62462806134127,-0.3418803418803691,21.679146043891954,-0.35,5.0,0.05,
3.781045116000314,APPROACH,0.0,0.0,24323.499752711,21.62005035477226,-0.3418803418803691,21.676592351891735,-0.35,5.0,0.05,
3.7822593079981743,APPROACH,0.0,0.0,24323.510791386,21.62005035477226,-0.3418803418803691,21.673959471890406,-0.35,5.0,0.05,
3.7835805590002565,APPROACH,0.0,0.0,24323.510791386,21.62005035477226,-0.3418803418803691,21.6713508938931,-0.35,5.0,0.05,
3.7848609129978286,APPROACH,0.0,0.0,24323.510791386,21.612726024261846,-0.3418803418803691,21.668949821892305,-0.35,5.0,0.05,
3.786031453997566,APPROACH,0.0,0.0,24323.510791386,21.612726024261846,-0.3418803418803691,21.666402387892298,-0.35,5.0,0.05,
3.7872971309989225,APPROACH,0.0,0.0,24323.510791386,21.60448615243763,-0.47863247863250535,21.664056421891722,-0.35,5.0,0.05,
3.788569036998524,APPROACH,0.0,0.0,24323.510791386,21.60448615243763,-0.47863247863250535,21.66135259189584,-0.35,5.0,0.05,
3.789763401997334,APPROACH,0.0,0.0,24323.510791386,21.60448615243763,-0.47863247863250535,21.6589774938923,-0.35,5.0,0.05,
3.7910067699995125,APPROACH,0.0,0.0,24323.510791386,21.595330739299612,0.06837606837609655,21.656595775895106,-0.35,5.0,0.05,
3.7922010729998874,APPROACH,0.0,0.0,24323.510791386,21.595330739299612,0.06837606837609655,21.65408437989506,-0.35,5.0,0.05,
3.793453280999529,APPROACH,0.0,0.0,24323.521876352,21.592584115358207,0.20512820512823282,21.651658151896548,-0.35,5.0,0.05,
3.7945689279986254,APPROACH,0.0,0.0,24323.521876352,21.592584115358207,0.20512820512823282,21.649246713889873,-0.35,5.0,0.05,
3.795763188998535,APPROACH,0.0,0.0,24323.521876352,21.592584115358207,0.20512820512823282,21.646984629894426,-0.35,5.0,0.05,
3.796991965999041,APPROACH,0.0,0.0,24323.521876352,21.588921950103,-0.6153846153846416,21.644619879896048,-0.35,5.0,0.05,
3.798288475998561,APPROACH,0.0,0.0,24323.521876352,21.588921950103,-0.6153846153846416,21.64192950189433,-0.35,5.0,0.05,
3.7996286659981706,APPROACH,0.0,0.0,24323.521876352,21.585259784847793,-0.8888888888889142,21.639339661896223,-0.35,5.0,0.05,
3.8008023999973375,APPROACH,0.0,0.0,24323.521876352,21.585259784847793,-0.8888888888889142,21.63684551989106,-0.35,5.0,0.05,
3.802054114999919,APPROACH,0.0,0.0,24323.521876352,21.57793545433738,-0.6153846153846416,21.63447550989192,-0.35,5.0,0.05,
3.803489140998863,APPROACH,0.0,0.0,24323.521876352,21.57793545433738,-0.6153846153846416,21.631808659892407,-0.35,5.0,0.05,
3.804751961997681,APPROACH,0.0,0.0,24323.53283101,21.57793545433738,-0.6153846153846416,21.629101787891408,-0.35,5.0,0.05,
3.806034474997432,APPROACH,0.0,0.0,24323.53283101,21.572442206454568,-0.6153846153846416,21.626551237889792,-0.35,5.0,0.05,
3.8071908179990714,APPROACH,0.0,0.0,24323.53283101,21.572442206454568,-0.6153846153846416,21.62404061188979,-0.35,5.0,0.05,
3.808418778000487,APPROACH,0.0,0.0,24323.53283101,21.566033417257955,-0.6153846153846416,21.62174048389104,-0.35,5.0,0.05,
3.80954650700005,APPROACH,0.0,0.0,24323.53283101,21.566033417257955,-0.6153846153846416,21.619307835893117,-0.35,5.0,0.05,
3.810703557999659,APPROACH,0.0,0.0,24323.53283101,21.566033417257955,-0.6153846153846416,21.617067141896108,-0.35,5.0,0.05,
3.811911721000797,APPROACH,0.0,0.0,24323.53283101,21.556878004119937,-0.6153846153846416,21.614722539890202,-0.35,5.0,0.05,
3.8130476099977386,APPROACH,0.0,0.0,24323.53283101,21.556878004119937,-0.6153846153846416,21.61230888989055,-0.35,5.0,0.05,
3.814251948999299,APPROACH,0.0,0.0,24323.53283101,21.55230029755093,-0.47863247863250535,21.61003872589324,-0.35,5.0,0.05,
3.815446227999928,APPROACH,0.0,0.0,24323.543936328,21.55230029755093,-0.47863247863250535,21.60758813589316,-0.35,5.0,0.05,
3.816638416999922,APPROACH,0.0,0.0,24323.543936328,21.55230029755093,-0.47863247863250535,21.605214319891523,-0.35,5.0,0.05,
3.817892674000177,APPROACH,0.0,0.0,24323.543936328,21.550469214923325,-0.6153846153846416,21.602855939892173,-0.35,5.0,0.05,
3.8190593799990893,APPROACH,0.0,0.0,24323.543936328,21.550469214923325,-0.6153846153846416,21.60032544189132,-0.35,5.0,0.05,
3.82026289499845,APPROACH,0.0,0.0,24323.543936328,21.54863813229572,-1.0256410256410504,21.598006135894387,-0.35,5.0,0.05,
3.82143640600043,APPROACH,0.0,0.0,24323.543936328,21.54863813229572,-1.0256410256410504,21.595542573895067,-0.35,5.0,0.05,
3.8225689039973076,APPROACH,0.0,0.0,24323.543936328,21.54863813229572,-1.0256410256410504,21.593317477892263,-0.35,5.0,0.05,
3.8238153380007134,APPROACH,0.0,0.0,24323.543936328,21.544060425726713,-1.5726495726495955,21.5910088918911,-0.35,5.0,0.05,
3.824991861998569,APPROACH,0.0,0.0,24323.543936328,21.544060425726713,-1.5726495726495955,21.588473095894436,-0.35,5.0,0.05,
3.8263314709984115,APPROACH,0.0,0.0,24323.554861145,21.540398260471505,-1.4358974358974592,21.585848583891924,-0.35,5.0,0.05,
3.8275064819972613,APPROACH,0.0,0.0,24323.554861145,21.540398260471505,-1.4358974358974592,21.583453643893584,-0.35,5.0,0.05,
3.8286228830002074,APPROACH,0.0,0.0,24323.554861145,21.540398260471505,-1.4358974358974592,21.581129907893477,-0.35,5.0,0.05,
3.829851955000777,APPROACH,0.0,0.0,24323.554861145,21.53307392996109,-1.5726495726495955,21.578894227889826,-0.35,5.0,0.05,
3.8310068619975937,APPROACH,0.0,0.0,24323.554861145,21.53307392996109,-1.5726495726495955,21.57641807789448,-0.35,5.0,0.05,
3.8321550189975824,APPROACH,0.0,0.0,24323.554861145,21.529411764705884,-1.7094017094017318,21.57415037989383,-0.35,5.0,0.05,
3.8332635879996815,APPROACH,0.0,0.0,24323.554861145,21.529411764705884,-1.7094017094017318,21.571853063892625,-0.35,5.0,0.05,
3.8344236819975777,APPROACH,0.0,0.0,24323.554861145,21.529411764705884,-1.7094017094017318,21.569584567894047,-0.35,5.0,0.05,
3.8356154809989675,APPROACH,0.0,0.0,24323.554861145,21.52758068207828,-1.846153846153868,21.56731674389564,-0.35,5.0,0.05,
3.8368038269982208,APPROACH,0.0,0.0,24323.554861145,21.52758068207828,-1.846153846153868,21.56484411589306,-0.35,5.0,0.05,
3.8380817260003823,APPROACH,0.0,0.0,24323.565879555,21.525749599450677,-2.256410256410277,21.56249116989172,-0.35,5.0,0.05,
3.839285072997882,APPROACH,0.0,0.0,24323.565879555,21.525749599450677,-2.256410256410277,21.55991340989683,-0.35,5.0,0.05,
3.8405431209976086,APPROACH,0.0,0.0,24323.565879555,21.525749599450677,-2.940170940170958,21.5575669558905,-0.35,5.0,0.05,
3.841738625000289,APPROACH,0.0,0.0,24323.565879555,21.525749599450677,-2.940170940170958,21.555046315895446,-0.35,5.0,0.05,
3.842962685997918,APPROACH,0.0,0.0,24323.565879555,21.525749599450677,-2.940170940170958,21.552624403893127,-0.35,5.0,0.05,
3.8442102469998645,APPROACH,0.0,0.0,24323.565879555,21.524834058136875,-3.350427350427367,21.55016119789186,-0.35,5.0,0.05,
3.845375413999136,APPROACH,0.0,0.0,24323.565879555,21.524834058136875,-3.350427350427367,21.54770575189584,-0.35,5.0,0.05,
3.846531238999887,APPROACH,0.0,0.0,24323.565879555,21.524834058136875,-3.6239316239316395,21.545413719891506,-0.35,5.0,0.05,
3.847623976998875,APPROACH,0.0,0.0,24323.565879555,21.524834058136875,-3.6239316239316395,21.543099453892204,-0.35,5.0,0.05,
3.8487795069995627,APPROACH,0.0,0.0,24323.576883203,21.524834058136875,-3.6239316239316395,21.540878167893673,-0.35,5.0,0.05,
3.850029973000346,APPROACH,0.0,0.0,24323.576883203,21.52300297550927,-4.307692307692321,21.538549223894073,-0.35,5.0,0.05,
3.8511704630000168,APPROACH,0.0,0.0,24323.576883203,21.52300297550927,-4.307692307692321,21.536092469891877,-0.35,5.0,0.05,
3.852384532998258,APPROACH,0.0,0.0,24323.576883203,21.521171892881668,-4.581196581196593,21.53377206589473,-0.35,5.0,0.05,
3.8534923389997857,APPROACH,0.0,0.0,24323.576883203,21.521171892881668,-4.581196581196593,21.531395109895378,-0.35,5.0,0.05,
3.8546032599988393,APPROACH,0.0,0.0,24323.576883203,21.521171892881668,-4.581196581196593,21.529178379890503,-0.35,5.0,0.05,
3.855891184997745,APPROACH,0.0,0.0,24323.576883203,21.518425268940263,-4.991452991453002,21.526930991896073,-0.35,5.0,0.05,
3.8570541859990044,APPROACH,0.0,0.0,24323.576883203,21.518425268940263,-4.991452991453002,21.52430794588988,-0.35,5.0,0.05,
3.8582016119980835,APPROACH,0.0,0.0,24323.576883203,21.515678644998857,-5.264957264957275,21.522051085893757,-0.35,5.0,0.05,
3.859359055000823,APPROACH,0.0,0.0,24323.587932009,21.515678644998857,-5.264957264957275,21.51968537389009,-0.35,5.0,0.05,
3.8604611819973798,APPROACH,0.0,0.0,24323.587932009,21.515678644998857,-5.264957264957275,21.51744900189194,-0.35,5.0,0.05,
3.8617733200007933,APPROACH,0.0,0.0,24323.587932009,21.510185397116047,-5.401709401709411,21.51519912389019,-0.35,5.0,0.05,
3.8629413939997903,APPROACH,0.0,0.0,24323.587932009,21.510185397116047,-5.401709401709411,21.51254690589237,-0.35,5.0,0.05,
3.864160395998624,APPROACH,0.0,0.0,24323.587932009,21.505607690547038,-5.401709401709411,21.510232005895226,-0.35,5.0,0.05,
3.8653272230003495,APPROACH,0.0,0.0,24323.587932009,21.505607690547038,-5.401709401709411,21.507829259893036,-0.35,5.0,0.05,
3.866515554000216,APPROACH,0.0,0.0,24323.587932009,21.505607690547038,-5.401709401709411,21.50543799989216,-0.35,5.0,0.05,
3.867772869998589,APPROACH,0.0,0.0,24323.587932009,21.495536736095218,-4.991452991453002,21.50308613789209,-0.35,5.0,0.05,
3.868919175998599,APPROACH,0.0,0.0,24323.587932009,21.495536736095218,-4.991452991453002,21.500593689889932,-0.35,5.0,0.05,
3.8704245980006817,APPROACH,0.0,0.0,24323.598896498,21.487296864271002,-4.854700854700866,21.49776006589061,-0.35,5.0,0.05,
3.8715959769979236,APPROACH,0.0,0.0,24323.598896498,21.487296864271002,-4.854700854700866,21.495271311892132,-0.35,5.0,0.05,
3.872819353997329,APPROACH,0.0,0.0,24323.598896498,21.487296864271002,-4.854700854700866,21.49288808989629,-0.35,5.0,0.05,
3.87408972099729,APPROACH,0.0,0.0,24323.598896498,21.472648203250174,-4.1709401709401845,21.490448049896507,-0.35,5.0,0.05,
3.8753131339981337,APPROACH,0.0,0.0,24323.598896498,21.472648203250174,-4.1709401709401845,21.48787260989163,-0.35,5.0,0.05,
3.8766738809972594,APPROACH,0.0,0.0,24323.598896498,21.46623941405356,-3.7606837606837757,21.48546893589198,-0.35,5.0,0.05,
3.877891585998441,APPROACH,0.0,0.0,24323.598896498,21.46623941405356,-3.7606837606837757,21.482674381893297,-0.35,5.0,0.05,
3.8791167700001097,APPROACH,0.0,0.0,24323.598896498,21.448844129091327,-3.350427350427367,21.480328481892933,-0.35,5.0,0.05,
3.880359539998608,APPROACH,0.0,0.0,24323.598896498,21.448844129091327,-3.350427350427367,21.477896567893616,-0.35,5.0,0.05,
3.881529602000228,APPROACH,0.0,0.0,24323.610011478,21.448844129091327,-3.350427350427367,21.475395091890526,-0.35,5.0,0.05,
3.8827749989977747,APPROACH,0.0,0.0,24323.610011478,21.43968871595331,-2.803418803418822,21.473075487892196,-0.35,5.0,0.05,
3.8839211729973613,APPROACH,0.0,0.0,24323.610011478,21.43968871595331,-2.803418803418822,21.47057233189232,-0.35,5.0,0.05,
3.8851138680001895,APPROACH,0.0,0.0,24323.610011478,21.43053330281529,-2.256410256410277,21.46829126589116,-0.35,5.0,0.05,
3.886240165000345,APPROACH,0.0,0.0,24323.610011478,21.43053330281529,-2.256410256410277,21.465932571890583,-0.35,5.0,0.05,
3.8874676279992855,APPROACH,0.0,0.0,24323.610011478,21.43053330281529,-2.256410256410277,21.46363906789454,-0.35,5.0,0.05,
3.8887520219977887,APPROACH,0.0,0.0,24323.610011478,21.420462348363472,-1.846153846153868,21.461169911891623,-0.35,5.0,0.05,
3.8899432920006802,APPROACH,0.0,0.0,24323.610011478,21.420462348363472,-1.846153846153868,21.45859353389212,-0.35,5.0,0.05,
3.891113170000608,APPROACH,0.0,0.0,24323.610011478,21.412222476539256,-1.846153846153868,21.45627341789193,-0.35,5.0,0.05,
3.8925364069982606,APPROACH,0.0,0.0,24323.621038395,21.412222476539256,-1.846153846153868,21.45347276589134,-0.35,5.0,0.05,
3.8936937939979543,APPROACH,0.0,0.0,24323.621038395,21.412222476539256,-1.846153846153868,21.45104316389304,-0.35,5.0,0.05,
3.894971349000116,APPROACH,0.0,0.0,24323.621038395,21.40489814602884,-1.5726495726495955,21.448763413894333,-0.35,5.0,0.05,
3.896354379998229,APPROACH,0.0,0.0,24323.621038395,21.40489814602884,-1.5726495726495955,21.445967957895185,-0.35,5.0,0.05,
3.8977350749992183,APPROACH,0.0,0.0,24323.621038395,21.403067063401238,-1.7094017094017318,21.44333022189064,-0.35,5.0,0.05,
3.8989764279976953,APPROACH,0.0,0.0,24323.621038395,21.403067063401238,-1.7094017094017318,21.440531595895003,-0.35,5.0,0.05,
3.9002196549990913,APPROACH,0.0,0.0,24323.621038395,21.403067063401238,-1.7094017094017318,21.438048385892465,-0.35,5.0,0.05,
3.9015953999987687,APPROACH,0.0,0.0,24323.621038395,21.402151522087436,-2.393162393162413,21.43565509189036,-0.35,5.0,0.05,
3.9028239420003956,APPROACH,0.0,0.0,24323.621038395,21.402151522087436,-2.393162393162413,21.432868365890748,-0.35,5.0,0.05,
3.904134554999473,APPROACH,0.0,0.0,24323.631836818,21.400320439459833,-2.940170940170958,21.43045856389042,-0.35,5.0,0.05,
3.9054706930000975,APPROACH,0.0,0.0,24323.631836818,21.400320439459833,-2.940170940170958,21.427799611891963,-0.35,5.0,0.05,
3.9066684859972156,APPROACH,0.0,0.0,24323.631836818,21.400320439459833,-2.940170940170958,21.425166055895964,-0.35,5.0,0.05,
3.9079173030004313,APPROACH,0.0,0.0,24323.631836818,21.396658274204626,-3.0769230769230944,21.422780479895003,-0.35,5.0,0.05,
3.9090587379978388,APPROACH,0.0,0.0,24323.631836818,21.396658274204626,-3.0769230769230944,21.420290759896737,-0.35,5.0,0.05,
3.910251116998552,APPROACH,0.0,0.0,24323.631836818,21.392080567635617,-3.350427350427367,21.418020559890714,-0.35,5.0,0.05,
3.9114362229993276,APPROACH,0.0,0.0,24323.631836818,21.392080567635617,-3.350427350427367,21.415581279893807,-0.35,5.0,0.05,
3.9125484699980007,APPROACH,0.0,0.0,24323.631836818,21.392080567635617,-3.350427350427367,21.413285985895776,-0.35,5.0,0.05,
3.9137386859983962,APPROACH,0.0,0.0,24323.631836818,21.382009613183797,-3.0769230769230944,21.411066659894708,-0.35,5.0,0.05,
3.9149236060002295,APPROACH,0.0,0.0,24323.642792502,21.382009613183797,-3.0769230769230944,21.408609877894627,-0.35,5.0,0.05,
3.9161342779989354,APPROACH,0.0,0.0,24323.642792502,21.376516365300986,-2.940170940170958,21.406269227890583,-0.35,5.0,0.05,
3.9172523169982014,APPROACH,0.0,0.0,24323.642792502,21.376516365300986,-2.940170940170958,21.403886551889876,-0.35,5.0,0.05,
3.918477911000082,APPROACH,0.0,0.0,24323.642792502,21.371023117418176,-2.940170940170958,21.401565845896833,-0.35,5.0,0.05,
3.9195957819974865,APPROACH,0.0,0.0,24323.642792502,21.371023117418176,-2.940170940170958,21.399205521892576,-0.35,5.0,0.05,
3.9207420509992517,APPROACH,0.0,0.0,24323.642792502,21.371023117418176,-2.940170940170958,21.396962267893535,-0.35,5.0,0.05,
3.9219626929989317,APPROACH,0.0,0.0,24323.642792502,21.366445410849167,-3.2136752136752307,21.394647505892202,-0.35,5.0,0.05,
3.9231264640002337,APPROACH,0.0,0.0,24323.642792502,21.366445410849167,-3.2136752136752307,21.392195495894406,-0.35,5.0,0.05,
3.9243917999992846,APPROACH,0.0,0.0,24323.642792502,21.360952162966356,-3.2136752136752307,21.38986737588973,-0.35,5.0,0.05,
3.925587017998623,APPROACH,0.0,0.0,24323.653906309,21.360952162966356,-3.2136752136752307,21.38726019389403,-0.35,5.0,0.05,
3.9267384049999237,APPROACH,0.0,0.0,24323.653906309,21.360952162966356,-3.2136752136752307,21.38497293589287,-0.35,5.0,0.05,
3.9280120319999696,APPROACH,0.0,0.0,24323.653906309,21.353627832455942,-2.803418803418822,21.3826435278909,-0.35,5.0,0.05,
3.9292793659988092,APPROACH,0.0,0.0,24323.653906309,21.353627832455942,-2.803418803418822,21.380019701894774,-0.35,5.0,0.05,
3.9305812700004026,APPROACH,0.0,0.0,24323.653906309,21.34813458457313,-2.803418803418822,21.37760705189546,-0.35,5.0,0.05,
3.931747370999801,APPROACH,0.0,0.0,24323.653906309,21.34813458457313,-2.803418803418822,21.374953897896624,-0.35,5.0,0.05,
3.932942892999563,APPROACH,0.0,0.0,24323.653906309,21.34813458457313,-2.803418803418822,21.3725994118952,-0.35,5.0,0.05,
3.934355580000556,APPROACH,0.0,0.0,24323.653906309,21.33806363012131,-2.940170940170958,21.37018361189373,-0.35,5.0,0.05,
3.9355310369974177,APPROACH,0.0,0.0,24323.653906309,21.33806363012131,-2.940170940170958,21.367378189891745,-0.35,5.0,0.05,
3.9368807319988264,APPROACH,0.0,0.0,24323.665072959,21.333485923552303,-2.803418803418822,21.36497828589315,-0.35,5.0,0.05,
3.9380909520004934,APPROACH,0.0,0.0,24323.665072959,21.333485923552303,-2.803418803418822,21.362321649890212,-0.35,5.0,0.05,
3.939274813998054,APPROACH,0.0,0.0,24323.665072959,21.333485923552303,-2.803418803418822,21.359915079892083,-0.35,5.0,0.05,
3.9406397249986185,APPROACH,0.0,0.0,24323.665072959,21.3325703822385,-2.940170940170958,21.35756154188973,-0.35,5.0,0.05,
3.9418637989983836,APPROACH,0.0,0.0,24323.665072959,21.3325703822385,-2.940170940170958,21.35477322989143,-0.35,5.0,0.05,
3.943184575997293,APPROACH,0.0,0.0,24323.665072959,21.3325703822385,-3.897435897435912,21.352371789894526,-0.35,5.0,0.05,
3.94440603700059,APPROACH,0.0,0.0,24323.665072959,21.3325703822385,-3.897435897435912,21.349722841893957,-0.35,5.0,0.05,
3.9455839809997997,APPROACH,0.0,0.0,24323.665072959,21.3325703822385,-3.897435897435912,21.347303129893838,-0.35,5.0,0.05,
3.9471183079986076,APPROACH,0.0,0.0,24323.665072959,21.330739299610897,-4.1709401709401845,21.344947847895376,-0.35,5.0,0.05,
3.948909865997848,APPROACH,0.0,0.0,24323.676320391,21.330739299610897,-4.1709401709401845,21.340729207893013,-0.35,5.0,0.05,
3.9502829939992807,APPROACH,0.0,0.0,24323.676320391,21.328908216983294,-4.444444444444457,21.338270197892847,-0.35,5.0,0.05,
3.9514799539974774,APPROACH,0.0,0.0,24323.676320391,21.328908216983294,-4.444444444444457,21.33556343989155,-0.35,5.0,0.05,
3.9526599450000504,APPROACH,0.0,0.0,24323.676320391,21.328908216983294,-4.444444444444457,21.333149949890206,-0.35,5.0,0.05,
3.9541024030004337,APPROACH,0.0,0.0,24323.676320391,21.325246051728087,-5.128205128205138,21.330769259891234,-0.35,5.0,0.05,
3.9555272799989325,APPROACH,0.0,0.0,24323.676320391,21.325246051728087,-5.128205128205138,21.32779263789532,-0.35,5.0,0.05,
3.9571952789992793,APPROACH,0.0,0.0,24323.676320391,21.320668345159078,-5.264957264957275,21.324882435890025,-0.35,5.0,0.05,
3.9588852239976404,APPROACH,0.0,0.0,24323.687294167,21.320668345159078,-5.264957264957275,21.3208872498956,-0.35,5.0,0.05,
3.9604963499987207,APPROACH,0.0,0.0,24323.687294167,21.307850766765853,-4.71794871794873,21.318230691890925,-0.35,5.0,0.05,
3.961722177999036,APPROACH,0.0,0.0,24323.687294167,21.307850766765853,-4.71794871794873,21.31507290389097,-0.35,5.0,0.05,
3.9629035929974634,APPROACH,0.0,0.0,24323.687294167,21.307850766765853,-4.71794871794873,21.312653267895506,-0.35,5.0,0.05,
3.9642367659980664,APPROACH,0.0,0.0,24323.687294167,21.30144197756924,-4.71794871794873,21.310290227892686,-0.35,5.0,0.05,
3.965475188997516,APPROACH,0.0,0.0,24323.687294167,21.30144197756924,-4.71794871794873,21.307576057895197,-0.35,5.0,0.05,
3.966843776997848,APPROACH,0.0,0.0,24323.687294167,21.29594872968643,-4.854700854700866,21.30515003389271,-0.35,5.0,0.05,
3.968053530999896,APPROACH,0.0,0.0,24323.687294167,21.29594872968643,-4.854700854700866,21.30239433389331,-0.35,5.0,0.05,
3.9697904489985376,APPROACH,0.0,0.0,24323.698278687,21.29594872968643,-4.854700854700866,21.29896036989637,-0.35,5.0,0.05,
3.971251864997612,APPROACH,0.0,0.0,24323.698278687,21.284046692607006,-4.444444444444457,21.296491297894384,-0.35,5.0,0.05,
3.972506286998396,APPROACH,0.0,0.0,24323.698278687,21.284046692607006,-4.444444444444457,21.293561761894374,-0.35,5.0,0.05,
3.973868204997416,APPROACH,0.0,0.0,24323.698278687,21.27580682078279,-4.034188034188048,21.29107434589357,-0.35,5.0,0.05,
3.9750832509998872,APPROACH,0.0,0.0,24323.698278687,21.27580682078279,-4.034188034188048,21.2883353358932,-0.35,5.0,0.05,
3.976288163998106,APPROACH,0.0,0.0,24323.698278687,21.27580682078279,-4.034188034188048,21.28591542189067,-0.35,5.0,0.05,
3.9777205789978325,APPROACH,0.0,0.0,24323.698278687,21.26024261844816,-3.7606837606837757,21.283570519889757,-0.35,5.0,0.05,
3.9789394039980834,APPROACH,0.0,0.0,24323.698278687,21.26024261844816,-3.7606837606837757,21.280622743893467,-0.35,5.0,0.05,
3.9809980709978845,APPROACH,0.0,0.0,24323.698278687,21.25017166399634,-3.0769230769230944,21.278216089894407,-0.35,5.0,0.05,
3.982241289999365,APPROACH,0.0,0.0,24323.709588544,21.25017166399634,-3.0769230769230944,21.274069493892306,-0.35,5.0,0.05,
3.9834825379984977,APPROACH,0.0,0.0,24323.709588544,21.25017166399634,-3.0769230769230944,21.271564981894038,-0.35,5.0,0.05,
3.984934838998015,APPROACH,0.0,0.0,24323.709588544,21.230945296406503,-2.256410256410277,21.269137055890745,-0.35,5.0,0.05,
3.9861539029989217,APPROACH,0.0,0.0,24323.709588544,21.230945296406503,-2.256410256410277,21.26620386589027,-0.35,5.0,0.05,
3.9879717429976154,APPROACH,0.0,0.0,24323.709588544,21.218127718013278,-1.5726495726495955,21.263434595895227,-0.35,5.0,0.05,
3.989488678998896,APPROACH,0.0,0.0,24323.709588544,21.218127718013278,-1.5726495726495955,21.259798395892425,-0.35,5.0,0.05,
3.990912411998579,APPROACH,0.0,0.0,24323.709588544,21.218127718013278,-1.5726495726495955,21.257009305890527,-0.35,5.0,0.05,
3.9925254869995115,APPROACH,0.0,0.0,24323.720330118,21.194323643854432,0.3418803418803691,21.254169503890147,-0.35,5.0,0.05,
3.993772887999512,APPROACH,0.0,0.0,24323.720330118,21.194323643854432,0.3418803418803691,21.250990629895817,-0.35,5.0,0.05,
3.9951641039988317,APPROACH,0.0,0.0,24323.720330118,21.176928358892198,1.1623931623931867,21.248541043890576,-0.35,5.0,0.05,
3.9964096660005453,APPROACH,0.0,0.0,24323.720330118,21.176928358892198,1.1623931623931867,21.24574115789553,-0.35,5.0,0.05,
3.997592698000517,APPROACH,0.0,0.0,24323.720330118,21.176928358892198,1.1623931623931867,21.24328641189029,-0.35,5.0,0.05,
3.999020785999164,APPROACH,0.0,0.0,24323.720330118,21.15678644998856,1.846153846153868,21.240908579894743,-0.35,5.0,0.05,
4.000262382000074,APPROACH,0.0,0.0,24323.720330118,21.15678644998856,1.846153846153868,21.238036107891524,-0.35,5.0,0.05,
4.001827324998885,APPROACH,0.0,0.0,24323.720330118,21.14763103685054,2.6666666666666856,21.235492119894182,-0.35,5.0,0.05,
4.0030455169981,APPROACH,0.0,0.0,24323.731337381,21.14763103685054,2.6666666666666856,21.232433325895975,-0.35,5.0,0.05,
4.004555251998681,APPROACH,0.0,0.0,24323.731337381,21.143053330281532,2.6666666666666856,21.229980243894964,-0.35,5.0,0.05,
4.005757643000834,APPROACH,0.0,0.0,24323.731337381,21.143053330281532,2.6666666666666856,21.226981149892957,-0.35,5.0,0.05,
4.006965928998397,APPROACH,0.0,0.0,24323.731337381,21.143053330281532,2.6666666666666856,21.224580791896436,-0.35,5.0,0.05,
4.008399107999139,APPROACH,0.0,0.0,24323.731337381,21.143968871595334,2.1196581196581405,21.222141803890985,-0.35,5.0,0.05,
4.009599676999642,APPROACH,0.0,0.0,24323.731337381,21.143968871595334,2.1196581196581405,21.219289333895425,-0.35,5.0,0.05,
4.010965170997224,APPROACH,0.0,0.0,24323.731337381,21.143968871595334,1.5726495726495955,21.21690378589235,-0.35,5.0,0.05,
4.012163239000074,APPROACH,0.0,0.0,24323.731337381,21.143968871595334,1.5726495726495955,21.214134369890665,-0.35,5.0,0.05,
4.01373800500005,APPROACH,0.0,0.0,24323.742232287,21.143968871595334,1.5726495726495955,21.21105255589034,-0.35,5.0,0.05,
4.015205854000669,APPROACH,0.0,0.0,24323.742232287,21.143053330281532,0.6153846153846416,21.208598037891782,-0.35,5.0,0.05,
4.016427340000519,APPROACH,0.0,0.0,24323.742232287,21.143053330281532,0.6153846153846416,21.205657209896593,-0.35,5.0,0.05,
4.017761160997907,APPROACH,0.0,0.0,24323.742232287,21.143053330281532,0.3418803418803691,21.203257899892627,-0.35,5.0,0.05,
4.018968948999827,APPROACH,0.0,0.0,24323.742232287,21.143053330281532,0.3418803418803691,21.200567769891926,-0.35,5.0,0.05,
4.020166416998109,APPROACH,0.0,0.0,24323.742232287,21.143053330281532,0.3418803418803691,21.198154061895615,-0.35,5.0,0.05,
4.021629700000631,APPROACH,0.0,0.0,24323.742232287,21.143053330281532,-0.47863247863250535,21.195755929891014,-0.35,5.0,0.05,
4.022858059997816,APPROACH,0.0,0.0,24323.742232287,21.143053330281532,-0.47863247863250535,21.192816893891425,-0.35,5.0,0.05,
4.024903744000767,APPROACH,0.0,0.0,24323.742232287,21.14122224765393,-1.0256410256410504,21.190388353891898,-0.35,5.0,0.05,
4.026148187000217,APPROACH,0.0,0.0,24323.753495352,21.14122224765393,-1.0256410256410504,21.18625463189644,-0.35,5.0,0.05,
4.027397341000324,APPROACH,0.0,0.0,24323.753495352,21.14122224765393,-1.0256410256410504,21.183762673893646,-0.35,5.0,0.05,
4.028839808997873,APPROACH,0.0,0.0,24323.753495352,21.138475623712523,-1.4358974358974592,21.18129278989479,-0.35,5.0,0.05,
4.030042487000173,APPROACH,0.0,0.0,24323.753495352,21.138475623712523,-1.4358974358974592,21.1784178798928,-0.35,5.0,0.05,
4.031436429999303,APPROACH,0.0,0.0,24323.753495352,21.13664454108492,-1.846153846153868,21.175994991893525,-0.35,5.0,0.05,
4.032921752997936,APPROACH,0.0,0.0,24323.753495352,21.13664454108492,-1.846153846153868,21.172998207891645,-0.35,5.0,0.05,
4.034353029997874,APPROACH,0.0,0.0,24323.753495352,21.13664454108492,-1.846153846153868,21.17003509789472,-0.35,5.0,0.05,
4.03630018399781,APPROACH,0.0,0.0,24323.764443539,21.13115129320211,-2.256410256410277,21.16659792188991,-0.35,5.0,0.05,
4.037569004998659,APPROACH,0.0,0.0,24323.764443539,21.13115129320211,-2.256410256410277,21.163398159894562,-0.35,5.0,0.05,
4.038969465000264,APPROACH,0.0,0.0,24323.764443539,21.124742504005496,-2.256410256410277,21.160908105893462,-0.35,5.0,0.05,
4.04045239900006,APPROACH,0.0,0.0,24323.764443539,21.124742504005496,-2.256410256410277,21.15792813189298,-0.35,5.0,0.05,
4.041882917998009,APPROACH,0.0,0.0,24323.764443539,21.124742504005496,-2.256410256410277,21.15505216389399,-0.35,5.0,0.05,
4.043730372999562,APPROACH,0.0,0.0,24323.764443539,21.11192492561227,-2.1196581196581405,21.15201340389583,-0.35,5.0,0.05,
4.045023332997516,APPROACH,0.0,0.0,24323.764443539,21.11192492561227,-2.1196581196581405,21.148513751891436,-0.35,5.0,0.05,
4.047439186997508,APPROACH,0.0,0.0,24323.775412147,21.107347219043262,-1.7094017094017318,21.144467445891927,-0.35,5.0,0.05,
4.049063630998717,APPROACH,0.0,0.0,24323.775412147,21.10551613641566,-1.846153846153868,21.141063035896217,-0.35,5.0,0.05,
4.050626154999918,APPROACH,0.0,0.0,24323.775412147,21.10551613641566,-1.846153846153868,21.137586191894364,-0.35,5.0,0.05,
4.052290234998509,APPROACH,0.0,0.0,24323.775412147,21.092698558022434,-1.846153846153868,21.134699289891863,-0.35,5.0,0.05,
4.053796741998667,APPROACH,0.0,0.0,24323.775412147,21.092698558022434,-1.846153846153868,21.13123376189585,-0.35,5.0,0.05,
4.055512743998406,APPROACH,0.0,0.0,24323.775412147,21.08079652094301,-1.1623931623931867,21.128337043891655,-0.35,5.0,0.05,
4.056965583997226,APPROACH,0.0,0.0,24323.775412147,21.08079652094301,-1.1623931623931867,21.124934305896453,-0.35,5.0,0.05,
4.05857917299727,APPROACH,0.0,0.0,24323.786311636,21.08079652094301,-1.1623931623931867,21.12178468789468,-0.35,5.0,0.05,
4.060388415997295,APPROACH,0.0,0.0,24323.786311636,21.063401235980777,-0.7521367521367779,21.118777697892504,-0.35,5.0,0.05,
4.061793983997632,APPROACH,0.0,0.0,24323.786311636,21.063401235980777,-0.7521367521367779,21.115165969896474,-0.35,5.0,0.05,
4.072002570999757,APPROACH,0.0,0.0,24323.797358914,21.051499198901354,0.06837606837609655,21.095439065896493,-0.35,5.0,0.05,
4.073449912000797,APPROACH,0.0,0.0,24323.797358914,21.051499198901354,0.06837606837609655,21.091953871896543,-0.35,5.0,0.05,
4.0747089910000795,APPROACH,0.0,0.0,24323.797358914,21.051499198901354,0.06837606837609655,21.08909833789337,-0.35,5.0,0.05,
4.076161106000654,APPROACH,0.0,0.0,24323.797358914,21.03868162050813,0.8888888888889142,21.086682231894223,-0.35,5.0,0.05,
4.077393712999765,APPROACH,0.0,0.0,24323.797358914,21.03868162050813,0.8888888888889142,21.08374358189146,-0.35,5.0,0.05,
4.078817625999363,APPROACH,0.0,0.0,24323.797358914,21.032272831311516,-2.256410256410277,21.081313795891468,-0.35,5.0,0.05,
4.080101195999305,APPROACH,0.0,0.0,24323.808453678,21.032272831311516,-2.256410256410277,21.078333127895597,-0.35,5.0,0.05,
4.081313659000443,APPROACH,0.0,0.0,24323.808453678,21.032272831311516,-2.256410256410277,21.07588113989302,-0.35,5.0,0.05,
4.08294065699738,APPROACH,0.0,0.0,24323.808453678,21.020370794232093,-1.0256410256410504,21.07344386589218,-0.35,5.0,0.05,
4.084213788999477,APPROACH,0.0,0.0,24323.808453678,21.020370794232093,-1.0256410256410504,21.07016734989272,-0.35,5.0,0.05,
4.085645494000346,APPROACH,0.0,0.0,24323.808453678,21.022201876859697,-0.06837606837609655,21.06762658189225,-0.35,5.0,0.05,
4.087247702998866,APPROACH,0.0,0.0,24323.808453678,21.022201876859697,-0.06837606837609655,21.06427554389054,-0.35,5.0,0.05,
4.088516793999588,APPROACH,0.0,0.0,24323.808453678,21.022201876859697,-0.06837606837609655,21.0615777798969,-0.35,5.0,0.05,
4.0900863249989925,APPROACH,0.0,0.0,24323.808453678,21.015793087663084,-2.393162393162413,21.059032279890083,-0.35,5.0,0.05,
4.091727110000647,APPROACH,0.0,0.0,24323.819193003,21.015793087663084,-2.393162393162413,21.055036673891003,-0.35,5.0,0.05,
4.093039281997335,APPROACH,0.0,0.0,24323.819193003,21.011215381094075,-1.9829059829060043,21.052608249892067,-0.35,5.0,0.05,
4.094230788999994,APPROACH,0.0,0.0,24323.819193003,21.011215381094075,-1.9829059829060043,21.050011553890066,-0.35,5.0,0.05,
4.095409659999859,APPROACH,0.0,0.0,24323.819193003,21.011215381094075,-1.9829059829060043,21.047652203896426,-0.35,5.0,0.05,
4.0966585259993735,APPROACH,0.0,0.0,24323.819193003,21.009384298466472,-1.846153846153868,21.045324833890184,-0.35,5.0,0.05,
4.097837143999641,APPROACH,0.0,0.0,24323.819193003,21.009384298466472,-1.846153846153868,21.042795915892633,-0.35,5.0,0.05,
4.099111884999729,APPROACH,0.0,0.0,24323.819193003,21.00846875715267,-2.940170940170958,21.04043659789138,-0.35,5.0,0.05,
4.100288220997754,APPROACH,0.0,0.0,24323.819193003,21.00846875715267,-2.940170940170958,21.037872783891792,-0.35,5.0,0.05,
4.101685150999401,APPROACH,0.0,0.0,24323.830180026,21.00846875715267,-2.940170940170958,21.035175745893206,-0.35,5.0,0.05,
4.103096156999527,APPROACH,0.0,0.0,24323.830180026,21.004806591897463,-3.0769230769230944,21.03266840989206,-0.35,5.0,0.05,
4.1043461929984915,APPROACH,0.0,0.0,24323.830180026,21.004806591897463,-3.0769230769230944,21.02987151389359,-0.35,5.0,0.05,
4.10565814399888,APPROACH,0.0,0.0,24323.830180026,21.004806591897463,-3.2136752136752307,21.027422765896766,-0.35,5.0,0.05,
4.106834251997498,APPROACH,0.0,0.0,24323.830180026,21.004806591897463,-3.2136752136752307,21.024806473892816,-0.35,5.0,0.05,
4.1080246589990566,APPROACH,0.0,0.0,24323.830180026,21.004806591897463,-3.2136752136752307,21.02243554589338,-0.35,5.0,0.05,
4.109443854998972,APPROACH,0.0,0.0,24323.830180026,21.00297550926986,-4.307692307692321,21.02004518389119,-0.35,5.0,0.05,
4.110628628997802,APPROACH,0.0,0.0,24323.830180026,21.00297550926986,-4.307692307692321,21.017214197892166,-0.35,5.0,0.05,
4.1119996559973515,APPROACH,0.0,0.0,24323.830180026,21.000228885328454,-4.581196581196593,21.014859463889728,-0.35,5.0,0.05,
4.113293608999811,APPROACH,0.0,0.0,24323.841334618,21.000228885328454,-4.581196581196593,21.011952787893527,-0.35,5.0,0.05,
4.114739220000047,APPROACH,0.0,0.0,24323.841334618,20.999313344014645,-4.581196581196593,21.009550113894214,-0.35,5.0,0.05,
4.115946850997716,APPROACH,0.0,0.0,24323.841334618,20.999313344014645,-4.581196581196593,21.00660632189217,-0.35,5.0,0.05,
4.117157792999933,APPROACH,0.0,0.0,24323.841334618,20.999313344014645,-4.581196581196593,21.00418129789002,-0.35,5.0,0.05,
4.118631801000447,APPROACH,0.0,0.0,24323.841334618,20.99748226138704,-5.128205128205138,21.001731831894425,-0.35,5.0,0.05,
4.119877467997867,APPROACH,0.0,0.0,24323.841334618,20.99748226138704,-5.128205128205138,20.998792075895174,-0.35,5.0,0.05,
4.121220810997329,APPROACH,0.0,0.0,24323.841334618,20.994735637445636,-5.6752136752136835,20.996345633896702,-0.35,5.0,0.05,
4.122667395000462,APPROACH,0.0,0.0,24323.841334618,20.994735637445636,-5.6752136752136835,20.993612897896377,-0.35,5.0,0.05,
4.123975048998545,APPROACH,0.0,0.0,24323.852226079,20.994735637445636,-5.6752136752136835,20.990608097891958,-0.35,5.0,0.05,
4.125395494000259,APPROACH,0.0,0.0,24323.852226079,20.989242389562826,-5.538461538461547,20.98815751789632,-0.35,5.0,0.05,
4.1266303379998135,APPROACH,0.0,0.0,24323.852226079,20.989242389562826,-5.538461538461547,20.985276903892803,-0.35,5.0,0.05,
4.127955289997772,APPROACH,0.0,0.0,24323.852226079,20.984664682993817,-5.6752136752136835,20.982801325896865,-0.35,5.0,0.05,
4.129222259998642,APPROACH,0.0,0.0,24323.852226079,20.984664682993817,-5.6752136752136835,20.980153753896296,-0.35,5.0,0.05,
4.13042463599777,APPROACH,0.0,0.0,24323.852226079,20.984664682993817,-5.6752136752136835,20.977603783890366,-0.35,5.0,0.05,
4.131762003999029,APPROACH,0.0,0.0,24323.852226079,20.969100480659186,-5.6752136752136835,20.97527823589305,-0.35,5.0,0.05,
4.132972035997227,APPROACH,0.0,0.0,24323.852226079,20.969100480659186,-5.6752136752136835,20.972557591893995,-0.35,5.0,0.05,
4.1342776069977845,APPROACH,0.0,0.0,24323.852226079,20.95994506752117,-4.71794871794873,20.970132821895525,-0.35,5.0,0.05,
4.13582100900021,APPROACH,0.0,0.0,24323.863276706,20.95994506752117,-4.71794871794873,20.966853713894373,-0.35,5.0,0.05,
4.137011151997285,APPROACH,0.0,0.0,24323.863276706,20.95994506752117,-4.71794871794873,20.964449101892818,-0.35,5.0,0.05,
4.138390026000707,APPROACH,0.0,0.0,24323.863276706,20.944380865186538,-4.1709401709401845,20.96208373189554,-0.35,5.0,0.05,
4.139561661999323,APPROACH,0.0,0.0,24323.863276706,20.944380865186538,-4.1709401709401845,20.959340281894832,-0.35,5.0,0.05,
4.1409077499993145,APPROACH,0.0,0.0,24323.863276706,20.93430991073472,-3.897435897435912,20.956986321894213,-0.35,5.0,0.05,
4.142105852999521,APPROACH,0.0,0.0,24323.863276706,20.93430991073472,-3.897435897435912,20.954265395893593,-0.35,5.0,0.05,
4.1432928499998525,APPROACH,0.0,0.0,24323.863276706,20.93430991073472,-3.897435897435912,20.95188474388967,-0.35,5.0,0.05,
4.144872811000823,APPROACH,0.0,0.0,24323.863276706,20.917830167086287,-3.0769230769230944,20.94953626789472,-0.35,5.0,0.05,
4.146236710999801,APPROACH,0.0,0.0,24323.874340058,20.917830167086287,-3.0769230769230944,20.94616077189246,-0.35,5.0,0.05,
4.1477188099997875,APPROACH,0.0,0.0,24323.874340058,20.910505836575872,-2.393162393162413,20.943555921892106,-0.35,5.0,0.05,
4.148939212998812,APPROACH,0.0,0.0,24323.874340058,20.910505836575872,-2.393162393162413,20.94064430389087,-0.35,5.0,0.05,
4.150162138997985,APPROACH,0.0,0.0,24323.874340058,20.910505836575872,-2.393162393162413,20.938193243893032,-0.35,5.0,0.05,
4.151594127997669,APPROACH,0.0,0.0,24323.874340058,20.894941634241242,-2.1196581196581405,20.935761807895027,-0.35,5.0,0.05,
4.152827240999613,APPROACH,0.0,0.0,24323.874340058,20.894941634241242,-2.1196581196581405,20.932878533895995,-0.35,5.0,0.05,
4.15415395799937,APPROACH,0.0,0.0,24323.874340058,20.88853284504463,-1.7094017094017318,20.930435711890162,-0.35,5.0,0.05,
4.155356333998498,APPROACH,0.0,0.0,24323.874340058,20.88853284504463,-1.7094017094017318,20.92778528988972,-0.35,5.0,0.05,
4.157322503000614,APPROACH,0.0,0.0,24323.885480634,20.88303959716182,-1.7094017094017318,20.92451544789335,-0.35,5.0,0.05,
4.158719277998898,APPROACH,0.0,0.0,24323.885480634,20.88303959716182,-1.7094017094017318,20.921246147890336,-0.35,5.0,0.05,
4.160080303998257,APPROACH,0.0,0.0,24323.885480634,20.88303959716182,-1.7094017094017318,20.91856188989302,-0.35,5.0,0.05,
4.16162660199916,APPROACH,0.0,0.0,24323.885480634,20.880292973220413,-2.1196581196581405,20.915836035893584,-0.35,5.0,0.05,
4.162909464997938,APPROACH,0.0,0.0,24323.885480634,20.880292973220413,-2.1196581196581405,20.91276908788975,-0.35,5.0,0.05,
4.164344533997792,APPROACH,0.0,0.0,24323.885480634,20.87937743190661,-2.5299145299145493,20.910244169893552,-0.35,5.0,0.05,
4.165540769998188,APPROACH,0.0,0.0,24323.885480634,20.87937743190661,-2.5299145299145493,20.907410075896472,-0.35,5.0,0.05,
4.166846018997603,APPROACH,0.0,0.0,24323.885480634,20.87937743190661,-2.5299145299145493,20.90495830189436,-0.35,5.0,0.05,
4.168501173997356,APPROACH,0.0,0.0,24323.896504835,20.877546349279008,-3.2136752136752307,20.902262265889725,-0.35,5.0,0.05,
4.16982670699872,APPROACH,0.0,0.0,24323.896504835,20.877546349279008,-3.2136752136752307,20.899030853893485,-0.35,5.0,0.05,
4.171567335997679,APPROACH,0.0,0.0,24323.896504835,20.8738841840238,-3.350427350427367,20.896200495896913,-0.35,5.0,0.05,
4.172979020997445,APPROACH,0.0,0.0,24323.896504835,20.8738841840238,-3.350427350427367,20.892813621890376,-0.35,5.0,0.05,
4.174477566997666,APPROACH,0.0,0.0,24323.896504835,20.8738841840238,-3.350427350427367,20.88981950589484,-0.35,5.0,0.05,
4.17621003000022,APPROACH,0.0,0.0,24323.896504835,20.86747539482719,-3.487179487179503,20.887014203895227,-0.35,5.0,0.05,
4.177899922000506,APPROACH,0.0,0.0,24323.896504835,20.86747539482719,-3.487179487179503,20.88321761989325,-0.35,5.0,0.05,
4.1796003179988475,APPROACH,0.0,0.0,24323.907437109,20.860151064316774,-3.7606837606837757,20.879980295890412,-0.35,5.0,0.05,
4.18098573899988,APPROACH,0.0,0.0,24323.907437109,20.860151064316774,-3.7606837606837757,20.876762901892356,-0.35,5.0,0.05,
4.182480593997752,APPROACH,0.0,0.0,24323.907437109,20.860151064316774,-3.7606837606837757,20.873818891895347,-0.35,5.0,0.05,
4.184197754999332,APPROACH,0.0,0.0,24323.907437109,20.84733348592355,-3.2136752136752307,20.870933851890435,-0.35,5.0,0.05,
4.185638274997473,APPROACH,0.0,0.0,24323.907437109,20.84733348592355,-3.2136752136752307,20.867329279893305,-0.35,5.0,0.05,
4.187063086999842,APPROACH,0.0,0.0,24323.907437109,20.84275577935454,-3.2136752136752307,20.864779817894735,-0.35,5.0,0.05,
4.188454650997301,APPROACH,0.0,0.0,24323.907437109,20.84275577935454,-3.2136752136752307,20.861731563892384,-0.35,5.0,0.05,
4.189903639999102,APPROACH,0.0,0.0,24323.918323996,20.84275577935454,-3.2136752136752307,20.858791705891484,-0.35,5.0,0.05,
4.19153604299936,APPROACH,0.0,0.0,24323.918323996,20.834515907530324,-3.6239316239316395,20.856021137894707,-0.35,5.0,0.05,
4.192816998998751,APPROACH,0.0,0.0,24323.918323996,20.834515907530324,-3.6239316239316395,20.852977701893245,-0.35,5.0,0.05,
4.19445931899827,APPROACH,0.0,0.0,24323.918323996,20.8226138704509,-3.0769230769230944,20.85016331189515,-0.35,5.0,0.05,
4.195803548998811,APPROACH,0.0,0.0,24323.918323996,20.8226138704509,-3.0769230769230944,20.84706027989275,-0.35,5.0,0.05,
4.1972829650003405,APPROACH,0.0,0.0,24323.918323996,20.8226138704509,-3.0769230769230944,20.844199505890423,-0.35,5.0,0.05,
4.199027881000802,APPROACH,0.0,0.0,24323.918323996,20.81254291599908,-2.6666666666666856,20.841304715891305,-0.35,5.0,0.05,
4.201122836999275,APPROACH,0.0,0.0,24323.92946495,20.81254291599908,-2.6666666666666856,20.836560625889682,-0.35,5.0,0.05,
4.202732492998621,APPROACH,0.0,0.0,24323.92946495,20.802471961547262,-2.6666666666666856,20.833686353894585,-0.35,5.0,0.05,
4.204033784000785,APPROACH,0.0,0.0,24323.92946495,20.802471961547262,-2.6666666666666856,20.830549581894296,-0.35,5.0,0.05,
4.205491881999478,APPROACH,0.0,0.0,24323.92946495,20.795147631036848,-2.1196581196581405,20.82799656789691,-0.35,5.0,0.05,
4.2067200019992015,APPROACH,0.0,0.0,24323.92946495,20.795147631036848,-2.1196581196581405,20.825101605894154,-0.35,5.0,0.05,
4.208105563997378,APPROACH,0.0,0.0,24323.92946495,20.787823300526433,-2.256410256410277,20.822633961893438,-0.35,5.0,0.05,
4.209322833998158,APPROACH,0.0,0.0,24323.92946495,20.787823300526433,-2.256410256410277,20.81986224389518,-0.35,5.0,0.05,
4.210583536998456,APPROACH,0.0,0.0,24323.92946495,20.787823300526433,-2.256410256410277,20.81743333389138,-0.35,5.0,0.05,
4.212317418998282,APPROACH,0.0,0.0,24323.940554163,20.773174639505605,-1.9829059829060043,20.81439212789089,-0.35,5.0,0.05,
4.213771127000655,APPROACH,0.0,0.0,24323.940554163,20.773174639505605,-1.9829059829060043,20.811414975892397,-0.35,5.0,0.05,
4.215426110997214,APPROACH,0.0,0.0,24323.940554163,20.76493476768139,-1.299145299145323,20.80837576589081,-0.35,5.0,0.05,
4.21680975399795,APPROACH,0.0,0.0,24323.940554163,20.76493476768139,-1.299145299145323,20.80516112589364,-0.35,5.0,0.05,
4.218225695000001,APPROACH,0.0,0.0,24323.940554163,20.76493476768139,-1.299145299145323,20.802345989891613,-0.35,5.0,0.05,
4.220066641999438,APPROACH,0.0,0.0,24323.940554163,20.751201647974362,-1.1623931623931867,20.799285877890064,-0.35,5.0,0.05,
4.221634045999963,APPROACH,0.0,0.0,24323.940554163,20.751201647974362,-1.1623931623931867,20.795585685890977,-0.35,5.0,0.05,
4.223442831000284,APPROACH,0.0,0.0,24323.951534133,20.741130693522543,-0.7521367521367779,20.79246206989162,-0.35,5.0,0.05,
4.2248819550004555,APPROACH,0.0,0.0,24323.951534133,20.741130693522543,-0.7521367521367779,20.78907338389515,-0.35,5.0,0.05,
4.226436857999943,APPROACH,0.0,0.0,24323.951534133,20.741130693522543,-0.7521367521367779,20.78598636389622,-0.35,5.0,0.05,
4.228148743997735,APPROACH,0.0,0.0,24323.951534133,20.731059739070723,-0.47863247863250535,20.78308559389668,-0.35,5.0,0.05,
4.22974169599911,APPROACH,0.0,0.0,24323.951534133,20.731059739070723,-0.47863247863250535,20.779295519890432,-0.35,5.0,0.05,
4.231596898000134,APPROACH,0.0,0.0,24323.951534133,20.726482032501714,-0.7521367521367779,20.77625794589519,-0.35,5.0,0.05,
4.233076116997836,APPROACH,0.0,0.0,24323.951534133,20.726482032501714,-0.7521367521367779,20.772711323895486,-0.35,5.0,0.05,
4.234631708997767,APPROACH,0.0,0.0,24323.962440853,20.726482032501714,-0.7521367521367779,20.769517307891213,-0.35,5.0,0.05,
4.236431620000076,APPROACH,0.0,0.0,24323.962440853,20.720988784618903,-1.0256410256410504,20.766687575896206,-0.35,5.0,0.05,
4.237823761999607,APPROACH,0.0,0.0,24323.962440853,20.720988784618903,-1.0256410256410504,20.763093865892436,-0.35,5.0,0.05,
4.239645793000818,APPROACH,0.0,0.0,24323.962440853,20.712748912794687,-1.299145299145323,20.760222339894675,-0.35,5.0,0.05,
4.2410806879997835,APPROACH,0.0,0.0,24323.962440853,20.712748912794687,-1.299145299145323,20.75657949789572,-0.35,5.0,0.05,
4.242676555997605,APPROACH,0.0,0.0,24323.962440853,20.712748912794687,-1.299145299145323,20.753777261890058,-0.35,5.0,0.05,
4.244898742999794,APPROACH,0.0,0.0,24323.962440853,20.702677958342868,-0.7521367521367779,20.75059733589412,-0.35,5.0,0.05,
4.246387290000712,APPROACH,0.0,0.0,24323.973385697,20.702677958342868,-0.7521367521367779,20.745952361890225,-0.35,5.0,0.05,
4.247958800999186,APPROACH,0.0,0.0,24323.973385697,20.69810025177386,-1.0256410256410504,20.743228351894935,-0.35,5.0,0.05,
4.249624949999998,APPROACH,0.0,0.0,24323.973385697,20.69810025177386,-1.0256410256410504,20.73985445789119,-0.35,5.0,0.05,
4.2514903569972375,APPROACH,0.0,0.0,24323.973385697,20.68802929732204,-1.299145299145323,20.736653443892713,-0.35,5.0,0.05,
4.252958220997243,APPROACH,0.0,0.0,24323.973385697,20.68802929732204,-1.299145299145323,20.732966965895024,-0.35,5.0,0.05,
4.254450238000572,APPROACH,0.0,0.0,24323.973385697,20.68802929732204,-1.299145299145323,20.729882663895545,-0.35,5.0,0.05,
4.256599465999898,APPROACH,0.0,0.0,24323.984510554,20.67887388418402,-0.8888888888889142,20.72632950789673,-0.35,5.0,0.05,
4.258238832997449,APPROACH,0.0,0.0,24323.984510554,20.674296177615012,-0.7521367521367779,20.72272631389321,-0.35,5.0,0.05,
4.259708161000162,APPROACH,0.0,0.0,24323.984510554,20.674296177615012,-0.7521367521367779,20.719382179894886,-0.35,5.0,0.05,
4.2615266279972275,APPROACH,0.0,0.0,24323.984510554,20.661478599221788,-0.6153846153846416,20.71652994589501,-0.35,5.0,0.05,
4.262971881998965,APPROACH,0.0,0.0,24323.984510554,20.661478599221788,-0.6153846153846416,20.71286210389487,-0.35,5.0,0.05,
4.264735497999936,APPROACH,0.0,0.0,24323.984510554,20.651407644769968,0.06837606837609655,20.709848939893412,-0.35,5.0,0.05,
4.266348302997358,APPROACH,0.0,0.0,24323.984510554,20.651407644769968,0.06837606837609655,20.70644534389546,-0.35,5.0,0.05,
4.268256749997818,APPROACH,0.0,0.0,24323.995602107,20.651407644769968,0.06837606837609655,20.702121109892026,-0.35,5.0,0.05,
4.26983071399809,APPROACH,0.0,0.0,24323.995602107,20.63675898374914,0.20512820512823282,20.699554449894343,-0.35,5.0,0.05,
4.271255764000671,APPROACH,0.0,0.0,24323.995602107,20.63675898374914,0.20512820512823282,20.69632194589328,-0.35,5.0,0.05,
4.273010788998363,APPROACH,0.0,0.0,24323.995602107,20.62668802929732,0.6153846153846416,20.693292191893555,-0.35,5.0,0.05,
4.274355274999834,APPROACH,0.0,0.0,24323.995602107,20.62668802929732,0.6153846153846416,20.68993304389121,-0.35,5.0,0.05,
4.27570905399989,APPROACH,0.0,0.0,24323.995602107,20.62668802929732,0.6153846153846416,20.68732727388967,-0.35,5.0,0.05,
4.27832259799834,APPROACH,0.0,0.0,24323.995602107,20.624856946669716,0.47863247863250535,20.684522569893737,-0.35,5.0,0.05,
4.279815139998391,APPROACH,0.0,0.0,24324.006804059,20.624856946669716,0.47863247863250535,20.679183563895343,-0.35,5.0,0.05,
4.281630864999897,APPROACH,0.0,0.0,24324.006804059,20.624856946669716,-0.47863247863250535,20.676137113893923,-0.35,5.0,0.05,
4.283020554998075,APPROACH,0.0,0.0,24324.006804059,20.624856946669716,-0.47863247863250535,20.67270835189381,-0.35,5.0,0.05,
4.28467952599749,APPROACH,0.0,0.0,24324.006804059,20.623941405355914,-1.0256410256410504,20.669900851892884,-0.35,5.0,0.05,
4.286051397000847,APPROACH,0.0,0.0,24324.006804059,20.623941405355914,-1.0256410256410504,20.66655972789274,-0.35,5.0,0.05,
4.287475556000572,APPROACH,0.0,0.0,24324.006804059,20.623025864042113,-1.7094017094017318,20.663941995896742,-0.35,5.0,0.05,
4.289418304000719,APPROACH,0.0,0.0,24324.017665791,20.623025864042113,-1.7094017094017318,20.659960047896014,-0.35,5.0,0.05,
4.290760779000266,APPROACH,0.0,0.0,24324.017665791,20.623025864042113,-1.7094017094017318,20.65715619189111,-0.35,5.0,0.05,
4.2923281689982105,APPROACH,0.0,0.0,24324.017665791,20.620279240100707,-2.256410256410277,20.654507429893123,-0.35,5.0,0.05,
4.29369550499905,APPROACH,0.0,0.0,24324.017665791,20.620279240100707,-2.256410256410277,20.65128894589113,-0.35,5.0,0.05,
4.295072168999468,APPROACH,0.0,0.0,24324.017665791,20.617532616159302,-2.5299145299145493,20.64867285989137,-0.35,5.0,0.05,
4.296339235999767,APPROACH,0.0,0.0,24324.017665791,20.617532616159302,-2.5299145299145493,20.64588874389417,-0.35,5.0,0.05,
4.297530723000818,APPROACH,0.0,0.0,24324.017665791,20.617532616159302,-2.5299145299145493,20.643399833891884,-0.35,5.0,0.05,
4.2991330990007555,APPROACH,0.0,0.0,24324.017665791,20.612954909590293,-3.0769230769230944,20.641008279891388,-0.35,5.0,0.05,
4.3005054690002,APPROACH,0.0,0.0,24324.028718594,20.612954909590293,-3.0769230769230944,20.637726287889812,-0.35,5.0,0.05,
4.302096891999099,APPROACH,0.0,0.0,24324.028718594,20.610208285648888,-3.2136752136752307,20.63494060589553,-0.35,5.0,0.05,
4.303561955999612,APPROACH,0.0,0.0,24324.028718594,20.610208285648888,-3.2136752136752307,20.631783705889823,-0.35,5.0,0.05,
4.304996259998006,APPROACH,0.0,0.0,24324.028718594,20.610208285648888,-3.2136752136752307,20.62878422189649,-0.35,5.0,0.05,
4.306886174999818,APPROACH,0.0,0.0,24324.028718594,20.60196841382467,-3.350427350427367,20.625944699896785,-0.35,5.0,0.05,
4.308454775997234,APPROACH,0.0,0.0,24324.028718594,20.60196841382467,-3.350427350427367,20.62202523589192,-0.35,5.0,0.05,
4.310502329997689,APPROACH,0.0,0.0,24324.028718594,20.592813000686654,-3.2136752136752307,20.618743963890005,-0.35,5.0,0.05,
4.312744856000791,APPROACH,0.0,0.0,24324.039887238,20.592813000686654,-3.2136752136752307,20.613464723895298,-0.35,5.0,0.05,
4.314475912000489,APPROACH,0.0,0.0,24324.039887238,20.58548867017624,-2.940170940170958,20.610407251894934,-0.35,5.0,0.05,
4.315830711999297,APPROACH,0.0,0.0,24324.039887238,20.58548867017624,-2.940170940170958,20.60705625589005,-0.35,5.0,0.05,
4.3174682409990055,APPROACH,0.0,0.0,24324.039887238,20.57999542229343,-3.0769230769230944,20.604308401890442,-0.35,5.0,0.05,
4.318927478998376,APPROACH,0.0,0.0,24324.039887238,20.57999542229343,-3.0769230769230944,20.601040087896102,-0.35,5.0,0.05,
4.320851885000593,APPROACH,0.0,0.0,24324.039887238,20.573586633096816,-3.487179487179503,20.598034859890753,-0.35,5.0,0.05,
4.322269931999472,APPROACH,0.0,0.0,24324.050637062,20.573586633096816,-3.487179487179503,20.59420749189419,-0.35,5.0,0.05,
4.323659556997882,APPROACH,0.0,0.0,24324.050637062,20.573586633096816,-3.487179487179503,20.59141984589339,-0.35,5.0,0.05,
4.325477492999198,APPROACH,0.0,0.0,24324.050637062,20.56076905470359,-2.940170940170958,20.588680731890484,-0.35,5.0,0.05,
4.326794062999397,APPROACH,0.0,0.0,24324.050637062,20.56076905470359,-2.940170940170958,20.58505860189441,-0.35,5.0,0.05,
4.328477455997927,APPROACH,0.0,0.0,24324.050637062,20.553444724193177,-2.803418803418822,20.582296947891585,-0.35,5.0,0.05,
4.329934101999243,APPROACH,0.0,0.0,24324.050637062,20.553444724193177,-2.803418803418822,20.579017491895932,-0.35,5.0,0.05,
4.331387772999733,APPROACH,0.0,0.0,24324.050637062,20.553444724193177,-2.803418803418822,20.576009611891344,-0.35,5.0,0.05,
4.33367934999842,APPROACH,0.0,0.0,24324.061488353,20.542458228427556,-2.940170940170958,20.57254202388983,-0.35,5.0,0.05,
4.33522367399928,APPROACH,0.0,0.0,24324.061488353,20.540627145799952,-2.803418803418822,20.56861246589076,-0.35,5.0,0.05,
4.3365658199982136,APPROACH,0.0,0.0,24324.061488353,20.540627145799952,-2.803418803418822,20.565495381896902,-0.35,5.0,0.05,
4.338022233998345,APPROACH,0.0,0.0,24324.061488353,20.536049439230943,-2.803418803418822,20.56292954789503,-0.35,5.0,0.05,
4.339298917999258,APPROACH,0.0,0.0,24324.061488353,20.536049439230943,-2.803418803418822,20.560028115892486,-0.35,5.0,0.05,
4.340712665998581,APPROACH,0.0,0.0,24324.061488353,20.530556191348133,-3.2136752136752307,20.55743596389336,-0.35,5.0,0.05,
4.3419044250003935,APPROACH,0.0,0.0,24324.061488353,20.530556191348133,-3.2136752136752307,20.554670817896543,-0.35,5.0,0.05,
4.343097082997701,APPROACH,0.0,0.0,24324.061488353,20.530556191348133,-3.2136752136752307,20.552273365895665,-0.35,5.0,0.05,
4.344557041000371,APPROACH,0.0,0.0,24324.072328238,20.515907530327304,-2.940170940170958,20.549863443892967,-0.35,5.0,0.05,
4.345781280997471,APPROACH,0.0,0.0,24324.072328238,20.515907530327304,-2.940170940170958,20.546985077891144,-0.35,5.0,0.05,
4.347123995998118,APPROACH,0.0,0.0,24324.072328238,20.50949874113069,-2.256410256410277,20.544551681895676,-0.35,5.0,0.05,
4.34832732599898,APPROACH,0.0,0.0,24324.072328238,20.50949874113069,-2.256410256410277,20.541843885891716,-0.35,5.0,0.05,
4.349499132000346,APPROACH,0.0,0.0,24324.072328238,20.50949874113069,-2.256410256410277,20.539452321894053,-0.35,5.0,0.05,
4.351067524999962,APPROACH,0.0,0.0,24324.072328238,20.50308995193408,-2.256410256410277,20.53705382789601,-0.35,5.0,0.05,
4.352374915997643,APPROACH,0.0,0.0,24324.072328238,20.50308995193408,-2.256410256410277,20.533837175892835,-0.35,5.0,0.05,
4.353855641998962,APPROACH,0.0,0.0,24324.072328238,20.495765621423665,-2.6666666666666856,20.531229897890874,-0.35,5.0,0.05,
4.355453055999533,APPROACH,0.0,0.0,24324.083818402,20.495765621423665,-2.6666666666666856,20.52781305989017,-0.35,5.0,0.05,
4.356926558997657,APPROACH,0.0,0.0,24324.083818402,20.495765621423665,-2.6666666666666856,20.52502502389077,-0.35,5.0,0.05,
4.358835007999005,APPROACH,0.0,0.0,24324.083818402,20.485694666971845,-1.846153846153868,20.522088509890885,-0.35,5.0,0.05,
4.360238531997311,APPROACH,0.0,0.0,24324.083818402,20.485694666971845,-1.846153846153868,20.518259679892502,-0.35,5.0,0.05,
4.361961754999356,APPROACH,0.0,0.0,24324.083818402,20.48203250171664,-2.256410256410277,20.51555474989552,-0.35,5.0,0.05,
4.363365451998106,APPROACH,0.0,0.0,24324.083818402,20.48203250171664,-2.256410256410277,20.512006343896495,-0.35,5.0,0.05,
4.364718439999706,APPROACH,0.0,0.0,24324.083818402,20.48203250171664,-2.256410256410277,20.50921415589371,-0.35,5.0,0.05,
4.366636472997925,APPROACH,0.0,0.0,24324.094770529,20.47745479514763,-2.6666666666666856,20.505934093890822,-0.35,5.0,0.05,
4.367955278998124,APPROACH,0.0,0.0,24324.094770529,20.47745479514763,-2.6666666666666856,20.502719277895515,-0.35,5.0,0.05,
4.369314711999323,APPROACH,0.0,0.0,24324.094770529,20.47745479514763,-3.2136752136752307,20.500108127890847,-0.35,5.0,0.05,
4.370664677997411,APPROACH,0.0,0.0,24324.094770529,20.47745479514763,-3.2136752136752307,20.497442007895437,-0.35,5.0,0.05,
4.371985224999662,APPROACH,0.0,0.0,24324.094770529,20.47745479514763,-3.2136752136752307,20.494674587892654,-0.35,5.0,0.05,
4.373838027000602,APPROACH,0.0,0.0,24324.094770529,20.475623712520026,-4.034188034188048,20.492022543892084,-0.35,5.0,0.05,
4.375079958997958,APPROACH,0.0,0.0,24324.094770529,20.475623712520026,-4.034188034188048,20.488318981894984,-0.35,5.0,0.05,
4.376407756997651,APPROACH,0.0,0.0,24324.094770529,20.473792629892422,-4.307692307692321,20.485953205891995,-0.35,5.0,0.05,
4.37759911899775,APPROACH,0.0,0.0,24324.105395007,20.473792629892422,-4.307692307692321,20.48328098989557,-0.35,5.0,0.05,
4.379051429998071,APPROACH,0.0,0.0,24324.105395007,20.470130464637215,-4.71794871794873,20.480889903891942,-0.35,5.0,0.05,
4.380320918000507,APPROACH,0.0,0.0,24324.105395007,20.470130464637215,-4.71794871794873,20.477939723890152,-0.35,5.0,0.05,
4.381574475999514,APPROACH,0.0,0.0,24324.105395007,20.470130464637215,-4.71794871794873,20.475354323892383,-0.35,5.0,0.05,
4.382890308999777,APPROACH,0.0,0.0,24324.105395007,20.466468299382008,-4.991452991453002,20.472864293894666,-0.35,5.0,0.05,
4.38416361399868,APPROACH,0.0,0.0,24324.105395007,20.466468299382008,-4.991452991453002,20.470132187890407,-0.35,5.0,0.05,
4.3855283400007465,APPROACH,0.0,0.0,24324.105395007,20.4628061341268,-4.991452991453002,20.467583621896914,-0.35,5.0,0.05,
4.386717135999788,APPROACH,0.0,0.0,24324.105395007,20.4628061341268,-4.991452991453002,20.465051267893863,-0.35,5.0,0.05,
4.387900698999147,APPROACH,0.0,0.0,24324.116228039,20.4628061341268,-4.991452991453002,20.462653329895396,-0.35,5.0,0.05,
4.389225451999664,APPROACH,0.0,0.0,24324.116228039,20.454566262302585,-5.128205128205138,20.460312053889787,-0.35,5.0,0.05,
4.39038575199811,APPROACH,0.0,0.0,24324.116228039,20.454566262302585,-5.128205128205138,20.457673355894507,-0.35,5.0,0.05,
4.391600964998361,APPROACH,0.0,0.0,24324.116228039,20.443579766536963,-4.991452991453002,20.455384085894615,-0.35,5.0,0.05,
4.3927578939983505,APPROACH,0.0,0.0,24324.116228039,20.443579766536963,-4.991452991453002,20.452924785896606,-0.35,5.0,0.05,
4.39391837400035,APPROACH,0.0,0.0,24324.116228039,20.443579766536963,-4.991452991453002,20.45061124989413,-0.35,5.0,0.05,
4.3952002999976685,APPROACH,0.0,0.0,24324.116228039,20.43167772945754,-3.897435897435912,20.448285515894234,-0.35,5.0,0.05,
4.396365815999161,APPROACH,0.0,0.0,24324.116228039,20.43167772945754,-3.897435897435912,20.44571638789173,-0.35,5.0,0.05,
4.397716946998116,APPROACH,0.0,0.0,24324.116228039,20.42160677500572,-3.6239316239316395,20.443418041891412,-0.35,5.0,0.05,
4.398886308998044,APPROACH,0.0,0.0,24324.127283064,20.42160677500572,-3.6239316239316395,20.440682707894005,-0.35,5.0,0.05,
4.400079218998144,APPROACH,0.0,0.0,24324.127283064,20.42160677500572,-3.6239316239316395,20.438340951893473,-0.35,5.0,0.05,
4.401406951998069,APPROACH,0.0,0.0,24324.127283064,20.406958113984892,-2.940170940170958,20.435955455891666,-0.35,5.0,0.05,
4.402552160998312,APPROACH,0.0,0.0,24324.127283064,20.406958113984892,-2.940170940170958,20.433318651893636,-0.35,5.0,0.05,
4.403825735000282,APPROACH,0.0,0.0,24324.127283064,20.391393911650262,-2.1196581196581405,20.431032795896748,-0.35,5.0,0.05,
4.405005628999788,APPROACH,0.0,0.0,24324.127283064,20.391393911650262,-2.1196581196581405,20.428456047892972,-0.35,5.0,0.05,
4.4061980829974345,APPROACH,0.0,0.0,24324.127283064,20.391393911650262,-2.1196581196581405,20.426095843891083,-0.35,5.0,0.05,
4.407602582999971,APPROACH,0.0,0.0,24324.127283064,20.373998626688028,-1.1623931623931867,20.42369889989029,-0.35,5.0,0.05,
4.408964442998695,APPROACH,0.0,0.0,24324.127283064,20.373998626688028,-1.1623931623931867,20.420834085890668,-0.35,5.0,0.05,
4.41063692500029,APPROACH,0.0,0.0,24324.138786324,20.361181048294803,-0.3418803418803691,20.417882667891966,-0.35,5.0,0.05,
4.411870996998914,APPROACH,0.0,0.0,24324.138786324,20.361181048294803,-0.3418803418803691,20.414760953893413,-0.35,5.0,0.05,
4.413068716999987,APPROACH,0.0,0.0,24324.138786324,20.361181048294803,-0.3418803418803691,20.4123569758897,-0.35,5.0,0.05,
4.41463038999791,APPROACH,0.0,0.0,24324.138786324,20.34470130464637,0.6153846153846416,20.409924663895502,-0.35,5.0,0.05,
4.4158665319992,APPROACH,0.0,0.0,24324.138786324,20.34470130464637,0.6153846153846416,20.406769101894746,-0.35,5.0,0.05,
4.417243092000717,APPROACH,0.0,0.0,24324.138786324,20.337376974135957,0.8888888888889142,20.4043597398934,-0.35,5.0,0.05,
4.418489077997947,APPROACH,0.0,0.0,24324.138786324,20.337376974135957,0.8888888888889142,20.401564729895902,-0.35,5.0,0.05,
4.42047483299757,APPROACH,0.0,0.0,24324.138786324,20.325474937056534,0.7521367521367779,20.399003877895005,-0.35,5.0,0.05,
4.423969674000546,APPROACH,0.0,0.0,24324.149957031,20.319981689173723,0.8888888888889142,20.391322241893498,-0.35,5.0,0.05,
4.42542305799725,APPROACH,0.0,0.0,24324.149957031,20.319981689173723,0.8888888888889142,20.38792128589673,-0.35,5.0,0.05,
4.426765955999144,APPROACH,0.0,0.0,24324.149957031,20.319981689173723,0.8888888888889142,20.385053795894486,-0.35,5.0,0.05,
4.428674073998991,APPROACH,0.0,0.0,24324.149957031,20.31357289997711,1.5726495726495955,20.382389929896156,-0.35,5.0,0.05,
4.430037933998392,APPROACH,0.0,0.0,24324.149957031,20.31357289997711,1.5726495726495955,20.37858768789126,-0.35,5.0,0.05,
4.431652724000742,APPROACH,0.0,0.0,24324.149957031,20.30258640421149,0.6153846153846416,20.375730455890583,-0.35,5.0,0.05,
4.43355498299934,APPROACH,0.0,0.0,24324.160780027,20.30258640421149,0.6153846153846416,20.371593345896393,-0.35,5.0,0.05,
4.434859947999939,APPROACH,0.0,0.0,24324.160780027,20.30258640421149,0.6153846153846416,20.3689152078962,-0.35,5.0,0.05,
4.436502994998591,APPROACH,0.0,0.0,24324.160780027,20.288853284504462,2.256410256410277,20.366097209896246,-0.35,5.0,0.05,
4.4377816269989125,APPROACH,0.0,0.0,24324.160780027,20.288853284504462,2.256410256410277,20.363031667891185,-0.35,5.0,0.05,
4.439253827000357,APPROACH,0.0,0.0,24324.160780027,20.28702220187686,1.7094017094017318,20.360428809895232,-0.35,5.0,0.05,
4.440688154998497,APPROACH,0.0,0.0,24324.160780027,20.28702220187686,1.7094017094017318,20.35734014389279,-0.35,5.0,0.05,
4.442035975000181,APPROACH,0.0,0.0,24324.160780027,20.28702220187686,1.7094017094017318,20.35457390189665,-0.35,5.0,0.05,
4.443592436000472,APPROACH,0.0,0.0,24324.171305756,20.278782330052643,0.8888888888889142,20.351794533891074,-0.35,5.0,0.05,
4.444925429997966,APPROACH,0.0,0.0,24324.171305756,20.278782330052643,0.8888888888889142,20.34881894788966,-0.35,5.0,0.05,
4.4465319470000395,APPROACH,0.0,0.0,24324.171305756,20.275120164797436,1.4358974358974592,20.34597912389406,-0.35,5.0,0.05,
4.447917572000733,APPROACH,0.0,0.0,24324.171305756,20.275120164797436,1.4358974358974592,20.342942817894503,-0.35,5.0,0.05,
4.449313676999736,APPROACH,0.0,0.0,24324.171305756,20.275120164797436,1.4358974358974592,20.33999033589614,-0.35,5.0,0.05,
4.450825378000445,APPROACH,0.0,0.0,24324.171305756,20.269626916914625,0.7521367521367779,20.337328995892015,-0.35,5.0,0.05,
4.4521000149979955,APPROACH,0.0,0.0,24324.171305756,20.269626916914625,0.7521367521367779,20.334362965893227,-0.35,5.0,0.05,
4.454027373998542,APPROACH,0.0,0.0,24324.182256603,20.265049210345616,0.3418803418803691,20.33090449589624,-0.35,5.0,0.05,
4.45540206700025,APPROACH,0.0,0.0,24324.182256603,20.265049210345616,0.3418803418803691,20.327779693893966,-0.35,5.0,0.05,
4.456698734000383,APPROACH,0.0,0.0,24324.182256603,20.265049210345616,0.3418803418803691,20.32526053789595,-0.35,5.0,0.05,
4.4583532249998825,APPROACH,0.0,0.0,24324.182256603,20.255893797207598,0.7521367521367779,20.322388419889897,-0.35,5.0,0.05,
4.459648402000312,APPROACH,0.0,0.0,24324.182256603,20.255893797207598,0.7521367521367779,20.319323673896427,-0.35,5.0,0.05,
4.461105837999639,APPROACH,0.0,0.0,24324.182256603,20.25131609063859,0.6153846153846416,20.31673422989231,-0.35,5.0,0.05,
4.462553209999896,APPROACH,0.0,0.0,24324.182256603,20.25131609063859,0.6153846153846416,20.313572079890285,-0.35,5.0,0.05,
4.463896933000797,APPROACH,0.0,0.0,24324.182256603,20.25131609063859,0.6153846153846416,20.31092087188997,-0.35,5.0,0.05,
4.46555158299816,APPROACH,0.0,0.0,24324.193524348,20.24673838406958,0.20512820512823282,20.308009793895756,-0.35,5.0,0.05,
4.466872352000792,APPROACH,0.0,0.0,24324.193524348,20.24673838406958,0.20512820512823282,20.304926731894078,-0.35,5.0,0.05,
4.468428582000342,APPROACH,0.0,0.0,24324.193524348,20.243991760128175,-0.20512820512823282,20.302079051894246,-0.35,5.0,0.05,
4.469731965000392,APPROACH,0.0,0.0,24324.193524348,20.243991760128175,-0.20512820512823282,20.299179603892547,-0.35,5.0,0.05,
4.471350825999252,APPROACH,0.0,0.0,24324.193524348,20.240329594872968,-0.6153846153846416,20.296512979891553,-0.35,5.0,0.05,
4.472743922997324,APPROACH,0.0,0.0,24324.193524348,20.240329594872968,-0.6153846153846416,20.293298359895992,-0.35,5.0,0.05,
4.474241378997249,APPROACH,0.0,0.0,24324.193524348,20.240329594872968,-0.6153846153846416,20.290414457894506,-0.35,5.0,0.05,
4.476534031000483,APPROACH,0.0,0.0,24324.20458881,20.233005264362554,-0.7521367521367779,20.28630635389097,-0.35,5.0,0.05,
4.478114649999043,APPROACH,0.0,0.0,24324.20458881,20.227512016479743,-0.7521367521367779,20.282768351892877,-0.35,5.0,0.05,
4.479428687998734,APPROACH,0.0,0.0,24324.20458881,20.227512016479743,-0.7521367521367779,20.27974270789243,-0.35,5.0,0.05,
4.480881592997321,APPROACH,0.0,0.0,24324.20458881,20.218356603341725,0.06837606837609655,20.277171699891618,-0.35,5.0,0.05,
4.482112603000132,APPROACH,0.0,0.0,24324.20458881,20.218356603341725,0.06837606837609655,20.274302461891487,-0.35,5.0,0.05,
4.4835735429987835,APPROACH,0.0,0.0,24324.20458881,20.21560997940032,-0.20512820512823282,20.271802373893728,-0.35,5.0,0.05,
4.484858129999338,APPROACH,0.0,0.0,24324.20458881,20.21560997940032,-0.20512820512823282,20.268869697896,-0.35,5.0,0.05,
4.486147843999788,APPROACH,0.0,0.0,24324.20458881,20.21560997940032,-0.20512820512823282,20.266340193892823,-0.35,5.0,0.05,
4.487580683999113,APPROACH,0.0,0.0,24324.215650368,20.211947814145113,-1.0256410256410504,20.263709805892425,-0.35,5.0,0.05,
4.488844023999263,APPROACH,0.0,0.0,24324.215650368,20.211947814145113,-1.0256410256410504,20.26090150789357,-0.35,5.0,0.05,
4.490250066999579,APPROACH,0.0,0.0,24324.215650368,20.209201190203707,-1.0256410256410504,20.25837730988976,-0.35,5.0,0.05,
4.491535302000557,APPROACH,0.0,0.0,24324.215650368,20.209201190203707,-1.0256410256410504,20.255511021890264,-0.35,5.0,0.05,
4.492830782997771,APPROACH,0.0,0.0,24324.215650368,20.209201190203707,-1.0256410256410504,20.25297431389597,-0.35,5.0,0.05,
4.494432881998364,APPROACH,0.0,0.0,24324.215650368,20.2055390249485,-1.4358974358974592,20.25036884589033,-0.35,5.0,0.05,
4.495767216998502,APPROACH,0.0,0.0,24324.215650368,20.2055390249485,-1.4358974358974592,20.247102607894043,-0.35,5.0,0.05,
4.497353172999283,APPROACH,0.0,0.0,24324.215650368,20.20096131837949,-1.846153846153868,20.244462067895505,-0.35,5.0,0.05,
4.498633114999393,APPROACH,0.0,0.0,24324.226486844,20.20096131837949,-1.846153846153868,20.241272103893856,-0.35,5.0,0.05,
4.499903029998677,APPROACH,0.0,0.0,24324.226486844,20.20096131837949,-1.846153846153868,20.238755229890806,-0.35,5.0,0.05,
4.501444474997697,APPROACH,0.0,0.0,24324.226486844,20.196383611810482,-1.846153846153868,20.236266361892625,-0.35,5.0,0.05,
4.502689360000659,APPROACH,0.0,0.0,24324.226486844,20.196383611810482,-1.846153846153868,20.23316240389365,-0.35,5.0,0.05,
4.504104667998035,APPROACH,0.0,0.0,24324.226486844,20.19089036392767,-2.1196581196581405,20.23062805189081,-0.35,5.0,0.05,
4.505343201999494,APPROACH,0.0,0.0,24324.226486844,20.19089036392767,-2.1196581196581405,20.22785363589471,-0.35,5.0,0.05,
4.506617644998187,APPROACH,0.0,0.0,24324.226486844,20.19089036392767,-2.1196581196581405,20.225291497890133,-0.35,5.0,0.05,
4.508178742999007,APPROACH,0.0,0.0,24324.226486844,20.180819409475852,-2.1196581196581405,20.222846835896483,-0.35,5.0,0.05,
4.509424094998394,APPROACH,0.0,0.0,24324.237381094,20.180819409475852,-2.1196581196581405,20.219662349890562,-0.35,5.0,0.05,
4.510691499999666,APPROACH,0.0,0.0,24324.237381094,20.17441062027924,-1.9829059829060043,20.21728432189527,-0.35,5.0,0.05,
4.512036854997859,APPROACH,0.0,0.0,24324.237381094,20.17441062027924,-1.9829059829060043,20.21451587789604,-0.35,5.0,0.05,
4.513399054998445,APPROACH,0.0,0.0,24324.237381094,20.17441062027924,-1.9829059829060043,20.211779823891696,-0.35,5.0,0.05,
4.5148269979981706,APPROACH,0.0,0.0,24324.237381094,20.172579537651636,-1.9829059829060043,20.209269881889917,-0.35,5.0,0.05,
4.516114427999128,APPROACH,0.0,0.0,24324.237381094,20.172579537651636,-1.9829059829060043,20.206328459892823,-0.35,5.0,0.05,
4.51764878999893,APPROACH,0.0,0.0,24324.237381094,20.170748455024032,-2.6666666666666856,20.20364978589466,-0.35,5.0,0.05,
4.518881821997638,APPROACH,0.0,0.0,24324.237381094,20.170748455024032,-2.6666666666666856,20.20075679389381,-0.35,5.0,0.05,
4.520371413000248,APPROACH,0.0,0.0,24324.248688785,20.168001831082627,-3.0769230769230944,20.198144417890283,-0.35,5.0,0.05,
4.521603892997518,APPROACH,0.0,0.0,24324.248688785,20.168001831082627,-3.0769230769230944,20.195302443892864,-0.35,5.0,0.05,
4.522797747998993,APPROACH,0.0,0.0,24324.248688785,20.168001831082627,-3.0769230769230944,20.192869867890543,-0.35,5.0,0.05,
4.524081223000394,APPROACH,0.0,0.0,24324.248688785,20.16525520714122,-3.2136752136752307,20.19054314989014,-0.35,5.0,0.05,
4.525255117998313,APPROACH,0.0,0.0,24324.248688785,20.16525520714122,-3.2136752136752307,20.187940275894356,-0.35,5.0,0.05,
4.526538865000475,APPROACH,0.0,0.0,24324.248688785,20.161593041886015,-3.487179487179503,20.185581967890606,-0.35,5.0,0.05,
4.527780125998106,APPROACH,0.0,0.0,24324.248688785,20.161593041886015,-3.487179487179503,20.18302235989656,-0.35,5.0,0.05,
4.529017181997915,APPROACH,0.0,0.0,24324.248688785,20.161593041886015,-3.487179487179503,20.18050681389402,-0.35,5.0,0.05,
4.530820101997961,APPROACH,0.0,0.0,24324.248688785,20.150606546120393,-3.487179487179503,20.17802596389199,-0.35,5.0,0.05,
4.532710778999899,APPROACH,0.0,0.0,24324.260032123,20.150606546120393,-3.487179487179503,20.173122361892887,-0.35,5.0,0.05,
4.5340744669993,APPROACH,0.0,0.0,24324.260032123,20.14328221560998,-2.940170940170958,20.170603445892333,-0.35,5.0,0.05,
4.535564152000006,APPROACH,0.0,0.0,24324.260032123,20.14328221560998,-2.940170940170958,20.16758810389117,-0.35,5.0,0.05,
4.536955491999834,APPROACH,0.0,0.0,24324.260032123,20.14328221560998,-2.940170940170958,20.16484033589338,-0.35,5.0,0.05,
4.538478578997456,APPROACH,0.0,0.0,24324.260032123,20.13870450904097,-3.350427350427367,20.16188726389489,-0.35,5.0,0.05,
4.5398181069977,APPROACH,0.0,0.0,24324.260032123,20.13870450904097,-3.350427350427367,20.159097031895065,-0.35,5.0,0.05,
4.541465605998383,APPROACH,0.0,0.0,24324.260032123,20.13412680247196,-3.7606837606837757,20.15614692989154,-0.35,5.0,0.05,
4.542754313999467,APPROACH,0.0,0.0,24324.270687977,20.13412680247196,-3.7606837606837757,20.153073843889864,-0.35,5.0,0.05,
4.544048100000509,APPROACH,0.0,0.0,24324.270687977,20.13412680247196,-3.7606837606837757,20.150486101892305,-0.35,5.0,0.05,
4.545522530999733,APPROACH,0.0,0.0,24324.270687977,20.126802471961547,-3.6239316239316395,20.14778018589393,-0.35,5.0,0.05,
4.546780434000539,APPROACH,0.0,0.0,24324.270687977,20.126802471961547,-3.6239316239316395,20.145033203896013,-0.35,5.0,0.05,
4.548169866000535,APPROACH,0.0,0.0,24324.270687977,20.121309224078736,-3.7606837606837757,20.142456047892914,-0.35,5.0,0.05,
4.5496029399982945,APPROACH,0.0,0.0,24324.270687977,20.121309224078736,-3.7606837606837757,20.139508079891378,-0.35,5.0,0.05,
4.551072408998152,APPROACH,0.0,0.0,24324.270687977,20.121309224078736,-3.7606837606837757,20.13659402389137,-0.35,5.0,0.05,
4.553375159997813,APPROACH,0.0,0.0,24324.281560394,20.114900434882124,-3.897435897435912,20.13220940989529,-0.35,5.0,0.05,
4.554900057999475,APPROACH,0.0,0.0,24324.281560394,20.11215381094072,-3.897435897435912,20.12902694789343,-0.35,5.0,0.05,
4.556274766997376,APPROACH,0.0,0.0,24324.281560394,20.11215381094072,-3.897435897435912,20.12603935189079,-0.35,5.0,0.05,
4.5577824159991,APPROACH,0.0,0.0,24324.281560394,20.101167315175097,-3.7606837606837757,20.12336314989195,-0.35,5.0,0.05,
4.559073885000544,APPROACH,0.0,0.0,24324.281560394,20.101167315175097,-3.7606837606837757,20.120424419890035,-0.35,5.0,0.05,
4.560643487999187,APPROACH,0.0,0.0,24324.281560394,20.09750514991989,-3.6239316239316395,20.11772107989352,-0.35,5.0,0.05,
4.561918887000502,APPROACH,0.0,0.0,24324.281560394,20.09750514991989,-3.6239316239316395,20.11475994189211,-0.35,5.0,0.05,
4.563381264997588,APPROACH,0.0,0.0,24324.281560394,20.09750514991989,-3.6239316239316395,20.112023345894407,-0.35,5.0,0.05,
4.5659170059989265,APPROACH,0.0,0.0,24324.292823612,20.094758525978484,-4.1709401709401845,20.107296803894563,-0.35,5.0,0.05,
4.567396636997728,APPROACH,0.0,0.0,24324.292823612,20.093842984664683,-4.307692307692321,20.10407335189054,-0.35,5.0,0.05,
4.5686798239985364,APPROACH,0.0,0.0,24324.292823612,20.093842984664683,-4.307692307692321,20.10123944389604,-0.35,5.0,0.05,
4.570117015999131,APPROACH,0.0,0.0,24324.292823612,20.090180819409476,-4.581196581196593,20.09859975189581,-0.35,5.0,0.05,
4.571374985000148,APPROACH,0.0,0.0,24324.292823612,20.090180819409476,-4.581196581196593,20.095839903894806,-0.35,5.0,0.05,
4.572853793997638,APPROACH,0.0,0.0,24324.292823612,20.08651865415427,-4.991452991453002,20.093297727894672,-0.35,5.0,0.05,
4.5742839880003885,APPROACH,0.0,0.0,24324.292823612,20.08651865415427,-4.991452991453002,20.090052161890775,-0.35,5.0,0.05,
4.575620092000463,APPROACH,0.0,0.0,24324.303624688,20.08651865415427,-4.991452991453002,20.087343691893032,-0.35,5.0,0.05,
4.577014349997626,APPROACH,0.0,0.0,24324.303624688,20.07186999313344,-4.854700854700866,20.084810295892815,-0.35,5.0,0.05,
4.57848047600055,APPROACH,0.0,0.0,24324.303624688,20.07186999313344,-4.854700854700866,20.081848657894874,-0.35,5.0,0.05,
4.579936480997276,APPROACH,0.0,0.0,24324.303624688,20.065461203936827,-4.1709401709401845,20.079073385896912,-0.35,5.0,0.05,
4.581310393998137,APPROACH,0.0,0.0,24324.303624688,20.065461203936827,-4.1709401709401845,20.07594018789066,-0.35,5.0,0.05,
4.582616278999922,APPROACH,0.0,0.0,24324.303624688,20.065461203936827,-4.1709401709401845,20.073418103894504,-0.35,5.0,0.05,
4.584191187997931,APPROACH,0.0,0.0,24324.303624688,20.055390249485008,-4.307692307692321,20.070592547891714,-0.35,5.0,0.05,
4.58615329299937,APPROACH,0.0,0.0,24324.303624688,20.055390249485008,-4.307692307692321,20.067410833894677,-0.35,5.0,0.05,
4.587774643998273,APPROACH,0.0,0.0,24324.31472643,20.04623483634699,-4.1709401709401845,20.06346796989353,-0.35,5.0,0.05,
4.589107417999912,APPROACH,0.0,0.0,24324.31472643,20.043488212405585,-3.7606837606837757,20.06045726789423,-0.35,5.0,0.05,
4.5904914409984485,APPROACH,0.0,0.0,24324.31472643,20.043488212405585,-3.7606837606837757,20.057567509896465,-0.35,5.0,0.05,
4.591870869997365,APPROACH,0.0,0.0,24324.31472643,20.03524834058137,-3.487179487179503,20.05508963189029,-0.35,5.0,0.05,
4.593204636999872,APPROACH,0.0,0.0,24324.31472643,20.03524834058137,-3.487179487179503,20.052142427893408,-0.35,5.0,0.05,
4.594714932998613,APPROACH,0.0,0.0,24324.31472643,20.027008468757153,-3.897435897435912,20.04933900789299,-0.35,5.0,0.05,
4.596076104997337,APPROACH,0.0,0.0,24324.31472643,20.027008468757153,-3.897435897435912,20.046582581891265,-0.35,5.0,0.05,
4.597419983998407,APPROACH,0.0,0.0,24324.325714781,20.027008468757153,-3.897435897435912,20.043782973896008,-0.35,5.0,0.05,
4.598732573998859,APPROACH,0.0,0.0,24324.325714781,20.01968413824674,-3.350427350427367,20.04126210589427,-0.35,5.0,0.05,
4.600098045000777,APPROACH,0.0,0.0,24324.325714781,20.01968413824674,-3.350427350427367,20.03855175789183,-0.35,5.0,0.05,
4.601658868999948,APPROACH,0.0,0.0,24324.325714781,20.018768596932937,-3.6239316239316395,20.035641611896857,-0.35,5.0,0.05,
4.60294559400063,APPROACH,0.0,0.0,24324.325714781,20.018768596932937,-3.6239316239316395,20.032682571895997,-0.35,5.0,0.05,
4.604318552999757,APPROACH,0.0,0.0,24324.325714781,20.018768596932937,-3.6239316239316395,20.02995740989106,-0.35,5.0,0.05,
4.605839264000679,APPROACH,0.0,0.0,24324.325714781,20.01602197299153,-4.444444444444457,20.027329441895994,-0.35,5.0,0.05,
4.607243665999704,APPROACH,0.0,0.0,24324.325714781,20.01602197299153,-4.444444444444457,20.02418053789122,-0.35,5.0,0.05,
4.608830861998285,APPROACH,0.0,0.0,24324.336750418,20.011444266422522,-4.581196581196593,20.02124760389531,-0.35,5.0,0.05,
4.61017637599798,APPROACH,0.0,0.0,24324.336750418,20.011444266422522,-4.581196581196593,20.018197017890337,-0.35,5.0,0.05,
4.611567316998844,APPROACH,0.0,0.0,24324.336750418,20.011444266422522,-4.581196581196593,20.01549068989086,-0.35,5.0,0.05,
4.613099391997821,APPROACH,0.0,0.0,24324.336750418,19.9995422293431,-4.444444444444457,20.0128929038922,-0.35,5.0,0.05,
4.6145856639996055,APPROACH,0.0,0.0,24324.336750418,19.9995422293431,-4.444444444444457,20.009569307892228,-0.35,5.0,0.05,
4.616177177998907,APPROACH,0.0,0.0,24324.336750418,19.993133440146487,-4.307692307692321,20.006625169896573,-0.35,5.0,0.05,
4.61748992199864,APPROACH,0.0,0.0,24324.336750418,19.993133440146487,-4.307692307692321,20.00359230388974,-0.35,5.0,0.05,
4.619604256000457,APPROACH,0.0,0.0,24324.347906144,19.993133440146487,-4.307692307692321,19.999465415895678,-0.35,5.0,0.05,
4.6212746819983295,APPROACH,0.0,0.0,24324.347906144,19.985809109636072,-4.307692307692321,19.996771157894976,-0.35,5.0,0.05,
4.622653416998219,APPROACH,0.0,0.0,24324.347906144,19.985809109636072,-4.307692307692321,19.993365685893217,-0.35,5.0,0.05,
4.62431477499922,APPROACH,0.0,0.0,24324.347906144,19.97940032043946,-4.444444444444457,19.990648937892978,-0.35,5.0,0.05,
4.625697226998454,APPROACH,0.0,0.0,24324.347906144,19.97940032043946,-4.444444444444457,19.987322333895712,-0.35,5.0,0.05,
4.627449616000376,APPROACH,0.0,0.0,24324.347906144,19.975738155184253,-4.444444444444457,19.98455324389331,-0.35,5.0,0.05,
4.628859574000671,APPROACH,0.0,0.0,24324.347906144,19.975738155184253,-4.444444444444457,19.981042059896275,-0.35,5.0,0.05,
4.630698605000362,APPROACH,0.2,0.0,24324.359017972,19.975738155184253,-4.444444444444457,19.977401957891992,-0.35,5.0,0.05,
4.632431933998305,APPROACH,0.2,0.0,24324.359017972,19.96932936598764,-4.854700854700866,19.974518607895583,-0.35,5.0,0.05,
4.633900237997295,APPROACH,0.2,0.0,24324.359017972,19.96932936598764,-4.854700854700866,19.971080741889885,-0.35,5.0,0.05,
4.635664468998584,APPROACH,0.2,0.0,24324.359017972,19.96383611810483,-4.854700854700866,19.96793324389116,-0.35,5.0,0.05,
4.637086015998648,APPROACH,0.2,0.0,24324.359017972,19.96383611810483,-4.854700854700866,19.964595595892455,-0.35,5.0,0.05,
4.638482029997249,APPROACH,0.2,0.0,24324.359017972,19.96383611810483,-4.854700854700866,19.96179894389322,-0.35,5.0,0.05,
4.640414058998431,APPROACH,0.2,0.0,24324.359017972,19.95376516365301,-4.991452991453002,19.959004465891915,-0.35,5.0,0.05,
4.642825312999776,APPROACH,0.2,0.30000000000000004,24324.37002861,19.95376516365301,-4.991452991453002,19.953159539896,-0.35,5.0,0.05,
4.644457565998891,APPROACH,0.2,0.30000000000000004,24324.37002861,19.951018539711605,-5.128205128205138,19.950257349891466,-0.35,5.0,0.05,
4.645854013000644,APPROACH,0.2,0.30000000000000004,24324.37002861,19.951018539711605,-5.128205128205138,19.94705433589231,-0.35,5.0,0.05,
4.647457776998635,APPROACH,0.2,0.30000000000000004,24324.37002861,19.951018539711605,-5.401709401709411,19.94421972989337,-0.35,5.0,0.05,
4.6488444290007465,APPROACH,0.2,0.30000000000000004,24324.37002861,19.951018539711605,-5.401709401709411,19.941070821894094,-0.35,5.0,0.05,
4.65059262199793,APPROACH,0.2,0.30000000000000004,24324.37002861,19.947356374456398,-6.358974358974365,19.938097055893444,-0.35,5.0,0.05,
4.65281500799756,APPROACH,0.4,0.5,24324.381103618,19.947356374456398,-6.358974358974365,19.947356374456398,0,0,0,CONTACT_STOP
4.653053194000677,REOPEN,0.4,0.5,24324.381103618,19.947356374456398,-6.358974358974365,19.893766630866654,0.35,5.0,0.05,
4.654639243999554,REOPEN,0.4,0.5,24324.381103618,19.944609750514992,-6.358974358974365,19.89102000692525,0.35,5.0,0.05,
4.656088747000467,REOPEN,0.4,0.5,24324.381103618,19.94277866788739,-6.495726495726501,19.887821402930122,0.35,5.0,0.05,
4.657508164000319,REOPEN,0.4,0.5,24324.381103618,19.94277866788739,-6.495726495726501,19.887821402930122,0.35,5.0,0.05,
4.658949923999899,REOPEN,0.4,0.5,24324.381103618,19.951018539711605,2.6666666666666856,19.958780022456743,0.35,5.0,0.05,
4.66014391799763,REOPEN,0.4,0.5,24324.381103618,19.951018539711605,2.6666666666666856,19.961626242455644,0.35,5.0,0.05,
4.661442474000069,REOPEN,0.4,0.5,24324.381103618,19.951018539711605,2.6666666666666856,19.964029240460626,0.35,5.0,0.05,
4.663057260000642,REOPEN,0.4,0.5,24324.381103618,19.972991531242847,3.2136752136752307,19.96665284045823,0.35,5.0,0.05,
4.664391280999553,REOPEN,0.6000000000000001,0.5,24324.392653542,19.972991531242847,3.2136752136752307,19.970019104456263,0.35,5.0,0.05,
4.6657797019979625,REOPEN,0.6000000000000001,0.5,24324.392653542,19.96475165941863,6.085470085470092,19.972506244458167,0.35,5.0,0.05,
4.667025979000755,REOPEN,0.6000000000000001,0.5,24324.392653542,19.96475165941863,6.085470085470092,19.975317324455794,0.35,5.0,0.05,
4.668248222998955,REOPEN,0.6000000000000001,0.5,24324.392653542,19.96475165941863,6.085470085470092,19.97781631446062,0.35,5.0,0.05,
4.669662484997389,REOPEN,0.6000000000000001,0.5,24324.392653542,19.965667200732433,9.914529914529908,19.980248208458327,0.35,5.0,0.05,
4.670872108999902,REOPEN,0.6000000000000001,0.5,24324.392653542,19.965667200732433,9.914529914529908,19.98305007245883,0.35,5.0,0.05,
4.672179393997794,REOPEN,0.6000000000000001,0.5,24324.392653542,19.96475165941863,8.0,19.985449256457763,0.35,5.0,0.05,
4.673474557999725,REOPEN,0.6000000000000001,0.5,24324.392653542,19.96475165941863,8.0,19.988070376459767,0.35,5.0,0.05,
4.67467465899972,REOPEN,0.8,0.7000000000000001,24324.403014436,19.96475165941863,8.0,19.990661408456184,0.35,5.0,0.05,
4.676084828999592,REOPEN,0.8,0.7000000000000001,24324.403014436,19.961089494163424,8.547008547008545,19.993062366457274,0.35,5.0,0.05,
4.677345522999531,REOPEN,0.8,0.7000000000000001,24324.403014436,19.961089494163424,8.547008547008545,19.995904628458923,0.35,5.0,0.05,
4.678776135999215,REOPEN,0.8,0.7000000000000001,24324.403014436,19.967498283360037,10.461538461538453,19.998410966460618,0.35,5.0,0.05,
4.680021612999553,REOPEN,0.8,0.7000000000000001,24324.403014436,19.967498283360037,10.461538461538453,20.00130867446071,0.35,5.0,0.05,
4.681538106000517,REOPEN,0.8,0.7000000000000001,24324.403014436,19.967498283360037,10.461538461538453,20.004009760460143,0.35,5.0,0.05,
4.683226766999724,REOPEN,0.8,0.7000000000000001,24324.403014436,19.972075989929046,9.914529914529908,20.00692317045698,0.35,5.0,0.05,
4.684746167997218,REOPEN,0.8,0.7000000000000001,24324.403014436,19.972075989929046,9.914529914529908,20.01043654245816,0.35,5.0,0.05,
4.687452262998704,REOPEN,1.0,1.0,24324.414240177,19.967498283360037,10.461538461538453,20.015225208454034,0.35,5.0,0.05,
4.688843707997876,REOPEN,1.0,1.0,24324.414240177,19.967498283360037,10.461538461538453,20.018742306458556,0.35,5.0,0.05,
4.690456353000627,REOPEN,1.0,1.0,24324.414240177,19.967498283360037,10.461538461538453,20.021764040453967,0.35,5.0,0.05,
4.6921145349988365,REOPEN,1.0,1.0,24324.414240177,19.97482261387045,11.829059829059815,20.024771450460797,0.35,5.0,0.05,
4.693670554999699,REOPEN,1.0,1.0,24324.414240177,19.97482261387045,11.829059829059815,20.028277678453854,0.35,5.0,0.05,
4.695630556998367,REOPEN,1.0,1.0,24324.414240177,19.98031586175326,11.418803418803407,20.031362562457183,0.35,5.0,0.05,
4.697022486998321,REOPEN,1.2000000000000002,0.9,24324.42525569,19.98031586175326,11.418803418803407,20.03515687445408,0.35,5.0,0.05,
4.698557518000598,REOPEN,1.2000000000000002,0.9,24324.42525569,19.98031586175326,11.418803418803407,20.038066548457685,0.35,5.0,0.05,
4.700191841999185,REOPEN,1.2000000000000002,0.9,24324.42525569,19.982146944380865,11.28205128205127,20.04092915645972,0.35,5.0,0.05,
4.701664222997351,REOPEN,1.2000000000000002,0.9,24324.42525569,19.982146944380865,11.28205128205127,20.044408182455776,0.35,5.0,0.05,
4.703434306000418,REOPEN,1.2000000000000002,0.9,24324.42525569,19.988555733577478,12.239316239316224,20.047227312456492,0.35,5.0,0.05,
4.7048776899973745,REOPEN,1.2000000000000002,0.9,24324.42525569,19.988555733577478,12.239316239316224,20.050749618460507,0.35,5.0,0.05,
4.706399397997302,REOPEN,1.2000000000000002,0.9,24324.42525569,19.988555733577478,12.239316239316224,20.05369208845743,0.35,5.0,0.05,
4.708168847999332,REOPEN,1.4000000000000001,1.2000000000000002,24324.436089442,19.9995422293431,11.555555555555543,20.056760216454244,0.35,5.0,0.05,
4.70962222199887,REOPEN,1.4000000000000001,1.2000000000000002,24324.436089442,19.9995422293431,11.555555555555543,20.06021412445491,0.35,5.0,0.05,
4.711296624998795,REOPEN,1.4000000000000001,1.2000000000000002,24324.436089442,20.004119935912108,11.28205128205127,20.063157216458897,0.35,5.0,0.05,
4.71258048099844,REOPEN,1.4000000000000001,1.2000000000000002,24324.436089442,20.004119935912108,11.28205128205127,20.066441854457047,0.35,5.0,0.05,
4.713818451997213,REOPEN,1.4000000000000001,1.2000000000000002,24324.436089442,20.004119935912108,11.28205128205127,20.06894470245836,0.35,5.0,0.05,
4.715556800998456,REOPEN,1.4000000000000001,1.2000000000000002,24324.436089442,20.013275349050126,11.829059829059815,20.071567058456388,0.35,5.0,0.05,
4.716970566998498,REOPEN,1.4000000000000001,1.2000000000000002,24324.436089442,20.013275349050126,11.829059829059815,20.074997926460604,0.35,5.0,0.05,
4.719088752997777,REOPEN,1.5,1.3,24324.447158177,20.02059967956054,11.555555555555543,20.078769802460123,0.35,5.0,0.05,
4.720678563997353,REOPEN,1.5,1.3,24324.447158177,20.023346303501945,11.555555555555543,20.082228532456178,0.35,5.0,0.05,
4.722043472000223,REOPEN,1.5,1.3,24324.447158177,20.023346303501945,11.555555555555543,20.085156728457626,0.35,5.0,0.05,
4.723655288998998,REOPEN,1.5,1.3,24324.447158177,20.038910505836576,11.008547008546998,20.088076438458778,0.35,5.0,0.05,
4.725038484000834,REOPEN,1.5,1.3,24324.447158177,20.038910505836576,11.008547008546998,20.091130810457365,0.35,5.0,0.05,
4.726607971999329,REOPEN,1.5,1.3,24324.447158177,20.04623483634699,10.461538461538453,20.09393423845406,0.35,5.0,0.05,
4.727950879998389,REOPEN,1.5,1.3,24324.447158177,20.04623483634699,10.461538461538453,20.0969772664562,0.35,5.0,0.05,
4.729195867999806,REOPEN,1.6,1.4000000000000001,24324.457712591,20.04623483634699,10.461538461538453,20.099696390456778,0.35,5.0,0.05,
4.730626869000844,REOPEN,1.6,1.4000000000000001,24324.457712591,20.05722133211261,10.598290598290589,20.102111824455754,0.35,5.0,0.05,
4.731876175999787,REOPEN,1.6,1.4000000000000001,24324.457712591,20.05722133211261,10.598290598290589,20.10500707845724,0.35,5.0,0.05,
4.733246820000204,REOPEN,1.6,1.4000000000000001,24324.457712591,20.065461203936827,10.18803418803418,20.10748912045758,0.35,5.0,0.05,
4.734485596000013,REOPEN,1.6,1.4000000000000001,24324.457712591,20.065461203936827,10.18803418803418,20.11020950845934,0.35,5.0,0.05,
4.735691675999988,REOPEN,1.6,1.4000000000000001,24324.457712591,20.065461203936827,10.18803418803418,20.112691578457564,0.35,5.0,0.05,
4.737119006000285,REOPEN,1.6,1.4000000000000001,24324.457712591,20.07736324101625,9.641025641025635,20.115120166456585,0.35,5.0,0.05,
4.738608036997903,REOPEN,1.6,1.4000000000000001,24324.457712591,20.07736324101625,9.641025641025635,20.118003678459466,0.35,5.0,0.05,
4.7404547660007665,REOPEN,1.6,1.4000000000000001,24324.468695514,20.088349736781872,9.641025641025635,20.12168214845817,0.35,5.0,0.05,
4.7418735190003645,REOPEN,1.6,1.4000000000000001,24324.468695514,20.088349736781872,9.641025641025635,20.1248113664574,0.35,5.0,0.05,
4.74334874899796,REOPEN,1.6,1.4000000000000001,24324.468695514,20.088349736781872,9.641025641025635,20.127784504455597,0.35,5.0,0.05,
4.744871791997866,REOPEN,1.6,1.4000000000000001,24324.468695514,20.103913939116502,8.273504273504273,20.130474966458245,0.35,5.0,0.05,
4.7462559009982215,REOPEN,1.6,1.4000000000000001,24324.468695514,20.103913939116502,8.273504273504273,20.133699990454737,0.35,5.0,0.05,
4.7477566540001135,REOPEN,1.6,1.4000000000000001,24324.468695514,20.115815976195925,8.0,20.13643443245612,0.35,5.0,0.05,
4.749098319000041,REOPEN,1.6,1.4000000000000001,24324.468695514,20.115815976195925,8.0,20.13935389045448,0.35,5.0,0.05,
4.750396390998503,REOPEN,1.6,1.4000000000000001,24324.468695514,20.115815976195925,8.0,20.142020152454755,0.35,5.0,0.05,
4.7518242499972985,REOPEN,1.6,1.3,24324.47966672,20.12863355458915,7.589743589743591,20.144519102456364,0.35,5.0,0.05,
4.753043697997782,REOPEN,1.6,1.3,24324.47966672,20.12863355458915,7.589743589743591,20.147390666456452,0.35,5.0,0.05,
4.75441691299784,REOPEN,1.6,1.3,24324.47966672,20.137788967727168,7.316239316239319,20.149804778457586,0.35,5.0,0.05,
4.755603949997749,REOPEN,1.6,1.3,24324.47966672,20.137788967727168,7.316239316239319,20.1525296044588,0.35,5.0,0.05,
4.756811348997871,REOPEN,1.6,1.3,24324.47966672,20.137788967727168,7.316239316239319,20.154924512457477,0.35,5.0,0.05,
4.758280654998089,REOPEN,1.6,1.3,24324.47966672,20.147859922178988,6.632478632478637,20.157346912458273,0.35,5.0,0.05,
4.759547491998092,REOPEN,1.6,1.3,24324.47966672,20.147859922178988,6.632478632478637,20.160367522456475,0.35,5.0,0.05,
4.760915840997768,REOPEN,1.6,1.3,24324.47966672,20.157930876630807,6.632478632478637,20.16280078245702,0.35,5.0,0.05,
4.762709455000731,REOPEN,1.5,1.3,24324.491103734,20.157930876630807,6.632478632478637,20.166535636456068,0.35,5.0,0.05,
4.764308273999632,REOPEN,1.5,1.3,24324.491103734,20.168001831082627,5.81196581196582,20.16924519045508,0.35,5.0,0.05,
4.765580920997309,REOPEN,1.5,1.3,24324.491103734,20.168001831082627,5.81196581196582,20.172385556458288,0.35,5.0,0.05,
4.766809564000141,REOPEN,1.5,1.3,24324.491103734,20.168001831082627,5.81196581196582,20.1749120264599,0.35,5.0,0.05,
4.768210943999293,REOPEN,1.5,1.3,24324.491103734,20.173495078965438,5.948717948717956,20.177350916458202,0.35,5.0,0.05,
4.769502314997226,REOPEN,1.5,1.3,24324.491103734,20.173495078965438,5.948717948717956,20.18016839845452,0.35,5.0,0.05,
4.771075401997223,REOPEN,1.5,1.3,24324.491103734,20.182650492103456,6.2222222222222285,20.182797046460585,0.35,5.0,0.05,
4.772317564998957,REOPEN,1.5,1.3,24324.491103734,20.182650492103456,6.2222222222222285,20.185930984460832,0.35,5.0,0.05,
4.773622492997674,REOPEN,1.3,1.1,24324.50209932,20.182650492103456,6.2222222222222285,20.188531628455642,0.35,5.0,0.05,
4.775227678997908,REOPEN,1.3,1.1,24324.50209932,20.193636987869077,5.401709401709411,20.19102108645395,0.35,5.0,0.05,
4.776486873997783,REOPEN,1.3,1.1,24324.50209932,20.193636987869077,5.401709401709411,20.19423890245755,0.35,5.0,0.05,
4.778259736998734,REOPEN,1.3,1.1,24324.50209932,20.196383611810482,5.264957264957275,20.196882492457483,0.35,5.0,0.05,
4.779820854997524,REOPEN,1.3,1.1,24324.50209932,20.196383611810482,5.264957264957275,20.20056447846084,0.35,5.0,0.05,
4.781392475000757,REOPEN,1.3,1.1,24324.50209932,20.196383611810482,5.264957264957275,20.2036547504563,0.35,5.0,0.05,
4.783684204998281,REOPEN,1.3,1.1,24324.50209932,20.208285648889905,5.948717948717956,20.20663556846059,0.35,5.0,0.05,
4.785741135998251,REOPEN,0.9,1.1,24324.513034047,20.208285648889905,5.948717948717956,20.212534116459686,0.35,5.0,0.05,
4.7875155939982506,REOPEN,0.9,1.1,24324.513034047,20.21652552071412,5.264957264957275,20.215335294461077,0.35,5.0,0.05,
4.789060380000592,REOPEN,0.9,1.1,24324.513034047,20.21652552071412,5.264957264957275,20.219074122457208,0.35,5.0,0.05,
4.790977518998261,REOPEN,0.9,1.1,24324.513034047,20.22659647516594,5.128205128205138,20.222175752455335,0.35,5.0,0.05,
4.792374125998322,REOPEN,0.9,1.1,24324.513034047,20.22659647516594,5.128205128205138,20.22583171446106,0.35,5.0,0.05,
4.794234959997993,REOPEN,0.9,1.1,24324.513034047,20.238498512245364,5.128205128205138,20.228575700459736,0.35,5.0,0.05,
4.795851990998926,REOPEN,0.9,0.8,24324.524095431,20.238498512245364,5.128205128205138,20.232744860457863,0.35,5.0,0.05,
4.797459674999118,REOPEN,0.9,0.8,24324.524095431,20.238498512245364,5.128205128205138,20.235754448457122,0.35,5.0,0.05,
4.79934809399856,REOPEN,0.9,0.8,24324.524095431,20.243991760128175,4.581196581196593,20.23883728446028,0.35,5.0,0.05,
4.800834200999816,REOPEN,0.9,0.8,24324.524095431,20.243991760128175,4.581196581196593,20.242587150455186,0.35,5.0,0.05,
4.802713142998982,REOPEN,0.9,0.8,24324.524095431,20.254062714579995,5.264957264957275,20.245660250455806,0.35,5.0,0.05,
4.804215967000346,REOPEN,0.9,0.8,24324.524095431,20.254062714579995,5.264957264957275,20.249405782461075,0.35,5.0,0.05,
4.805656810000073,REOPEN,0.9,0.8,24324.524095431,20.254062714579995,5.264957264957275,20.252252108456126,0.35,5.0,0.05,
4.807559999997466,REOPEN,0.6000000000000001,0.6000000000000001,24324.535201746,20.268711375600823,3.897435897435912,20.25519803045838,0.35,5.0,0.05,
4.808972565999284,REOPEN,0.6000000000000001,0.6000000000000001,24324.535201746,20.268711375600823,3.897435897435912,20.25903723645981,0.35,5.0,0.05,
4.8107788050001545,REOPEN,0.6000000000000001,0.6000000000000001,24324.535201746,20.275120164797436,4.307692307692321,20.261915022458673,0.35,5.0,0.05,
4.812350020998565,REOPEN,0.6000000000000001,0.6000000000000001,24324.535201746,20.275120164797436,4.307692307692321,20.265614270460468,0.35,5.0,0.05,
4.813853323998046,REOPEN,0.6000000000000001,0.6000000000000001,24324.535201746,20.275120164797436,4.307692307692321,20.26862776245482,0.35,5.0,0.05,
4.815698029000487,REOPEN,0.6000000000000001,0.6000000000000001,24324.535201746,20.291599908445868,3.7606837606837757,20.271587636455045,0.35,5.0,0.05,
4.817898121000326,REOPEN,0.4,0.4,24324.546210006,20.291599908445868,3.7606837606837757,20.276826140458546,0.35,5.0,0.05,
4.8197423050005455,REOPEN,0.4,0.4,24324.546210006,20.301670862897687,3.2136752136752307,20.279786012457883,0.35,5.0,0.05,
4.821319905000564,REOPEN,0.4,0.4,24324.546210006,20.301670862897687,3.2136752136752307,20.283442508460688,0.35,5.0,0.05,
4.823233036000602,REOPEN,0.4,0.4,24324.546210006,20.315403982604714,2.803418803418822,20.286611618454593,0.35,5.0,0.05,
4.824756185000297,REOPEN,0.4,0.4,24324.546210006,20.315403982604714,2.803418803418822,20.29045469845962,0.35,5.0,0.05,
4.826596111997787,REOPEN,0.4,0.4,24324.546210006,20.320897230487525,2.5299145299145493,20.293465460456467,0.35,5.0,0.05,
4.8289021929995215,REOPEN,0.30000000000000004,0.2,24324.557204664,20.320897230487525,2.5299145299145493,20.29882884645715,0.35,5.0,0.05,
4.8308591109998815,REOPEN,0.30000000000000004,0.2,24324.557204664,20.332799267566948,2.803418803418822,20.301924284455275,0.35,5.0,0.05,
4.832566532000783,REOPEN,0.30000000000000004,0.2,24324.557204664,20.332799267566948,2.803418803418822,20.305873560459553,0.35,5.0,0.05,
4.834257684997283,REOPEN,0.30000000000000004,0.2,24324.557204664,20.34470130464637,1.7094017094017318,20.309009314458784,0.35,5.0,0.05,
4.835535024998535,REOPEN,0.30000000000000004,0.2,24324.557204664,20.34470130464637,1.7094017094017318,20.312235708459887,0.35,5.0,0.05,
4.837063127997681,REOPEN,0.30000000000000004,0.2,24324.557204664,20.35385671778439,1.846153846153868,20.314826478456347,0.35,5.0,0.05,
4.838484875999711,REOPEN,0.30000000000000004,0.2,24324.557204664,20.35385671778439,1.846153846153868,20.317923770455785,0.35,5.0,0.05,
4.8398187439997855,REOPEN,0.30000000000000004,0.1,24324.568188001,20.35385671778439,1.846153846153868,20.320743978455106,0.35,5.0,0.05,
4.84155286999885,REOPEN,0.30000000000000004,0.1,24324.568188001,20.368505378805217,1.7094017094017318,20.323409556457158,0.35,5.0,0.05,
4.842903745997319,REOPEN,0.30000000000000004,0.1,24324.568188001,20.368505378805217,1.7094017094017318,20.32688129246028,0.35,5.0,0.05,
4.844537136999861,REOPEN,0.30000000000000004,0.1,24324.568188001,20.378576333257037,0.8888888888889142,20.329669076456888,0.35,5.0,0.05,
4.845800937000604,REOPEN,0.30000000000000004,0.1,24324.568188001,20.378576333257037,0.8888888888889142,20.332871292458115,0.35,5.0,0.05,
4.8470404549989325,REOPEN,0.30000000000000004,0.1,24324.568188001,20.378576333257037,0.8888888888889142,20.335342474458706,0.35,5.0,0.05,
4.8486144870003045,REOPEN,0.30000000000000004,0.1,24324.568188001,20.387731746395055,0.8888888888889142,20.337820948460397,0.35,5.0,0.05,
4.850630814999022,REOPEN,0.1,0.0,24324.579028987,20.387731746395055,0.8888888888889142,20.342420654460987,0.35,5.0,0.05,
4.852274635999493,REOPEN,0.1,0.0,24324.579028987,20.39047837033646,0.8888888888889142,20.345044738455293,0.35,5.0,0.05,
4.853679765998095,REOPEN,0.1,0.0,24324.579028987,20.39047837033646,0.8888888888889142,20.34843295845578,0.35,5.0,0.05,
4.855347777000134,REOPEN,0.1,0.0,24324.579028987,20.39505607690547,1.299145299145323,20.35122684645696,0.35,5.0,0.05,
4.856593608998082,REOPEN,0.1,0.0,24324.579028987,20.39505607690547,1.299145299145323,20.35444879046056,0.35,5.0,0.05,
4.858008762999816,REOPEN,0.1,0.0,24324.579028987,20.40146486610208,1.4358974358974592,20.356931422461024,0.35,5.0,0.05,
4.8595014799975615,REOPEN,0.1,0.0,24324.579028987,20.40146486610208,1.4358974358974592,20.35990094446108,0.35,5.0,0.05,
4.861774618999334,REOPEN,0.1,0.0,24324.579028987,20.40146486610208,1.4358974358974592,20.362902476454586,0.35,5.0,0.05,
4.863821585000551,REOPEN,0.0,0.0,24324.590265619,20.413366903181505,1.1623931623931867,20.36747348045403,0.35,5.0,0.05,
4.865227327998582,REOPEN,0.0,0.0,24324.590265619,20.413366903181505,1.1623931623931867,20.371523678457855,0.35,5.0,0.05,
4.866658016999281,REOPEN,0.0,0.0,24324.590265619,20.413366903181505,1.1623931623931867,20.37439476645752,0.35,5.0,0.05,
4.868364385998575,REOPEN,0.0,0.0,24324.590265619,20.42160677500572,1.299145299145323,20.377143810454548,0.35,5.0,0.05,
4.869752278998931,REOPEN,0.0,0.0,24324.590265619,20.42160677500572,1.299145299145323,20.38057022646037,0.35,5.0,0.05,
4.872580360999564,REOPEN,0.0,0.0,24324.590265619,20.428931105516135,1.4358974358974592,20.38334118845753,0.35,5.0,0.05,
4.873993461998907,REOPEN,0.0,0.0,24324.601062765,20.428931105516135,1.4358974358974592,20.389028868458375,0.35,5.0,0.05,
4.875794481999037,REOPEN,0.0,0.0,24324.601062765,20.43717097734035,1.0256410256410504,20.391999218455133,0.35,5.0,0.05,
4.877125912000338,REOPEN,0.0,0.0,24324.601062765,20.43717097734035,1.0256410256410504,20.395435100459984,0.35,5.0,0.05,
4.878853824000544,REOPEN,0.0,0.0,24324.601062765,20.45181963836118,0.47863247863250535,20.39804574445818,0.35,5.0,0.05,
4.880218301997957,REOPEN,0.0,0.0,24324.601062765,20.45181963836118,0.47863247863250535,20.401587186456275,0.35,5.0,0.05,
4.881832643997768,REOPEN,0.0,0.0,24324.601062765,20.464637216754404,0.3418803418803691,20.404216810459296,0.35,5.0,0.05,
4.8837889620008355,REOPEN,0.0,0.0,24324.61213622,20.464637216754404,0.3418803418803691,20.408620600459948,0.35,5.0,0.05,
4.885116049998032,REOPEN,0.0,0.0,24324.61213622,20.464637216754404,0.3418803418803691,20.411422038460408,0.35,5.0,0.05,
4.887064593000105,REOPEN,0.0,0.0,24324.61213622,20.485694666971845,-1.0256410256410504,20.414145994460817,0.35,5.0,0.05,
4.888564394997957,REOPEN,0.0,0.0,24324.61213622,20.485694666971845,-1.0256410256410504,20.418106880456,0.35,5.0,0.05,
4.890284642999177,REOPEN,0.0,0.0,24324.61213622,20.495765621423665,-1.4358974358974592,20.42099755245956,0.35,5.0,0.05,
4.891677468000125,REOPEN,0.0,0.0,24324.61213622,20.495765621423665,-1.4358974358974592,20.424487216458623,0.35,5.0,0.05,
4.892955128998437,REOPEN,0.0,0.0,24324.61213622,20.495765621423665,-1.4358974358974592,20.427133288455046,0.35,5.0,0.05,
4.89513342599821,REOPEN,0.0,0.0,24324.623159353,20.504921034561683,-1.5726495726495955,20.43065428646016,0.35,5.0,0.05,
4.896617741000227,REOPEN,0.0,0.0,24324.623159353,20.505836575875485,-1.5726495726495955,20.43407763645748,0.35,5.0,0.05,
4.897930740000447,REOPEN,0.0,0.0,24324.623159353,20.505836575875485,-1.5726495726495955,20.437015390455166,0.35,5.0,0.05,
4.899644834000355,REOPEN,0.0,0.0,24324.623159353,20.507667658503088,-0.8888888888889142,20.439680834455906,0.35,5.0,0.05,
4.9010184580001805,REOPEN,0.0,0.0,24324.623159353,20.507667658503088,-0.8888888888889142,20.44313816845763,0.35,5.0,0.05,
4.902651849999529,REOPEN,0.0,0.0,24324.623159353,20.50949874113069,-0.3418803418803691,20.445845772456344,0.35,5.0,0.05,
4.903991634000704,REOPEN,0.0,0.0,24324.623159353,20.50949874113069,-0.3418803418803691,20.449147986454157,0.35,5.0,0.05,
4.905908349999663,REOPEN,0.0,0.0,24324.634330437,20.50949874113069,-0.3418803418803691,20.45300070845635,0.35,5.0,0.05,
4.907556024998485,REOPEN,0.0,0.0,24324.634330437,20.515907530327304,-0.06837606837609655,20.45558776245391,0.35,5.0,0.05,
4.90884712299885,REOPEN,0.0,0.0,24324.634330437,20.515907530327304,-0.06837606837609655,20.458889638454387,0.35,5.0,0.05,
4.910417680999672,REOPEN,0.0,0.0,24324.634330437,20.520485236896313,0.06837606837609655,20.461501910455375,0.35,5.0,0.05,
4.91172313000061,REOPEN,0.0,0.0,24324.634330437,20.520485236896313,0.06837606837609655,20.464614014456423,0.35,5.0,0.05,
4.913030163999792,REOPEN,0.0,0.0,24324.634330437,20.520485236896313,0.06837606837609655,20.467260988460588,0.35,5.0,0.05,
4.914668826997513,REOPEN,0.0,0.0,24324.634330437,20.525978484779124,0.6153846153846416,20.469813382459073,0.35,5.0,0.05,
4.916674960997625,REOPEN,0.0,0.0,24324.634330437,20.525978484779124,0.6153846153846416,20.47324234645432,0.35,5.0,0.05,
4.918324963997293,REOPEN,0.0,0.0,24324.645177783,20.527809567406727,0.7521367521367779,20.47718390845923,0.35,5.0,0.05,
4.919783760997234,REOPEN,0.0,0.0,24324.645177783,20.527809567406727,0.8888888888889142,20.48045980646068,0.35,5.0,0.05,
4.921062366000115,REOPEN,0.0,0.0,24324.645177783,20.527809567406727,0.8888888888889142,20.483371008459038,0.35,5.0,0.05,
4.9225981700001284,REOPEN,0.0,0.0,24324.645177783,20.52872510872053,1.4358974358974592,20.485897264460185,0.35,5.0,0.05,
4.923905912997725,REOPEN,0.0,0.0,24324.645177783,20.52872510872053,1.4358974358974592,20.488996186456028,0.35,5.0,0.05,
4.925636680000025,REOPEN,0.0,0.0,24324.645177783,20.530556191348133,1.9829059829060043,20.491604294455577,0.35,5.0,0.05,
4.927572708998923,REOPEN,0.0,0.0,24324.655957636,20.530556191348133,1.9829059829060043,20.49626776446032,0.35,5.0,0.05,
4.92890183399868,REOPEN,0.0,0.0,24324.655957636,20.530556191348133,1.9829059829060043,20.498954842458737,0.35,5.0,0.05,
4.930624413998885,REOPEN,0.0,0.0,24324.655957636,20.53513389791714,2.393162393162413,20.501590806454736,0.35,5.0,0.05,
4.931924841999717,REOPEN,0.0,0.0,24324.655957636,20.53513389791714,2.393162393162413,20.505040162456247,0.35,5.0,0.05,
4.933490175997576,REOPEN,0.0,0.0,24324.655957636,20.53879606317235,2.6666666666666856,20.50762216245723,0.35,5.0,0.05,
4.934794991000672,REOPEN,0.0,0.0,24324.655957636,20.53879606317235,2.6666666666666856,20.510770896459256,0.35,5.0,0.05,
4.936072245000105,REOPEN,0.0,0.0,24324.655957636,20.53879606317235,2.6666666666666856,20.513347560454825,0.35,5.0,0.05,
4.938500971999019,REOPEN,0.0,0.0,24324.655957636,20.547951476310367,2.803418803418822,20.515951980460635,0.35,5.0,0.05,
4.939922413999739,REOPEN,0.0,0.0,24324.667016551,20.547951476310367,2.803418803418822,20.520900850455767,0.35,5.0,0.05,
4.941889570000058,REOPEN,0.0,0.0,24324.667016551,20.556191348134583,2.5299145299145493,20.523863160453878,0.35,5.0,0.05,
4.943318184999953,REOPEN,0.0,0.0,24324.667016551,20.556191348134583,2.5299145299145493,20.52767383845869,0.35,5.0,0.05,
4.945040632999735,REOPEN,0.0,0.0,24324.667016551,20.567177843900204,2.1196581196581405,20.530501318457503,0.35,5.0,0.05,
4.946575373000087,REOPEN,0.0,0.0,24324.667016551,20.567177843900204,2.1196581196581405,20.533934694455205,0.35,5.0,0.05,
4.9483552029996645,REOPEN,0.0,0.0,24324.667016551,20.57450217441062,2.256410256410277,20.53702233446031,0.35,5.0,0.05,
4.949854456997855,REOPEN,0.0,0.0,24324.677946746,20.57450217441062,2.256410256410277,20.54066220845791,0.35,5.0,0.05,
4.951349687999027,REOPEN,0.0,0.0,24324.677946746,20.57450217441062,2.256410256410277,20.543770646460437,0.35,5.0,0.05,
4.952979227000469,REOPEN,0.0,0.0,24324.677946746,20.58091096360723,2.1196581196581405,20.54652723045958,0.35,5.0,0.05,
4.9543815510005516,REOPEN,0.0,0.0,24324.677946746,20.58091096360723,2.1196581196581405,20.549814372456716,0.35,5.0,0.05,
4.955839013000514,REOPEN,0.0,0.0,24324.677946746,20.587319752803843,2.393162393162413,20.55253452245463,0.35,5.0,0.05,
4.9573034690001805,REOPEN,0.0,0.0,24324.677946746,20.587319752803843,2.393162393162413,20.555651696459357,0.35,5.0,0.05,
4.958667579998291,REOPEN,0.0,0.0,24324.677946746,20.587319752803843,2.393162393162413,20.558465854456266,0.35,5.0,0.05,
4.960694515000796,REOPEN,0.0,0.0,24324.688817722,20.60105287251087,2.256410256410277,20.56195347845871,0.35,5.0,0.05,
4.9619600609985355,REOPEN,0.0,0.0,24324.688817722,20.60105287251087,2.256410256410277,20.565179576459307,0.35,5.0,0.05,
4.963377331998345,REOPEN,0.0,0.0,24324.688817722,20.608377203021284,1.7094017094017318,20.5676948164569,0.35,5.0,0.05,
4.964610205999634,REOPEN,0.0,0.0,24324.688817722,20.608377203021284,1.7094017094017318,20.57050105645842,0.35,5.0,0.05,
4.9658013970001775,REOPEN,0.0,0.0,24324.688817722,20.608377203021284,1.7094017094017318,20.57290386846082,0.35,5.0,0.05,
4.967128431999299,REOPEN,0.0,0.0,24324.688817722,20.614785992217897,1.9829059829060043,20.57530861445641,0.35,5.0,0.05,
4.96831289200054,REOPEN,0.0,0.0,24324.688817722,20.614785992217897,1.9829059829060043,20.57795987045622,0.35,5.0,0.05,
4.9696156549980515,REOPEN,0.0,0.0,24324.688817722,20.62119478141451,2.256410256410277,20.58035229445752,0.35,5.0,0.05,
4.971276935997594,REOPEN,0.0,0.0,24324.688817722,20.62119478141451,2.256410256410277,20.5829585584602,0.35,5.0,0.05,
4.972468227999343,REOPEN,0.0,0.0,24324.699868467,20.62119478141451,2.256410256410277,20.586234032455216,0.35,5.0,0.05,
4.973864133997267,REOPEN,0.0,0.0,24324.699868467,20.629434653238725,1.846153846153868,20.588622068457447,0.35,5.0,0.05,
4.975111323998135,REOPEN,0.0,0.0,24324.699868467,20.629434653238725,1.846153846153868,20.591473770453852,0.35,5.0,0.05,
4.976430512997467,REOPEN,0.0,0.0,24324.699868467,20.634012359807734,1.7094017094017318,20.593923052455033,0.35,5.0,0.05,
4.977616997999576,REOPEN,0.0,0.0,24324.699868467,20.634012359807734,1.7094017094017318,20.596566150454713,0.35,5.0,0.05,
4.978795581999293,REOPEN,0.0,0.0,24324.699868467,20.634012359807734,1.7094017094017318,20.598930480455714,0.35,5.0,0.05,
4.980075390998536,REOPEN,0.0,0.0,24324.699868467,20.639505607690545,2.393162393162413,20.601254718460517,0.35,5.0,0.05,
4.98126205600056,REOPEN,0.0,0.0,24324.699868467,20.639505607690545,2.393162393162413,20.603860872457993,0.35,5.0,0.05,
4.982602861997293,REOPEN,0.0,0.0,24324.710865465,20.640421149004347,2.5299145299145493,20.606291654456548,0.35,5.0,0.05,
4.983826693998708,REOPEN,0.0,0.0,24324.710865465,20.640421149004347,2.5299145299145493,20.60893782446012,0.35,5.0,0.05,
4.985159939998994,REOPEN,0.0,0.0,24324.710865465,20.639505607690545,2.940170940170958,20.61135817845436,0.35,5.0,0.05,
4.986348283000552,REOPEN,0.0,0.0,24324.710865465,20.639505607690545,2.940170940170958,20.614022152457004,0.35,5.0,0.05,
4.987505957000394,REOPEN,0.0,0.0,24324.710865465,20.639505607690545,2.940170940170958,20.61637171045961,0.35,5.0,0.05,
4.98881989399888,REOPEN,0.0,0.0,24324.710865465,20.640421149004347,3.350427350427367,20.618695538456926,0.35,5.0,0.05,
4.990022043999488,REOPEN,0.0,0.0,24324.710865465,20.640421149004347,3.350427350427367,20.62135621045538,0.35,5.0,0.05,
4.991329738000786,REOPEN,0.0,0.0,24324.710865465,20.643167772945752,4.034188034188048,20.623728972454522,0.35,5.0,0.05,
4.992515099998855,REOPEN,0.0,0.0,24324.710865465,20.643167772945752,4.034188034188048,20.62636281246025,0.35,5.0,0.05,
4.9937289230001625,REOPEN,0.0,0.0,24324.721811855,20.643167772945752,4.034188034188048,20.628777802458465,0.35,5.0,0.05,
4.995111044998339,REOPEN,0.0,0.0,24324.721811855,20.644998855573355,4.307692307692321,20.631156800455322,0.35,5.0,0.05,
4.996331955997448,REOPEN,0.0,0.0,24324.721811855,20.644998855573355,4.307692307692321,20.63394427845426,0.35,5.0,0.05,
4.997612593000667,REOPEN,0.0,0.0,24324.721811855,20.64682993820096,4.581196581196593,20.63635233445759,0.35,5.0,0.05,
4.998764885000128,REOPEN,0.0,0.0,24324.721811855,20.64682993820096,4.581196581196593,20.638899090454764,0.35,5.0,0.05,
4.999913756000751,REOPEN,0.0,0.0,24324.721811855,20.64682993820096,4.581196581196593,20.641202190456646,0.35,5.0,0.05,
5.00123302999782,REOPEN,0.0,0.0,24324.721811855,20.651407644769968,4.991452991453002,20.64352464245396,0.35,5.0,0.05,
5.002435115999106,REOPEN,0.0,0.0,24324.721811855,20.651407644769968,4.991452991453002,20.646170938455292,0.35,5.0,0.05,
5.003708434000146,REOPEN,0.0,0.0,24324.721811855,20.654154268711373,5.128205128205138,20.64853959245604,0.35,5.0,0.05,
5.004930327999318,REOPEN,0.0,0.0,24324.732775617,20.654154268711373,5.128205128205138,20.6511701484583,0.35,5.0,0.05,
5.006078668000555,REOPEN,0.0,0.0,24324.732775617,20.654154268711373,5.128205128205138,20.653526180455195,0.35,5.0,0.05,
5.007435445997544,REOPEN,0.0,0.0,24324.732775617,20.66239414053559,5.128205128205138,20.6558628064545,0.35,5.0,0.05,
5.008587457999965,REOPEN,0.0,0.0,24324.732775617,20.66239414053559,5.128205128205138,20.65854296245609,0.35,5.0,0.05,
5.0098783199973695,REOPEN,0.0,0.0,24324.732775617,20.670634012359805,4.991452991453002,20.660873984454632,0.35,5.0,0.05,
5.011068592997617,REOPEN,0.0,0.0,24324.732775617,20.670634012359805,4.991452991453002,20.66343889845532,0.35,5.0,0.05,
5.01246441100011,REOPEN,0.0,0.0,24324.732775617,20.670634012359805,4.991452991453002,20.666091846457242,0.35,5.0,0.05,
5.013958665000246,REOPEN,0.0,0.0,24324.732775617,20.681620508125427,4.444444444444457,20.66870982446064,0.35,5.0,0.05,
5.015394145000755,REOPEN,0.0,0.0,24324.743790095,20.681620508125427,4.444444444444457,20.67192926245709,0.35,5.0,0.05,
5.016868627000804,REOPEN,0.0,0.0,24324.743790095,20.689860379949643,4.1709401709401845,20.67456202445694,0.35,5.0,0.05,
5.01812424200034,REOPEN,0.0,0.0,24324.743790095,20.689860379949643,4.1709401709401845,20.677506654460124,0.35,5.0,0.05,
5.019389692999539,REOPEN,0.0,0.0,24324.743790095,20.689860379949643,4.1709401709401845,20.67997674645678,0.35,5.0,0.05,
5.020872066997981,REOPEN,0.0,0.0,24324.743790095,20.705424582284273,3.6239316239316395,20.682538828458313,0.35,5.0,0.05,
5.022159889998875,REOPEN,0.0,0.0,24324.743790095,20.705424582284273,3.6239316239316395,20.685579650455587,0.35,5.0,0.05,
5.023595716000273,REOPEN,0.0,0.0,24324.743790095,20.717326619363696,3.0769230769230944,20.68809679445487,0.35,5.0,0.05,
5.024889763997635,REOPEN,0.0,0.0,24324.743790095,20.717326619363696,3.0769230769230944,20.690954244457792,0.35,5.0,0.05,
5.0265468420002435,REOPEN,0.0,0.0,24324.754803718,20.73380636301213,2.256410256410277,20.69395357845726,0.35,5.0,0.05,
5.027800167998066,REOPEN,0.0,0.0,24324.754803718,20.73380636301213,2.256410256410277,20.696841010455067,0.35,5.0,0.05,
5.029256216999784,REOPEN,0.0,0.0,24324.754803718,20.73380636301213,2.256410256410277,20.699614786457936,0.35,5.0,0.05,
5.030821500000457,REOPEN,0.0,0.0,24324.754803718,20.746623941405353,1.4358974358974592,20.702452800457216,0.35,5.0,0.05,
5.032085121998534,REOPEN,0.0,0.0,24324.754803718,20.746623941405353,1.4358974358974592,20.705407726457018,0.35,5.0,0.05,
5.033633651997661,REOPEN,0.0,0.0,24324.754803718,20.759441519798578,0.8888888888889142,20.708130722460304,0.35,5.0,0.05,
5.0349490939988755,REOPEN,0.0,0.0,24324.754803718,20.759441519798578,0.8888888888889142,20.71101135645815,0.35,5.0,0.05,
5.036418887000764,REOPEN,0.0,0.0,24324.754803718,20.759441519798578,0.8888888888889142,20.713886564454263,0.35,5.0,0.05,
5.037890939998761,REOPEN,0.0,0.0,24324.76582433,20.772259098191803,0.3418803418803691,20.71662140845958,0.35,5.0,0.05,
5.039294332000281,REOPEN,0.0,0.0,24324.76582433,20.772259098191803,0.3418803418803691,20.719732092455637,0.35,5.0,0.05,
5.0408575069996004,REOPEN,0.0,0.0,24324.76582433,20.778667887388416,0.06837606837609655,20.722394056460438,0.35,5.0,0.05,
5.042371551000542,REOPEN,0.0,0.0,24324.76582433,20.778667887388416,0.06837606837609655,20.725771578460375,0.35,5.0,0.05,
5.043660375999025,REOPEN,0.0,0.0,24324.76582433,20.778667887388416,0.06837606837609655,20.72850579845774,0.35,5.0,0.05,
5.045163823000621,REOPEN,0.0,0.0,24324.76582433,20.793316548409244,0.20512820512823282,20.7311324344578,0.35,5.0,0.05,
5.046570530997997,REOPEN,0.0,0.0,24324.76582433,20.793316548409244,0.20512820512823282,20.73436629845903,0.35,5.0,0.05,
5.047953503999452,REOPEN,0.0,0.0,24324.76582433,20.797894254978253,-0.20512820512823282,20.73686977445552,0.35,5.0,0.05,
5.049204175000341,REOPEN,0.0,0.0,24324.777391831,20.797894254978253,-0.20512820512823282,20.73974054845396,0.35,5.0,0.05,
5.050389120999171,REOPEN,0.0,0.0,24324.777391831,20.797894254978253,-0.20512820512823282,20.742113950460883,0.35,5.0,0.05,
5.05174923499726,REOPEN,0.0,0.0,24324.777391831,20.805218585488667,-0.06837606837609655,20.74445602645803,0.35,5.0,0.05,
5.052943205999327,REOPEN,0.0,0.0,24324.777391831,20.805218585488667,-0.06837606837609655,20.747214694458783,0.35,5.0,0.05,
5.05422686699967,REOPEN,0.0,0.0,24324.777391831,20.813458457312883,0.06837606837609655,20.749595054456698,0.35,5.0,0.05,
5.055433178000385,REOPEN,0.0,0.0,24324.777391831,20.813458457312883,0.06837606837609655,20.752163786457935,0.35,5.0,0.05,
5.056582844998047,REOPEN,0.0,0.0,24324.777391831,20.813458457312883,0.06837606837609655,20.75454084045716,0.35,5.0,0.05,
5.0578805199984345,REOPEN,0.0,0.0,24324.777391831,20.823529411764703,-0.6153846153846416,20.756830652457687,0.35,5.0,0.05,
5.05910965899966,REOPEN,0.0,0.0,24324.777391831,20.823529411764703,-0.6153846153846416,20.759545452458518,0.35,5.0,0.05,
5.061223474000144,REOPEN,0.0,0.0,24324.788458061,20.830853742275117,-0.7521367521367779,20.7634107684594,0.35,5.0,0.05,
5.062539305999962,REOPEN,0.0,0.0,24324.788458061,20.833600366216523,-0.7521367521367779,20.766153610459263,0.35,5.0,0.05,
5.063755240000319,REOPEN,0.0,0.0,24324.788458061,20.833600366216523,-0.7521367521367779,20.768809144460214,0.35,5.0,0.05,
5.06519415799994,REOPEN,0.0,0.0,24324.788458061,20.840009155413135,-0.8888888888889142,20.771212426460373,0.35,5.0,0.05,
5.066593742998521,REOPEN,0.0,0.0,24324.788458061,20.840009155413135,-0.8888888888889142,20.774413230460162,0.35,5.0,0.05,
5.068020961000002,REOPEN,0.0,0.0,24324.788458061,20.843671320668342,-0.8888888888889142,20.7769750184548,0.35,5.0,0.05,
5.069502839000052,REOPEN,0.0,0.0,24324.788458061,20.843671320668342,-0.8888888888889142,20.780022076457065,0.35,5.0,0.05,
5.070938393997494,REOPEN,0.0,0.0,24324.799338423,20.843671320668342,-0.8888888888889142,20.782999048455643,0.35,5.0,0.05,
5.072387951997371,REOPEN,0.0,0.0,24324.799338423,20.851911192492558,-0.3418803418803691,20.785646150458454,0.35,5.0,0.05,
5.073592409997218,REOPEN,0.0,0.0,24324.799338423,20.851911192492558,-0.3418803418803691,20.788474190458622,0.35,5.0,0.05,
5.0749464670007,REOPEN,0.0,0.0,24324.799338423,20.860151064316774,-0.47863247863250535,20.790887304460306,0.35,5.0,0.05,
5.076136289997521,REOPEN,0.0,0.0,24324.799338423,20.860151064316774,-0.47863247863250535,20.793591462456355,0.35,5.0,0.05,
5.077336890997685,REOPEN,0.0,0.0,24324.799338423,20.860151064316774,-0.47863247863250535,20.795989038454103,0.35,5.0,0.05,
5.078715379000641,REOPEN,0.0,0.0,24324.799338423,20.866559853513387,-0.8888888888889142,20.798357662456077,0.35,5.0,0.05,
5.079972307998105,REOPEN,0.0,0.0,24324.799338423,20.866559853513387,-0.8888888888889142,20.80120259845946,0.35,5.0,0.05,
5.0819053429986525,REOPEN,0.0,0.0,24324.810180498,20.870222018768594,-0.7521367521367779,20.80467009445649,0.35,5.0,0.05,
5.083154575000663,REOPEN,0.0,0.0,24324.810180498,20.870222018768594,-0.7521367521367779,20.807629346456928,0.35,5.0,0.05,
5.084377744999074,REOPEN,0.0,0.0,24324.810180498,20.870222018768594,-0.7521367521367779,20.8100348944595,0.35,5.0,0.05,
5.085838054998021,REOPEN,0.0,0.0,24324.810180498,20.876630807965206,-0.06837606837609655,20.81245175045708,0.35,5.0,0.05,
5.087044545998651,REOPEN,0.0,0.0,24324.810180498,20.876630807965206,-0.06837606837609655,20.815431714460395,0.35,5.0,0.05,
5.0883560859983845,REOPEN,0.0,0.0,24324.810180498,20.882124055848017,-0.20512820512823282,20.817770740456147,0.35,5.0,0.05,
5.089523021997593,REOPEN,0.0,0.0,24324.810180498,20.882124055848017,-0.20512820512823282,20.820411542454643,0.35,5.0,0.05,
5.090669534998597,REOPEN,0.0,0.0,24324.810180498,20.882124055848017,-0.20512820512823282,20.82271623245699,0.35,5.0,0.05,
5.092135000999406,REOPEN,0.0,0.0,24324.810180498,20.88853284504463,-0.3418803418803691,20.825056862459427,0.35,5.0,0.05,
5.093344957000227,REOPEN,0.0,0.0,24324.821441188,20.88853284504463,-0.3418803418803691,20.82800936245851,0.35,5.0,0.05,
5.094633699998667,REOPEN,0.0,0.0,24324.821441188,20.89311055161364,-0.06837606837609655,20.83036612845401,0.35,5.0,0.05,
5.095832939998218,REOPEN,0.0,0.0,24324.821441188,20.89311055161364,-0.06837606837609655,20.832973842460454,0.35,5.0,0.05,
5.096982572998968,REOPEN,0.0,0.0,24324.821441188,20.89311055161364,-0.06837606837609655,20.835337352461032,0.35,5.0,0.05,
5.098308992997772,REOPEN,0.0,0.0,24324.821441188,20.900434882124053,0.06837606837609655,20.837641090455257,0.35,5.0,0.05,
5.099474960999942,REOPEN,0.0,0.0,24324.821441188,20.900434882124053,0.06837606837609655,20.840313628456464,0.35,5.0,0.05,
5.1007415399981255,REOPEN,0.0,0.0,24324.821441188,20.902265964751656,0.06837606837609655,20.84262490646008,0.35,5.0,0.05,
5.101913493999746,REOPEN,0.0,0.0,24324.821441188,20.902265964751656,0.06837606837609655,20.84516109245535,0.35,5.0,0.05,
5.103871708997758,REOPEN,0.0,0.0,24324.832249992,20.902265964751656,0.6153846153846416,20.848804890456925,0.35,5.0,0.05,
5.105023583997536,REOPEN,0.0,0.0,24324.832249992,20.902265964751656,0.6153846153846416,20.851431456454996,0.35,5.0,0.05,
5.106242846999521,REOPEN,0.0,0.0,24324.832249992,20.902265964751656,0.6153846153846416,20.853757612460434,0.35,5.0,0.05,
5.107572712000547,REOPEN,0.0,0.0,24324.832249992,20.903181506065458,1.4358974358974592,20.85621256845709,0.35,5.0,0.05,
5.108847393999895,REOPEN,0.0,0.0,24324.832249992,20.903181506065458,1.4358974358974592,20.858867854457024,0.35,5.0,0.05,
5.110110467998311,REOPEN,0.0,0.0,24324.832249992,20.90409704737926,1.846153846153868,20.861392058456225,0.35,5.0,0.05,
5.111287840998557,REOPEN,0.0,0.0,24324.832249992,20.90409704737926,1.846153846153868,20.863923766456104,0.35,5.0,0.05,
5.11245682200024,REOPEN,0.0,0.0,24324.832249992,20.90409704737926,1.846153846153868,20.86627134445964,0.35,5.0,0.05,
5.114311754998198,REOPEN,0.0,0.0,24324.832249992,20.90501258869306,2.1196581196581405,20.868596756454757,0.35,5.0,0.05,
5.115653758999542,REOPEN,0.0,0.0,24324.843728467,20.90501258869306,2.1196581196581405,20.8724767824556,0.35,5.0,0.05,
5.117120679999061,REOPEN,0.0,0.0,24324.843728467,20.905928130006863,2.6666666666666856,20.875080520456798,0.35,5.0,0.05,
5.1184731729990744,REOPEN,0.0,0.0,24324.843728467,20.905928130006863,2.6666666666666856,20.87809084445555,0.35,5.0,0.05,
5.119824984998559,REOPEN,0.0,0.0,24324.843728467,20.905928130006863,2.6666666666666856,20.880740058457853,0.35,5.0,0.05,
5.121476935000828,REOPEN,0.0,0.0,24324.843728467,20.90959029526207,3.0769230769230944,20.883658558459977,0.35,5.0,0.05,
5.122758424000494,REOPEN,0.0,0.0,24324.843728467,20.90959029526207,3.0769230769230944,20.886713496455307,0.35,5.0,0.05,
5.124284161000105,REOPEN,0.0,0.0,24324.843728467,20.911421377889674,3.6239316239316395,20.88935751645706,0.35,5.0,0.05,
5.125829974000226,REOPEN,0.0,0.0,24324.854039442,20.911421377889674,3.6239316239316395,20.892713930460125,0.35,5.0,0.05,
5.127148857998691,REOPEN,0.0,0.0,24324.854039442,20.911421377889674,3.6239316239316395,20.895457718458168,0.35,5.0,0.05,
5.128888340997946,REOPEN,0.0,0.0,24324.854039442,20.916914625772485,3.897435897435912,20.89823302445668,0.35,5.0,0.05,
5.130251794998912,REOPEN,0.0,0.0,24324.854039442,20.916914625772485,3.897435897435912,20.90168165845764,0.35,5.0,0.05,
5.131830941998487,REOPEN,0.0,0.0,24324.854039442,20.922407873655295,4.034188034188048,20.904354542459735,0.35,5.0,0.05,
5.133218126997235,REOPEN,0.0,0.0,24324.854039442,20.922407873655295,4.034188034188048,20.907559974456056,0.35,5.0,0.05,
5.134661439999036,REOPEN,0.0,0.0,24324.854039442,20.922407873655295,4.034188034188048,20.91045057245585,0.35,5.0,0.05,
5.136477468000521,REOPEN,0.0,0.0,24324.854039442,20.937056534676124,3.7606837606837757,20.913141162457144,0.35,5.0,0.05,
5.137806681999791,REOPEN,0.0,0.0,24324.865812423,20.937056534676124,3.7606837606837757,20.916766714459776,0.35,5.0,0.05,
5.139473781000561,REOPEN,0.0,0.0,24324.865812423,20.941634241245133,3.2136752136752307,20.919411692457764,0.35,5.0,0.05,
5.140809687000001,REOPEN,0.0,0.0,24324.865812423,20.941634241245133,3.2136752136752307,20.922745252459684,0.35,5.0,0.05,
5.142179092999868,REOPEN,0.0,0.0,24324.865812423,20.941634241245133,3.2136752136752307,20.925424202456746,0.35,5.0,0.05,
5.144093905000773,REOPEN,0.0,0.0,24324.865812423,20.95078965438315,3.897435897435912,20.928400848456043,0.35,5.0,0.05,
5.145572360997903,REOPEN,0.0,0.0,24324.865812423,20.95078965438315,3.897435897435912,20.93226137645481,0.35,5.0,0.05,
5.147361123999872,REOPEN,0.0,0.0,24324.865812423,20.957198443579763,3.6239316239316395,20.9349761624567,0.35,5.0,0.05,
5.148739563999698,REOPEN,0.0,0.0,24324.876674773,20.957198443579763,3.6239316239316395,20.938560358454673,0.35,5.0,0.05,
5.15047050299836,REOPEN,0.0,0.0,24324.876674773,20.967269398031583,3.487179487179503,20.94134626246025,0.35,5.0,0.05,
5.151782262997585,REOPEN,0.0,0.0,24324.876674773,20.967269398031583,3.487179487179503,20.944795240453935,0.35,5.0,0.05,
5.153220508000231,REOPEN,0.0,0.0,24324.876674773,20.967269398031583,3.487179487179503,20.947435942458945,0.35,5.0,0.05,
5.1549869699993,REOPEN,0.0,0.0,24324.876674773,20.979171435111006,3.487179487179503,20.950555682453817,0.35,5.0,0.05,
5.156563756998366,REOPEN,0.0,0.0,24324.876674773,20.979171435111006,3.487179487179503,20.954092196460373,0.35,5.0,0.05,
5.159459613998479,REOPEN,0.0,0.0,24324.887320015,20.992904554818033,2.1196581196581405,20.95736691645518,0.35,5.0,0.05,
5.160893824999221,REOPEN,0.0,0.0,24324.887320015,20.992904554818033,2.1196581196581405,20.96283763445765,0.35,5.0,0.05,
5.162469004000741,REOPEN,0.0,0.0,24324.887320015,20.992904554818033,2.1196581196581405,20.965884250460043,0.35,5.0,0.05,
5.164273440997931,REOPEN,0.0,0.0,24324.887320015,21.011215381094075,1.9829059829060043,20.968862316457056,0.35,5.0,0.05,
5.165660602000571,REOPEN,0.0,0.0,24324.887320015,21.011215381094075,1.9829059829060043,20.97251635845398,0.35,5.0,0.05,
5.167310829998314,REOPEN,0.0,0.0,24324.887320015,21.021286335545895,1.4358974358974592,20.975102640457884,0.35,5.0,0.05,
5.168803152999317,REOPEN,0.0,0.0,24324.887320015,21.021286335545895,1.4358974358974592,20.978672250460043,0.35,5.0,0.05,
5.170053099998768,REOPEN,0.0,0.0,24324.898216126,21.021286335545895,1.4358974358974592,20.981383330460197,0.35,5.0,0.05,
5.171533568998711,REOPEN,0.0,0.0,24324.898216126,21.031357289997715,1.1623931623931867,20.983818206458203,0.35,5.0,0.05,
5.172713430998556,REOPEN,0.0,0.0,24324.898216126,21.031357289997715,1.1623931623931867,20.986776676460543,0.35,5.0,0.05,
5.174091361997853,REOPEN,0.0,0.0,24324.898216126,21.03410391393912,1.299145299145323,20.989128174459005,0.35,5.0,0.05,
5.175315132997639,REOPEN,0.0,0.0,24324.898216126,21.03410391393912,1.299145299145323,20.991926038458153,0.35,5.0,0.05,
5.176606393997645,REOPEN,0.0,0.0,24324.898216126,21.03410391393912,1.299145299145323,20.99434513246026,0.35,5.0,0.05,
5.178085005998582,REOPEN,0.0,0.0,24324.898216126,21.037766079194327,1.7094017094017318,20.997000168458293,0.35,5.0,0.05,
5.179387726999266,REOPEN,0.0,0.0,24324.898216126,21.037766079194327,1.7094017094017318,20.999889426459525,0.35,5.0,0.05,
5.180766470999515,REOPEN,0.0,0.0,24324.909181865,21.043259327077138,2.1196581196581405,21.002648664458796,0.35,5.0,0.05,
5.181980449997354,REOPEN,0.0,0.0,24324.909181865,21.043259327077138,2.1196581196581405,21.005208648459778,0.35,5.0,0.05,
5.183215253997332,REOPEN,0.0,0.0,24324.909181865,21.043259327077138,2.1196581196581405,21.00769847845597,0.35,5.0,0.05,
5.184688828998333,REOPEN,0.0,0.0,24324.909181865,21.04966811627375,1.9829059829060043,21.01022597445492,0.35,5.0,0.05,
5.1859700239983795,REOPEN,0.0,0.0,24324.909181865,21.04966811627375,1.9829059829060043,21.01316455445569,0.35,5.0,0.05,
5.187530519997381,REOPEN,0.0,0.0,24324.909181865,21.051499198901354,2.1196581196581405,21.015695390453878,0.35,5.0,0.05,
5.188735065999936,REOPEN,0.0,0.0,24324.909181865,21.051499198901354,2.1196581196581405,21.018802536457336,0.35,5.0,0.05,
5.189910657998553,REOPEN,0.0,0.0,24324.909181865,21.051499198901354,2.1196581196581405,21.021143148459053,0.35,5.0,0.05,
5.191457327000535,REOPEN,0.0,0.0,24324.909181865,21.05424582284276,2.803418803418822,21.02352479645426,0.35,5.0,0.05,
5.19270866199804,REOPEN,0.0,0.0,24324.920721553,21.05424582284276,2.803418803418822,21.026675270457893,0.35,5.0,0.05,
5.194077723997907,REOPEN,0.0,0.0,24324.920721553,21.05516136415656,3.0769230769230944,21.02912925646026,0.35,5.0,0.05,
5.1952384789983626,REOPEN,0.0,0.0,24324.920721553,21.05516136415656,3.0769230769230944,21.031834272459058,0.35,5.0,0.05,
5.196445680998295,REOPEN,0.0,0.0,24324.920721553,21.05516136415656,3.0769230769230944,21.034224728459343,0.35,5.0,0.05,
5.197756244997436,REOPEN,0.0,0.0,24324.920721553,21.057907988097966,3.487179487179503,21.036567198456872,0.35,5.0,0.05,
5.198929572998168,REOPEN,0.0,0.0,24324.920721553,21.057907988097966,3.487179487179503,21.03920648045689,0.35,5.0,0.05,
5.200302756999008,REOPEN,0.0,0.0,24324.920721553,21.05973907072557,4.034188034188048,21.04157091446043,0.35,5.0,0.05,
5.2015258049978,REOPEN,0.0,0.0,24324.920721553,21.05973907072557,4.034188034188048,21.044419426458738,0.35,5.0,0.05,
5.20299186199918,REOPEN,0.0,0.0,24324.93131006,21.063401235980777,4.307692307692321,21.046905076460938,0.35,5.0,0.05,
5.204245377997722,REOPEN,0.0,0.0,24324.93131006,21.063401235980777,4.307692307692321,21.049723124453998,0.35,5.0,0.05,
5.2054111329998705,REOPEN,0.0,0.0,24324.93131006,21.063401235980777,4.307692307692321,21.05219511245607,0.35,5.0,0.05,
5.2066830699986895,REOPEN,0.0,0.0,24324.93131006,21.067978942549786,4.307692307692321,21.054486720453973,0.35,5.0,0.05,
5.207863042000099,REOPEN,0.0,0.0,24324.93131006,21.067978942549786,4.307692307692321,21.057047390454066,0.35,5.0,0.05,
5.209155144999386,REOPEN,0.0,0.0,24324.93131006,21.0753032730602,4.444444444444457,21.05940952845642,0.35,5.0,0.05,
5.210367550000228,REOPEN,0.0,0.0,24324.93131006,21.0753032730602,4.444444444444457,21.062035022458552,0.35,5.0,0.05,
5.211508905998926,REOPEN,0.0,0.0,24324.93131006,21.0753032730602,4.444444444444457,21.064408086460865,0.35,5.0,0.05,
5.212855028999911,REOPEN,0.0,0.0,24324.93131006,21.084458686198218,4.034188034188048,21.066722840458645,0.35,5.0,0.05,
5.21404761499798,REOPEN,0.0,0.0,24324.942110839,21.084458686198218,4.034188034188048,21.069411752456766,0.35,5.0,0.05,
5.21534768499987,REOPEN,0.0,0.0,24324.942110839,21.087205310139623,4.034188034188048,21.071788500458318,0.35,5.0,0.05,
5.216518294997513,REOPEN,0.0,0.0,24324.942110839,21.087205310139623,4.034188034188048,21.07437013045503,0.35,5.0,0.05,
5.217671613998391,REOPEN,0.0,0.0,24324.942110839,21.087205310139623,4.034188034188048,21.076710710457085,0.35,5.0,0.05,
5.21898979999969,REOPEN,0.0,0.0,24324.942110839,21.09544518196384,4.444444444444457,21.07903078446045,0.35,5.0,0.05,
5.220155265000358,REOPEN,0.0,0.0,24324.942110839,21.09544518196384,4.444444444444457,21.081656020457125,0.35,5.0,0.05,
5.221430719000637,REOPEN,0.0,0.0,24324.942110839,21.10002288853285,4.307692307692321,21.083992004455034,0.35,5.0,0.05,
5.222575923999102,REOPEN,0.0,0.0,24324.942110839,21.10002288853285,4.307692307692321,21.086541918457918,0.35,5.0,0.05,
5.223746072999347,REOPEN,0.0,0.0,24324.942110839,21.10002288853285,4.307692307692321,21.08882412245523,0.35,5.0,0.05,
5.225037146999966,REOPEN,0.0,0.0,24324.953220537,21.104600595101857,4.1709401709401845,21.09118738046029,0.35,5.0,0.05,
5.226271215000452,REOPEN,0.0,0.0,24324.953220537,21.104600595101857,4.1709401709401845,21.093786070460304,0.35,5.0,0.05,
5.227494189999561,REOPEN,0.0,0.0,24324.953220537,21.109178301670866,4.307692307692321,21.09618970645763,0.35,5.0,0.05,
5.22871259999738,REOPEN,0.0,0.0,24324.953220537,21.109178301670866,4.307692307692321,21.098665476458812,0.35,5.0,0.05,
5.229975008998736,REOPEN,0.0,0.0,24324.953220537,21.109178301670866,4.307692307692321,21.101214434459074,0.35,5.0,0.05,
5.231361602000106,REOPEN,0.0,0.0,24324.953220537,21.123826962691695,4.1709401709401845,21.103693216459327,0.35,5.0,0.05,
5.2325237069999275,REOPEN,0.0,0.0,24324.953220537,21.123826962691695,4.1709401709401845,21.10640402645597,0.35,5.0,0.05,
5.233770587998151,REOPEN,0.0,0.0,24324.953220537,21.134813458457316,3.6239316239316395,21.108730086455147,0.35,5.0,0.05,
5.23550014599823,REOPEN,0.0,0.0,24324.953220537,21.134813458457316,3.6239316239316395,21.111274794459426,0.35,5.0,0.05,
5.236660593000124,REOPEN,0.0,0.0,24324.964071952,21.134813458457316,3.6239316239316395,21.114666812458857,0.35,5.0,0.05,
5.238038275998406,REOPEN,0.0,0.0,24324.964071952,21.149462119478144,2.5299145299145493,21.117026038455627,0.35,5.0,0.05,
5.23923069599914,REOPEN,0.0,0.0,24324.964071952,21.149462119478144,2.5299145299145493,21.119786932455575,0.35,5.0,0.05,
5.240486072998465,REOPEN,0.0,0.0,24324.964071952,21.16227969787137,2.1196581196581405,21.12215003245594,0.35,5.0,0.05,
5.241625511000166,REOPEN,0.0,0.0,24324.964071952,21.16227969787137,2.1196581196581405,21.124642076460553,0.35,5.0,0.05,
5.2429090259975055,REOPEN,0.0,0.0,24324.964071952,21.175097276264594,1.5726495726495955,21.126934516456934,0.35,5.0,0.05,
5.244097267997859,REOPEN,0.0,0.0,24324.964071952,21.175097276264594,1.5726495726495955,21.12953905245606,0.35,5.0,0.05,
5.24525909699878,REOPEN,0.0,0.0,24324.964071952,21.175097276264594,1.5726495726495955,21.131884058459512,0.35,5.0,0.05,
5.246806221999577,REOPEN,0.0,0.0,24324.975119611,21.177843900206,1.299145299145323,21.134631876457682,0.35,5.0,0.05,
5.248044142997969,REOPEN,0.0,0.0,24324.975119611,21.177843900206,1.299145299145323,21.13736576245949,0.35,5.0,0.05,
5.24938054499944,REOPEN,0.0,0.0,24324.975119611,21.180590524147405,1.5726495726495955,21.139799438455633,0.35,5.0,0.05,
5.250524237999343,REOPEN,0.0,0.0,24324.975119611,21.180590524147405,1.5726495726495955,21.14242707445603,0.35,5.0,0.05,
5.251686815998255,REOPEN,0.0,0.0,24324.975119611,21.180590524147405,1.5726495726495955,21.14471622446083,0.35,5.0,0.05,
5.25300597399837,REOPEN,0.0,0.0,24324.975119611,21.18333714808881,2.256410256410277,21.14708232845671,0.35,5.0,0.05,
5.2541826630003925,REOPEN,0.0,0.0,24324.975119611,21.18333714808881,2.256410256410277,21.14970359445808,0.35,5.0,0.05,
5.2554436799982795,REOPEN,0.0,0.0,24324.975119611,21.186999313344018,2.393162393162413,21.152050828454342,0.35,5.0,0.05,
5.256586514999071,REOPEN,0.0,0.0,24324.975119611,21.186999313344018,2.393162393162413,21.15454857845409,0.35,5.0,0.05,
5.257777143000567,REOPEN,0.0,0.0,24324.986202779,21.186999313344018,2.393162393162413,21.156863916456608,0.35,5.0,0.05,
5.25911726999766,REOPEN,0.0,0.0,24324.986202779,21.195239185168234,2.393162393162413,21.159270246457275,0.35,5.0,0.05,
5.260495078000531,REOPEN,0.0,0.0,24324.986202779,21.195239185168234,2.393162393162413,21.16214104045732,0.35,5.0,0.05,
5.2618442959974345,REOPEN,0.0,0.0,24324.986202779,21.199816891737242,2.256410256410277,21.164722744457798,0.35,5.0,0.05,
5.263174395000533,REOPEN,0.0,0.0,24324.986202779,21.199816891737242,2.256410256410277,21.167639168454592,0.35,5.0,0.05,
5.264527834999171,REOPEN,0.0,0.0,24324.986202779,21.199816891737242,2.256410256410277,21.170331096460835,0.35,5.0,0.05,
5.266017341000406,REOPEN,0.0,0.0,24324.986202779,21.20347905699245,2.393162393162413,21.172802554460326,0.35,5.0,0.05,
5.267555730999447,REOPEN,0.0,0.0,24324.986202779,21.20347905699245,2.393162393162413,21.175989098456306,0.35,5.0,0.05,
5.269033649998164,REOPEN,0.0,0.0,24324.997165952,21.206225680933855,2.940170940170958,21.17902279645434,0.35,5.0,0.05,
5.2704312989990285,REOPEN,0.0,0.0,24324.997165952,21.206225680933855,2.940170940170958,21.182002838455922,0.35,5.0,0.05,
5.271729529998993,REOPEN,0.0,0.0,24324.997165952,21.206225680933855,2.940170940170958,21.184652070458945,0.35,5.0,0.05,
5.2732065099989995,REOPEN,0.0,0.0,24324.997165952,21.210803387502864,3.2136752136752307,21.187306750458923,0.35,5.0,0.05,
5.274583022997831,REOPEN,0.0,0.0,24324.997165952,21.210803387502864,3.2136752136752307,21.190364762459033,0.35,5.0,0.05,
5.275988499997766,REOPEN,0.0,0.0,24324.997165952,21.21446555275807,3.487179487179503,21.192923626457308,0.35,5.0,0.05,
5.277331780998793,REOPEN,0.0,0.0,24324.997165952,21.21446555275807,3.487179487179503,21.195903042457324,0.35,5.0,0.05,
5.278708125999401,REOPEN,0.0,0.0,24324.997165952,21.21446555275807,3.487179487179503,21.1985365304595,0.35,5.0,0.05,
5.280294842999865,REOPEN,0.0,0.0,24325.008246864,21.227283131151296,3.350427350427367,21.201439284459887,0.35,5.0,0.05,
5.28164667099918,REOPEN,0.0,0.0,24325.008246864,21.227283131151296,3.350427350427367,21.204520614456236,0.35,5.0,0.05,
5.283059400997445,REOPEN,0.0,0.0,24325.008246864,21.23460746166171,2.803418803418822,21.20702654245772,0.35,5.0,0.05,
5.284294536999369,REOPEN,0.0,0.0,24325.008246864,21.23460746166171,2.803418803418822,21.209896268456326,0.35,5.0,0.05,
5.285852053999406,REOPEN,0.0,0.0,24325.008246864,21.252002746623944,2.6666666666666856,21.21250279645985,0.35,5.0,0.05,
5.287311037998734,REOPEN,0.0,0.0,24325.008246864,21.252002746623944,2.6666666666666856,21.215679188457692,0.35,5.0,0.05,
5.288692253998306,REOPEN,0.0,0.0,24325.008246864,21.252002746623944,2.6666666666666856,21.218457124460222,0.35,5.0,0.05,
5.290203870998084,REOPEN,0.0,0.0,24325.008246864,21.26482032501717,1.7094017094017318,21.221274462458062,0.35,5.0,0.05,
5.291563488997781,REOPEN,0.0,0.0,24325.019384456,21.26482032501717,1.7094017094017318,21.2243753984608,0.35,5.0,0.05,
5.292889812000794,REOPEN,0.0,0.0,24325.019384456,21.278553444724196,0.8888888888889142,21.22684852645991,0.35,5.0,0.05,
5.294278271998337,REOPEN,0.0,0.0,24325.019384456,21.278553444724196,0.8888888888889142,21.22970036045674,0.35,5.0,0.05,
5.295727325999906,REOPEN,0.0,0.0,24325.019384456,21.278553444724196,0.8888888888889142,21.232534680459615,0.35,5.0,0.05,
5.297278575999371,REOPEN,0.0,0.0,24325.019384456,21.302357518883042,-0.06837606837609655,21.235315614454997,0.35,5.0,0.05,
5.298642814999766,REOPEN,0.0,0.0,24325.019384456,21.302357518883042,-0.06837606837609655,21.238464382457572,0.35,5.0,0.05,
5.300200526999106,REOPEN,0.0,0.0,24325.019384456,21.318837262531474,-1.1623931623931867,21.241134964455817,0.35,5.0,0.05,
5.302083257000049,REOPEN,0.0,0.0,24325.030429096,21.318837262531474,-1.1623931623931867,21.245259788457155,0.35,5.0,0.05,
5.30338893699809,REOPEN,0.0,0.0,24325.030429096,21.318837262531474,-1.1623931623931867,21.248000830457862,0.35,5.0,0.05,
5.304800419999083,REOPEN,0.0,0.0,24325.030429096,21.340810254062717,-2.803418803418822,21.250518870454947,0.35,5.0,0.05,
5.306071032999171,REOPEN,0.0,0.0,24325.030429096,21.340810254062717,-2.803418803418822,21.253396710455966,0.35,5.0,0.05,
5.307560661000025,REOPEN,0.0,0.0,24325.030429096,21.35179674982834,-3.2136752136752307,21.256092400459714,0.35,5.0,0.05,
5.308837729997322,REOPEN,0.0,0.0,24325.030429096,21.35179674982834,-3.2136752136752307,21.258855070455432,0.35,5.0,0.05,
5.310227300000406,REOPEN,0.0,0.0,24325.030429096,21.35179674982834,-3.2136752136752307,21.26167318245509,0.35,5.0,0.05,
5.311739142998704,REOPEN,0.0,0.0,24325.030429096,21.35820553902495,-3.487179487179503,21.264306948457055,0.35,5.0,0.05,
5.313091675998294,REOPEN,0.0,0.0,24325.041361781,21.35820553902495,-3.487179487179503,21.267379500454375,0.35,5.0,0.05,
5.314587365999614,REOPEN,0.0,0.0,24325.041361781,21.35820553902495,-2.940170940170958,21.27015686245661,0.35,5.0,0.05,
5.315828001999762,REOPEN,0.0,0.0,24325.041361781,21.35820553902495,-2.940170940170958,21.272903306455667,0.35,5.0,0.05,
5.317153584997868,REOPEN,0.0,0.0,24325.041361781,21.35820553902495,-2.940170940170958,21.275594246459626,0.35,5.0,0.05,
5.318742630999623,REOPEN,0.0,0.0,24325.041361781,21.35820553902495,-1.846153846153868,21.278265700459563,0.35,5.0,0.05,
5.320066651998786,REOPEN,0.0,0.0,24325.041361781,21.35820553902495,-1.846153846153868,21.281302570454976,0.35,5.0,0.05,
5.321520587000123,REOPEN,0.0,0.0,24325.041361781,21.35820553902495,-1.299145299145323,21.283998036453816,0.35,5.0,0.05,
5.322763992997352,REOPEN,0.0,0.0,24325.041361781,21.35820553902495,-1.299145299145323,21.2867608444599,0.35,5.0,0.05,
5.323985383998661,REOPEN,0.0,0.0,24325.052128778,21.35820553902495,-1.299145299145323,21.2892566784599,0.35,5.0,0.05,
5.325398393997602,REOPEN,0.0,0.0,24325.052128778,21.35820553902495,-0.7521367521367779,21.291702462457145,0.35,5.0,0.05,
5.326761101998272,REOPEN,0.0,0.0,24325.052128778,21.35820553902495,-0.7521367521367779,21.294751016454505,0.35,5.0,0.05,
5.328130425998097,REOPEN,0.0,0.0,24325.052128778,21.359121080338753,-0.3418803418803691,21.297312034456375,0.35,5.0,0.05,
5.329492673998175,REOPEN,0.0,0.0,24325.052128778,21.359121080338753,-0.3418803418803691,21.30025015045478,0.35,5.0,0.05,
5.330861675000051,REOPEN,0.0,0.0,24325.052128778,21.360952162966356,0.47863247863250535,21.30270170045926,0.35,5.0,0.05,
5.332098644998041,REOPEN,0.0,0.0,24325.052128778,21.360952162966356,0.47863247863250535,21.305450896458318,0.35,5.0,0.05,
5.333294613999897,REOPEN,0.0,0.0,24325.052128778,21.360952162966356,0.47863247863250535,21.307955434460858,0.35,5.0,0.05,
5.334813528999803,REOPEN,0.0,0.0,24325.063199665,21.361867704280158,0.6153846153846416,21.3106874584578,0.35,5.0,0.05,
5.336094132999278,REOPEN,0.0,0.0,24325.063199665,21.361867704280158,0.6153846153846416,21.313336916459342,0.35,5.0,0.05,
5.33755861499958,REOPEN,0.0,0.0,24325.063199665,21.36278324559396,1.1623931623931867,21.316008328455176,0.35,5.0,0.05,
5.338772851999238,REOPEN,0.0,0.0,24325.063199665,21.36278324559396,1.1623931623931867,21.318836996457797,0.35,5.0,0.05,
5.339957266998681,REOPEN,0.0,0.0,24325.063199665,21.36278324559396,1.1623931623931867,21.321264318454745,0.35,5.0,0.05,
5.341231824000715,REOPEN,0.0,0.0,24325.063199665,21.36736095216297,1.5726495726495955,21.323571460454808,0.35,5.0,0.05,
5.342417808999016,REOPEN,0.0,0.0,24325.063199665,21.36736095216297,1.5726495726495955,21.32616167045719,0.35,5.0,0.05,
5.343643202999374,REOPEN,0.0,0.0,24325.063199665,21.371023117418176,1.7094017094017318,21.328499808458695,0.35,5.0,0.05,
5.344802665000316,REOPEN,0.0,0.0,24325.063199665,21.371023117418176,1.7094017094017318,21.331018970459375,0.35,5.0,0.05,
5.345974470998044,REOPEN,0.0,0.0,24325.074269018,21.371023117418176,1.7094017094017318,21.333293898455416,0.35,5.0,0.05,
5.347232931999315,REOPEN,0.0,0.0,24325.074269018,21.375600823987185,1.9829059829060043,21.335609266456707,0.35,5.0,0.05,
5.348421492999478,REOPEN,0.0,0.0,24325.074269018,21.375600823987185,1.9829059829060043,21.338157332460945,0.35,5.0,0.05,
5.349729923000268,REOPEN,0.0,0.0,24325.074269018,21.380178530556194,2.1196581196581405,21.34051375045467,0.35,5.0,0.05,
5.350942799999757,REOPEN,0.0,0.0,24325.074269018,21.380178530556194,2.1196581196581405,21.34315348846078,0.35,5.0,0.05,
5.352107963997696,REOPEN,0.0,0.0,24325.074269018,21.380178530556194,2.1196581196581405,21.345566502454425,0.35,5.0,0.05,
5.353438885998912,REOPEN,0.0,0.0,24325.074269018,21.38933394369421,2.1196581196581405,21.34792187845826,0.35,5.0,0.05,
5.354592353000044,REOPEN,0.0,0.0,24325.074269018,21.38933394369421,2.1196581196581405,21.350550894460433,0.35,5.0,0.05,
5.356170167997334,REOPEN,0.0,0.0,24325.074269018,21.39299610894942,1.9829059829060043,21.352879718457665,0.35,5.0,0.05,
5.358065526997962,REOPEN,0.0,0.0,24325.085411911,21.39299610894942,1.9829059829060043,21.357338384458238,0.35,5.0,0.05,
5.359320527000818,REOPEN,0.0,0.0,24325.085411911,21.39299610894942,1.9829059829060043,21.35991580245402,0.35,5.0,0.05,
5.3608746099998825,REOPEN,0.0,0.0,24325.085411911,21.396658274204626,2.393162393162413,21.362380594453974,0.35,5.0,0.05,
5.362164808997477,REOPEN,0.0,0.0,24325.085411911,21.396658274204626,2.393162393162413,21.365566960458203,0.35,5.0,0.05,
5.3636243990004004,REOPEN,0.0,0.0,24325.085411911,21.39940489814603,2.803418803418822,21.36812443845931,0.35,5.0,0.05,
5.3648677519995545,REOPEN,0.0,0.0,24325.085411911,21.39940489814603,2.803418803418822,21.370974742460497,0.35,5.0,0.05,
5.3661010439973325,REOPEN,0.0,0.0,24325.085411911,21.39940489814603,2.803418803418822,21.37345944645724,0.35,5.0,0.05,
5.368185633000394,REOPEN,0.0,0.0,24325.096349506,21.40489814602884,3.0769230769230944,21.37700480445576,0.35,5.0,0.05,
5.369637560997944,REOPEN,0.0,0.0,24325.096349506,21.407644769970247,3.0769230769230944,21.380135152454862,0.35,5.0,0.05,
5.370836010999483,REOPEN,0.0,0.0,24325.096349506,21.407644769970247,3.0769230769230944,21.38301924045893,0.35,5.0,0.05,
5.372183674997359,REOPEN,0.0,0.0,24325.096349506,21.420462348363472,2.6666666666666856,21.38539459445976,0.35,5.0,0.05,
5.373386114999448,REOPEN,0.0,0.0,24325.096349506,21.420462348363472,2.6666666666666856,21.388082808460716,0.35,5.0,0.05,
5.374656730000424,REOPEN,0.0,0.0,24325.096349506,21.42504005493248,2.393162393162413,21.3904480884544,0.35,5.0,0.05,
5.375948905999394,REOPEN,0.0,0.0,24325.096349506,21.42504005493248,2.393162393162413,21.393033520459106,0.35,5.0,0.05,
5.377239097997517,REOPEN,0.0,0.0,24325.096349506,21.42504005493248,2.393162393162413,21.395688800456377,0.35,5.0,0.05,
5.379369787999167,REOPEN,0.0,0.0,24325.107383474,21.431448844129093,2.6666666666666856,21.39921484845629,0.35,5.0,0.05,
5.380744828999013,REOPEN,0.0,0.0,24325.107383474,21.431448844129093,2.803418803418822,21.402514334457486,0.35,5.0,0.05,
5.3821034009997675,REOPEN,0.0,0.0,24325.107383474,21.431448844129093,2.803418803418822,21.405317646460865,0.35,5.0,0.05,
5.383767601000727,REOPEN,0.0,0.0,24325.107383474,21.4351110093843,2.940170940170958,21.408068148457936,0.35,5.0,0.05,
5.385191336998105,REOPEN,0.0,0.0,24325.107383474,21.4351110093843,2.940170940170958,21.411568710459072,0.35,5.0,0.05,
5.3867921409982955,REOPEN,0.0,0.0,24325.107383474,21.436942092011904,3.350427350427367,21.414215430459556,0.35,5.0,0.05,
5.38810600099896,REOPEN,0.0,0.0,24325.107383474,21.436942092011904,3.350427350427367,21.417435356454483,0.35,5.0,0.05,
5.389709040999151,REOPEN,0.0,0.0,24325.118189064,21.436942092011904,3.350427350427367,21.420638196456387,0.35,5.0,0.05,
5.391332154998963,REOPEN,0.0,0.0,24325.118189064,21.442435339894715,3.7606837606837757,21.423163314454108,0.35,5.0,0.05,
5.392615844000829,REOPEN,0.0,0.0,24325.118189064,21.442435339894715,3.7606837606837757,21.426477576455476,0.35,5.0,0.05,
5.394090320998657,REOPEN,0.0,0.0,24325.118189064,21.447928587777525,3.897435897435912,21.428967984461018,0.35,5.0,0.05,
5.395373016999656,REOPEN,0.0,0.0,24325.118189064,21.447928587777525,3.897435897435912,21.43195857645562,0.35,5.0,0.05,
5.396624711000186,REOPEN,0.0,0.0,24325.118189064,21.447928587777525,3.897435897435912,21.434487896457107,0.35,5.0,0.05,
5.398155145998317,REOPEN,0.0,0.0,24325.118189064,21.45616845960174,4.034188034188048,21.436985664457573,0.35,5.0,0.05,
5.399456598999677,REOPEN,0.0,0.0,24325.118189064,21.45616845960174,4.034188034188048,21.440098002460694,0.35,5.0,0.05,
5.401130693000596,REOPEN,0.0,0.0,24325.129367083,21.464408331425957,3.897435897435912,21.44305020645927,0.35,5.0,0.05,
5.402401829000155,REOPEN,0.0,0.0,24325.129367083,21.464408331425957,3.897435897435912,21.44601569645831,0.35,5.0,0.05,
5.403641089000303,REOPEN,0.0,0.0,24325.129367083,21.464408331425957,3.897435897435912,21.44854521845493,0.35,5.0,0.05,
5.405218141997466,REOPEN,0.0,0.0,24325.129367083,21.47081712062257,3.6239316239316395,21.451023138457934,0.35,5.0,0.05,
5.406610588997864,REOPEN,0.0,0.0,24325.129367083,21.47081712062257,3.6239316239316395,21.454258138454428,0.35,5.0,0.05,
5.408251210999879,REOPEN,0.0,0.0,24325.129367083,21.474479285877777,3.897435897435912,21.45706366445895,0.35,5.0,0.05,
5.409516938998422,REOPEN,0.0,0.0,24325.129367083,21.474479285877777,3.897435897435912,21.460223792457803,0.35,5.0,0.05,
5.4107314579996455,REOPEN,0.0,0.0,24325.129367083,21.474479285877777,3.897435897435912,21.46279546845701,0.35,5.0,0.05,
5.4122303889998875,REOPEN,0.0,0.0,24325.140080866,21.483634699015795,3.897435897435912,21.465351662455326,0.35,5.0,0.05,
5.413559147000342,REOPEN,0.0,0.0,24325.140080866,21.483634699015795,3.897435897435912,21.468350808458602,0.35,5.0,0.05,
5.415001722998568,REOPEN,0.0,0.0,24325.140080866,21.493705653467615,3.6239316239316395,21.47086274846017,0.35,5.0,0.05,
5.416311418997793,REOPEN,0.0,0.0,24325.140080866,21.493705653467615,3.6239316239316395,21.473776724461025,0.35,5.0,0.05,
5.41770958699999,REOPEN,0.0,0.0,24325.140080866,21.493705653467615,3.6239316239316395,21.476445606460878,0.35,5.0,0.05,
5.419656361998932,REOPEN,0.0,0.0,24325.140080866,21.50743877317464,3.0769230769230944,21.479389668459156,0.35,5.0,0.05,
5.421071470998868,REOPEN,0.0,0.0,24325.140080866,21.50743877317464,3.0769230769230944,21.4831348224566,0.35,5.0,0.05,
5.422754864997842,REOPEN,0.0,0.0,24325.151101381,21.520256351567866,2.5299145299145493,21.486472156454077,0.35,5.0,0.05,
5.423983477998263,REOPEN,0.0,0.0,24325.151101381,21.520256351567866,2.5299145299145493,21.489294308458305,0.35,5.0,0.05,
5.425430665000022,REOPEN,0.0,0.0,24325.151101381,21.535820553902496,1.7094017094017318,21.49187436645527,0.35,5.0,0.05,
5.426644667997607,REOPEN,0.0,0.0,24325.151101381,21.535820553902496,1.7094017094017318,21.494556388456225,0.35,5.0,0.05,
5.427858254999592,REOPEN,0.0,0.0,24325.151101381,21.535820553902496,1.7094017094017318,21.49704849646016,0.35,5.0,0.05,
5.429244561997621,REOPEN,0.0,0.0,24325.151101381,21.544060425726713,1.7094017094017318,21.499617096460973,0.35,5.0,0.05,
5.430524825998873,REOPEN,0.0,0.0,24325.151101381,21.544060425726713,1.7094017094017318,21.50238895445593,0.35,5.0,0.05,
5.4317926639996585,REOPEN,0.0,0.0,24325.151101381,21.546807049668118,1.7094017094017318,21.504729376460567,0.35,5.0,0.05,
5.433054450997588,REOPEN,0.0,0.0,24325.151101381,21.546807049668118,1.7094017094017318,21.507390962457542,0.35,5.0,0.05,
5.434261824000714,REOPEN,0.0,0.0,24325.162108722,21.546807049668118,1.7094017094017318,21.50985136445754,0.35,5.0,0.05,
5.435615701997449,REOPEN,0.0,0.0,24325.162108722,21.54863813229572,1.846153846153868,21.51226164445918,0.35,5.0,0.05,
5.436781528998836,REOPEN,0.0,0.0,24325.162108722,21.54863813229572,1.846153846153868,21.514908660460172,0.35,5.0,0.05,
5.438120695998805,REOPEN,0.0,0.0,24325.162108722,21.550469214923325,2.6666666666666856,21.51730254245424,0.35,5.0,0.05,
5.439325945000746,REOPEN,0.0,0.0,24325.162108722,21.550469214923325,2.6666666666666856,21.519975150457434,0.35,5.0,0.05,
5.440548382997804,REOPEN,0.0,0.0,24325.162108722,21.550469214923325,2.6666666666666856,21.52236484246034,0.35,5.0,0.05,
5.442110858999513,REOPEN,0.0,0.0,24325.162108722,21.555046921492334,2.803418803418822,21.524851158460045,0.35,5.0,0.05,
5.443502807000186,REOPEN,0.0,0.0,24325.162108722,21.555046921492334,2.803418803418822,21.52811588246052,0.35,5.0,0.05,
5.444873918000667,REOPEN,0.0,0.0,24325.173211578,21.55870908674754,2.803418803418822,21.53077931645614,0.35,5.0,0.05,
5.446068822999223,REOPEN,0.0,0.0,24325.173211578,21.55870908674754,2.803418803418822,21.53348393845456,0.35,5.0,0.05,
5.447275998998521,REOPEN,0.0,0.0,24325.173211578,21.55870908674754,2.803418803418822,21.535854560456322,0.35,5.0,0.05,
5.448602811997262,REOPEN,0.0,0.0,24325.173211578,21.566033417257955,3.2136752136752307,21.538239566458763,0.35,5.0,0.05,
5.449777162997634,REOPEN,0.0,0.0,24325.173211578,21.566033417257955,3.2136752136752307,21.540883166455863,0.35,5.0,0.05,
5.451169529998879,REOPEN,0.0,0.0,24325.173211578,21.569695582513162,3.0769230769230944,21.543442948454434,0.35,5.0,0.05,
5.452535852997244,REOPEN,0.0,0.0,24325.173211578,21.569695582513162,3.0769230769230944,21.546354796455965,0.35,5.0,0.05,
5.453779168998153,REOPEN,0.0,0.0,24325.173211578,21.569695582513162,3.0769230769230944,21.5487890644604,0.35,5.0,0.05,
5.455256543998985,REOPEN,0.0,0.0,24325.173211578,21.575188830395973,3.350427350427367,21.551332792458673,0.35,5.0,0.05,
5.457106819998444,REOPEN,0.0,0.0,24325.184357376,21.575188830395973,3.350427350427367,21.55540153645645,0.35,5.0,0.05,
5.4585848940005235,REOPEN,0.0,0.0,24325.184357376,21.57885099565118,3.487179487179503,21.55816772445771,0.35,5.0,0.05,
5.459886104999896,REOPEN,0.0,0.0,24325.184357376,21.57885099565118,3.487179487179503,21.56092028646028,0.35,5.0,0.05,
5.461314480999135,REOPEN,0.0,0.0,24325.184357376,21.57885099565118,3.487179487179503,21.563794716460073,0.35,5.0,0.05,
5.462837208000565,REOPEN,0.0,0.0,24325.184357376,21.58434424353399,3.7606837606837757,21.566508128455574,0.35,5.0,0.05,
5.464232610000181,REOPEN,0.0,0.0,24325.184357376,21.58434424353399,3.7606837606837757,21.569702390459973,0.35,5.0,0.05,
5.465913912998076,REOPEN,0.0,0.0,24325.184357376,21.587090867475396,4.034188034188048,21.5724721644606,0.35,5.0,0.05,
5.467160983000213,REOPEN,0.0,0.0,24325.195348474,21.587090867475396,4.034188034188048,21.575569400456992,0.35,5.0,0.05,
5.468704159000481,REOPEN,0.0,0.0,24325.195348474,21.595330739299612,4.1709401709401845,21.578333530460917,0.35,5.0,0.05,
5.469955792999826,REOPEN,0.0,0.0,24325.195348474,21.595330739299612,4.1709401709401845,21.58112763845795,0.35,5.0,0.05,
5.471377647998452,REOPEN,0.0,0.0,24325.195348474,21.595330739299612,4.1709401709401845,21.583920674459044,0.35,5.0,0.05,
5.472955922999972,REOPEN,0.0,0.0,24325.195348474,21.60357061112383,3.897435897435912,21.586662492455183,0.35,5.0,0.05,
5.474409947000822,REOPEN,0.0,0.0,24325.195348474,21.60357061112383,3.897435897435912,21.589919476459293,0.35,5.0,0.05,
5.475798638999549,REOPEN,0.0,0.0,24325.195348474,21.61455710688945,3.7606837606837757,21.592569784460032,0.35,5.0,0.05,
5.47718517300018,REOPEN,0.0,0.0,24325.195348474,21.61455710688945,3.7606837606837757,21.595505510459155,0.35,5.0,0.05,
5.479000401999656,REOPEN,0.0,0.0,24325.206446566,21.61455710688945,3.7606837606837757,21.599325092460752,0.35,5.0,0.05,
5.48034217500026,REOPEN,0.0,0.0,24325.206446566,21.623712520027468,3.350427350427367,21.60170118445469,0.35,5.0,0.05,
5.481532317000529,REOPEN,0.0,0.0,24325.206446566,21.623712520027468,3.350427350427367,21.604370476454754,0.35,5.0,0.05,
5.482772606999788,REOPEN,0.0,0.0,24325.206446566,21.631952391851684,3.2136752136752307,21.606729920461042,0.35,5.0,0.05,
5.483941455000604,REOPEN,0.0,0.0,24325.206446566,21.631952391851684,3.2136752136752307,21.609213060454316,0.35,5.0,0.05,
5.485106670999812,REOPEN,0.0,0.0,24325.206446566,21.631952391851684,3.2136752136752307,21.61157867245722,0.35,5.0,0.05,
5.4863848489985685,REOPEN,0.0,0.0,24325.206446566,21.642023346303503,3.0769230769230944,21.613875262456098,0.35,5.0,0.05,
5.487530476999382,REOPEN,0.0,0.0,24325.206446566,21.642023346303503,3.0769230769230944,21.61646376845831,0.35,5.0,0.05,
5.488968483998178,REOPEN,0.0,0.0,24325.217402061,21.649347676813917,2.803418803418822,21.619127984459304,0.35,5.0,0.05,
5.490188866999233,REOPEN,0.0,0.0,24325.217402061,21.649347676813917,2.803418803418822,21.621653374454148,0.35,5.0,0.05,
5.4913879509986145,REOPEN,0.0,0.0,24325.217402061,21.649347676813917,2.803418803418822,21.62407942446091,0.35,5.0,0.05,
5.492676239999128,REOPEN,0.0,0.0,24325.217402061,21.66124971389334,2.5299145299145493,21.626439920454253,0.35,5.0,0.05,
5.493851066999923,REOPEN,0.0,0.0,24325.217402061,21.66124971389334,2.5299145299145493,21.62904818445761,0.35,5.0,0.05,
5.495119986997452,REOPEN,0.0,0.0,24325.217402061,21.66674296177615,2.1196581196581405,21.631395920458566,0.35,5.0,0.05,
5.49630100399736,REOPEN,0.0,0.0,24325.217402061,21.66674296177615,2.1196581196581405,21.633938662455442,0.35,5.0,0.05,
5.497438534999674,REOPEN,0.0,0.0,24325.217402061,21.66674296177615,2.1196581196581405,21.636241604459904,0.35,5.0,0.05,
5.498849527997663,REOPEN,0.0,0.0,24325.217402061,21.67681391622797,1.9829059829060043,21.63854400045468,0.35,5.0,0.05,
5.500052783998399,REOPEN,0.0,0.0,24325.22846613,21.67681391622797,1.9829059829060043,21.6414155804546,0.35,5.0,0.05,
5.501348570000118,REOPEN,0.0,0.0,24325.22846613,21.68688487067979,1.846153846153868,21.643800680455136,0.35,5.0,0.05,
5.502534048999223,REOPEN,0.0,0.0,24325.22846613,21.68688487067979,1.846153846153868,21.64637762045688,0.35,5.0,0.05,
5.503678151999338,REOPEN,0.0,0.0,24325.22846613,21.68688487067979,1.846153846153868,21.648737026460843,0.35,5.0,0.05,
5.505000732999179,REOPEN,0.0,0.0,24325.22846613,21.694209201190205,1.299145299145323,21.651043558459172,0.35,5.0,0.05,
5.50619314999858,REOPEN,0.0,0.0,24325.22846613,21.694209201190205,1.299145299145323,21.653699960460038,0.35,5.0,0.05,
5.507430640998791,REOPEN,0.0,0.0,24325.22846613,21.699702449073015,1.4358974358974592,21.6560546264541,0.35,5.0,0.05,
5.508569262998208,REOPEN,0.0,0.0,24325.22846613,21.699702449073015,1.4358974358974592,21.658524612454606,0.35,5.0,0.05,
5.509914963997289,REOPEN,0.0,0.0,24325.22846613,21.708857862211033,1.4358974358974592,21.660799296458684,0.35,5.0,0.05,
5.511107013997389,REOPEN,0.0,0.0,24325.239515773,21.708857862211033,1.4358974358974592,21.663538166455076,0.35,5.0,0.05,
5.512305837997701,REOPEN,0.0,0.0,24325.239515773,21.708857862211033,1.4358974358974592,21.6659128084598,0.35,5.0,0.05,
5.513583538999228,REOPEN,0.0,0.0,24325.239515773,21.715266651407646,1.1623931623931867,21.668225084455592,0.35,5.0,0.05,
5.514732093997736,REOPEN,0.0,0.0,24325.239515773,21.715266651407646,1.1623931623931867,21.67084076445692,0.35,5.0,0.05,
5.5159934959992825,REOPEN,0.0,0.0,24325.239515773,21.720759899290456,1.0256410256410504,21.67314940446024,0.35,5.0,0.05,
5.517158013997687,REOPEN,0.0,0.0,24325.239515773,21.720759899290456,1.0256410256410504,21.675676572459018,0.35,5.0,0.05,
5.5183148049982265,REOPEN,0.0,0.0,24325.239515773,21.720759899290456,1.0256410256410504,21.677997370456545,0.35,5.0,0.05,
5.51957554999899,REOPEN,0.0,0.0,24325.239515773,21.730830853742276,1.0256410256410504,21.680327542455892,0.35,5.0,0.05,
5.520734433997859,REOPEN,0.0,0.0,24325.239515773,21.730830853742276,1.0256410256410504,21.682810640459614,0.35,5.0,0.05,
5.522002321999025,REOPEN,0.0,0.0,24325.250331275,21.736324101625087,0.7521367521367779,21.685158480455833,0.35,5.0,0.05,
5.523199587998533,REOPEN,0.0,0.0,24325.250331275,21.736324101625087,0.7521367521367779,21.68771489245639,0.35,5.0,0.05,
5.524411829999735,REOPEN,0.0,0.0,24325.250331275,21.736324101625087,0.7521367521367779,21.6901041724582,0.35,5.0,0.05,
5.52572502700059,REOPEN,0.0,0.0,24325.250331275,21.739986266880294,0.8888888888889142,21.692490788455437,0.35,5.0,0.05,
5.526924108999083,REOPEN,0.0,0.0,24325.250331275,21.739986266880294,0.8888888888889142,21.695148758454273,0.35,5.0,0.05,
5.528208105999511,REOPEN,0.0,0.0,24325.250331275,21.744563973449303,1.299145299145323,21.697538764458407,0.35,5.0,0.05,
5.529383205997874,REOPEN,0.0,0.0,24325.250331275,21.744563973449303,1.299145299145323,21.700114034460533,0.35,5.0,0.05,
5.5305311039992375,REOPEN,0.0,0.0,24325.250331275,21.744563973449303,1.299145299145323,21.702428946455733,0.35,5.0,0.05,
5.531913912000164,REOPEN,0.0,0.0,24325.250331275,21.755550469214924,1.1623931623931867,21.704729758459983,0.35,5.0,0.05,
5.533135134999611,REOPEN,0.0,0.0,24325.261627001,21.755550469214924,1.1623931623931867,21.707611646454573,0.35,5.0,0.05,
5.53445089899833,REOPEN,0.0,0.0,24325.261627001,21.761959258411537,0.7521367521367779,21.709972722458154,0.35,5.0,0.05,
5.535623011997814,REOPEN,0.0,0.0,24325.261627001,21.761959258411537,0.7521367521367779,21.71257677446058,0.35,5.0,0.05,
5.536825833998591,REOPEN,0.0,0.0,24325.261627001,21.761959258411537,0.7521367521367779,21.71494513045993,0.35,5.0,0.05,
5.538162600998476,REOPEN,0.0,0.0,24325.261627001,21.766536964980546,0.8888888888889142,21.71732584445501,0.35,5.0,0.05,
5.5393668910001,REOPEN,0.0,0.0,24325.261627001,21.766536964980546,0.8888888888889142,21.720039488458973,0.35,5.0,0.05,
5.540674707997823,REOPEN,0.0,0.0,24325.261627001,21.771114671549554,1.0256410256410504,21.722414396458156,0.35,5.0,0.05,
5.541865464998409,REOPEN,0.0,0.0,24325.261627001,21.771114671549554,1.0256410256410504,21.7250590424542,0.35,5.0,0.05,
5.543098021000333,REOPEN,0.0,0.0,24325.261627001,21.771114671549554,1.0256410256410504,21.727430778456004,0.35,5.0,0.05,
5.544439877998229,REOPEN,0.0,0.0,24325.272603061,21.77935454337377,1.0256410256410504,21.729894798455028,0.35,5.0,0.05,
5.545613281999977,REOPEN,0.0,0.0,24325.272603061,21.77935454337377,1.0256410256410504,21.732554418459152,0.35,5.0,0.05,
5.546910679000575,REOPEN,0.0,0.0,24325.272603061,21.78393224994278,0.8888888888889142,21.734927998457827,0.35,5.0,0.05,
5.548096389997227,REOPEN,0.0,0.0,24325.272603061,21.78393224994278,0.8888888888889142,21.73751287645657,0.35,5.0,0.05,
5.549450632999651,REOPEN,0.0,0.0,24325.272603061,21.7949187457084,0.8888888888889142,21.739883154458333,0.35,5.0,0.05,
5.55063104799774,REOPEN,0.0,0.0,24325.272603061,21.7949187457084,0.8888888888889142,21.7425899424584,0.35,5.0,0.05,
5.551802145997499,REOPEN,0.0,0.0,24325.272603061,21.7949187457084,0.8888888888889142,21.74495975245602,0.35,5.0,0.05,
5.55316737099929,REOPEN,0.0,0.0,24325.272603061,21.80407415884642,0.6153846153846416,21.74730424645761,0.35,5.0,0.05,
5.554897489997529,REOPEN,0.0,0.0,24325.283415718,21.80407415884642,0.6153846153846416,21.751135220455147,0.35,5.0,0.05,
5.556124302998796,REOPEN,0.0,0.0,24325.283415718,21.81048294804303,0.3418803418803691,21.753458986454028,0.35,5.0,0.05,
5.557394786999794,REOPEN,0.0,0.0,24325.283415718,21.81048294804303,0.3418803418803691,21.755994444460633,0.35,5.0,0.05,
5.558573239999532,REOPEN,0.0,0.0,24325.283415718,21.81048294804303,0.3418803418803691,21.758511824455603,0.35,5.0,0.05,
5.559882146000746,REOPEN,0.0,0.0,24325.283415718,21.815976195925842,0.06837606837609655,21.76080708446036,0.35,5.0,0.05,
5.561028829997667,REOPEN,0.0,0.0,24325.283415718,21.815976195925842,0.06837606837609655,21.763430722460292,0.35,5.0,0.05,
5.562286522999784,REOPEN,0.0,0.0,24325.283415718,21.823300526436256,0.47863247863250535,21.765768060455706,0.35,5.0,0.05,
5.5634697589994175,REOPEN,0.0,0.0,24325.283415718,21.823300526436256,0.47863247863250535,21.768228948460568,0.35,5.0,0.05,
5.564667049999116,REOPEN,0.0,0.0,24325.283415718,21.823300526436256,0.47863247863250535,21.77061139845548,0.35,5.0,0.05,
5.566104582998378,REOPEN,0.0,0.0,24325.294469732,21.83611810482948,-0.06837606837609655,21.773235094459345,0.35,5.0,0.05,
5.56728318399837,REOPEN,0.0,0.0,24325.294469732,21.83611810482948,-0.06837606837609655,21.775926936456493,0.35,5.0,0.05,
5.568623418999778,REOPEN,0.0,0.0,24325.294469732,21.842526894026093,-0.47863247863250535,21.77823665045664,0.35,5.0,0.05,
5.569821146000322,REOPEN,0.0,0.0,24325.294469732,21.842526894026093,-0.47863247863250535,21.78095255245946,0.35,5.0,0.05,
5.570981786997436,REOPEN,0.0,0.0,24325.294469732,21.842526894026093,-0.47863247863250535,21.783333238456656,0.35,5.0,0.05,
5.572294441997656,REOPEN,0.0,0.0,24325.294469732,21.848935683222706,-0.3418803418803691,21.785660700460106,0.35,5.0,0.05,
5.573445122998237,REOPEN,0.0,0.0,24325.294469732,21.848935683222706,-0.3418803418803691,21.788228380459735,0.35,5.0,0.05,
5.574691907997476,REOPEN,0.0,0.0,24325.294469732,21.85626001373312,-0.06837606837609655,21.790554528454344,0.35,5.0,0.05,
5.575895816000411,REOPEN,0.0,0.0,24325.294469732,21.85626001373312,-0.06837606837609655,21.793185424454826,0.35,5.0,0.05,
5.577078796999558,REOPEN,0.0,0.0,24325.305317936,21.85626001373312,-0.06837606837609655,21.79545184046085,0.35,5.0,0.05,
5.578445921997627,REOPEN,0.0,0.0,24325.305317936,21.86175326161593,-0.47863247863250535,21.797845890456777,0.35,5.0,0.05,
5.5796474130002025,REOPEN,0.0,0.0,24325.305317936,21.86175326161593,-0.47863247863250535,21.800592510453974,0.35,5.0,0.05,
5.580945850997523,REOPEN,0.0,0.0,24325.305317936,21.86633096818494,-0.3418803418803691,21.803000970454853,0.35,5.0,0.05,
5.582119975999376,REOPEN,0.0,0.0,24325.305317936,21.86633096818494,-0.3418803418803691,21.805593504456304,0.35,5.0,0.05,
5.583318351000344,REOPEN,0.0,0.0,24325.305317936,21.86633096818494,-0.3418803418803691,21.807938062457218,0.35,5.0,0.05,
5.584622851998574,REOPEN,0.0,0.0,24325.305317936,21.874570840009156,-0.06837606837609655,21.810326518456826,0.35,5.0,0.05,
5.58581109899751,REOPEN,0.0,0.0,24325.305317936,21.874570840009156,-0.06837606837609655,21.812940760459718,0.35,5.0,0.05,
5.5870411899995815,REOPEN,0.0,0.0,24325.305317936,21.875486381322958,-0.06837606837609655,21.815291734458263,0.35,5.0,0.05,
5.588238004998857,REOPEN,0.0,0.0,24325.316462116,21.875486381322958,-0.06837606837609655,21.817815124459706,0.35,5.0,0.05,
5.589525191997382,REOPEN,0.0,0.0,24325.316462116,21.874570840009156,0.3418803418803691,21.82017267045969,0.35,5.0,0.05,
5.590688317999593,REOPEN,0.0,0.0,24325.316462116,21.874570840009156,0.3418803418803691,21.822714930460755,0.35,5.0,0.05,
5.5918756760002,REOPEN,0.0,0.0,24325.316462116,21.874570840009156,0.3418803418803691,21.825047474458664,0.35,5.0,0.05,
5.593122884998593,REOPEN,0.0,0.0,24325.316462116,21.875486381322958,1.299145299145323,21.82744357245476,0.35,5.0,0.05,
5.594325781999942,REOPEN,0.0,0.0,24325.316462116,21.875486381322958,1.299145299145323,21.82992315445383,0.35,5.0,0.05,
5.5956088499988255,REOPEN,0.0,0.0,24325.316462116,21.87640192263676,1.5726495726495955,21.832342956457545,0.35,5.0,0.05,
5.596763017998455,REOPEN,0.0,0.0,24325.316462116,21.87640192263676,1.5726495726495955,21.834886908460724,0.35,5.0,0.05,
5.597893491998548,REOPEN,0.0,0.0,24325.316462116,21.87640192263676,1.5726495726495955,21.837197254457827,0.35,5.0,0.05,
5.5992255979981564,REOPEN,0.0,0.0,24325.327498002,21.878233005264363,1.9829059829060043,21.839461570455136,0.35,5.0,0.05,
5.600434079999104,REOPEN,0.0,0.0,24325.327498002,21.878233005264363,1.9829059829060043,21.842166296456092,0.35,5.0,0.05,
5.601785106999159,REOPEN,0.0,0.0,24325.327498002,21.878233005264363,2.256410256410277,21.844546936454684,0.35,5.0,0.05,
5.602997812999092,REOPEN,0.0,0.0,24325.327498002,21.878233005264363,2.256410256410277,21.847328280457553,0.35,5.0,0.05,
5.6042515089975495,REOPEN,0.0,0.0,24325.327498002,21.878233005264363,2.256410256410277,21.84972835045712,0.35,5.0,0.05,
5.6056060070004605,REOPEN,0.0,0.0,24325.327498002,21.88097962920577,3.0769230769230944,21.85222069445674,0.35,5.0,0.05,
5.606774784999288,REOPEN,0.0,0.0,24325.327498002,21.88097962920577,3.0769230769230944,21.854904252456002,0.35,5.0,0.05,
5.608019355000579,REOPEN,0.0,0.0,24325.327498002,21.882810711833372,3.2136752136752307,21.85722881045742,0.35,5.0,0.05,
5.6098839699989185,REOPEN,0.0,0.0,24325.327498002,21.882810711833372,3.2136752136752307,21.85983123845883,0.35,5.0,0.05,
5.611093895997328,REOPEN,0.0,0.0,24325.338454063,21.882810711833372,3.2136752136752307,21.863470842460195,0.35,5.0,0.05,
5.612447501000133,REOPEN,0.0,0.0,24325.338454063,21.88647287708858,3.487179487179503,21.865881006453968,0.35,5.0,0.05,
5.61362865999763,REOPEN,0.0,0.0,24325.338454063,21.88647287708858,3.487179487179503,21.868581962453867,0.35,5.0,0.05,
5.6149282379992655,REOPEN,0.0,0.0,24325.338454063,21.89196612497139,3.7606837606837757,21.870937544454613,0.35,5.0,0.05,
5.616106913999829,REOPEN,0.0,0.0,24325.338454063,21.89196612497139,3.7606837606837757,21.873564826457844,0.35,5.0,0.05,
5.617287490000308,REOPEN,0.0,0.0,24325.338454063,21.89196612497139,3.7606837606837757,21.87591399445457,0.35,5.0,0.05,
5.61860016799983,REOPEN,0.0,0.0,24325.338454063,21.90203707942321,3.6239316239316395,21.878236284459966,0.35,5.0,0.05,
5.619832246000442,REOPEN,0.0,0.0,24325.338454063,21.90203707942321,3.6239316239316395,21.88091519845559,0.35,5.0,0.05,
5.62114570599806,REOPEN,0.0,0.0,24325.349502685,21.909361409933624,3.2136752136752307,21.883399636457874,0.35,5.0,0.05,
5.622342077000212,REOPEN,0.0,0.0,24325.349502685,21.909361409933624,3.2136752136752307,21.885994410457464,0.35,5.0,0.05,
5.623514061997412,REOPEN,0.0,0.0,24325.349502685,21.909361409933624,3.2136752136752307,21.888370540461004,0.35,5.0,0.05,
5.62480018199858,REOPEN,0.0,0.0,24325.349502685,21.919432364385443,3.0769230769230944,21.890694412456035,0.35,5.0,0.05,
5.62596787000075,REOPEN,0.0,0.0,24325.349502685,21.919432364385443,3.0769230769230944,21.893293300456683,0.35,5.0,0.05,
5.627247438998893,REOPEN,0.0,0.0,24325.349502685,21.92767223620966,3.0769230769230944,21.89562640045417,0.35,5.0,0.05,
5.6284393109999655,REOPEN,0.0,0.0,24325.349502685,21.92767223620966,3.0769230769230944,21.89822424845854,0.35,5.0,0.05,
5.629717321997305,REOPEN,0.0,0.0,24325.349502685,21.93774319066148,2.1196581196581405,21.90054555645704,0.35,5.0,0.05,
5.630929790000664,REOPEN,0.0,0.0,24325.349502685,21.93774319066148,2.1196581196581405,21.903131286455867,0.35,5.0,0.05,
5.632113715997548,REOPEN,0.0,0.0,24325.360603535,21.93774319066148,2.1196581196581405,21.905554712454,0.35,5.0,0.05,
5.633449560998997,REOPEN,0.0,0.0,24325.360603535,21.9478141451133,2.1196581196581405,21.90792280245889,0.35,5.0,0.05,
5.63462562299901,REOPEN,0.0,0.0,24325.360603535,21.9478141451133,2.1196581196581405,21.91058943645705,0.35,5.0,0.05,
5.635923735000688,REOPEN,0.0,0.0,24325.360603535,21.956969558251316,1.9829059829060043,21.91294291845636,0.35,5.0,0.05,
5.637103336997825,REOPEN,0.0,0.0,24325.360603535,21.956969558251316,1.9829059829060043,21.91555145445684,0.35,5.0,0.05,
5.638259614999697,REOPEN,0.0,0.0,24325.360603535,21.956969558251316,1.9829059829060043,21.91788728045733,0.35,5.0,0.05,
5.639631914000347,REOPEN,0.0,0.0,24325.360603535,21.962462806134127,1.299145299145323,21.920232372455324,0.35,5.0,0.05,
5.640801931000169,REOPEN,0.0,0.0,24325.360603535,21.962462806134127,1.299145299145323,21.92295669245734,0.35,5.0,0.05,
5.642247502000828,REOPEN,0.0,0.0,24325.360603535,21.967956054016938,1.7094017094017318,21.925307240455844,0.35,5.0,0.05,
5.643422717999783,REOPEN,0.0,0.0,24325.371721556,21.967956054016938,1.7094017094017318,21.92819715845919,0.35,5.0,0.05,
5.644632589999674,REOPEN,0.0,0.0,24325.371721556,21.967956054016938,1.7094017094017318,21.930529666455662,0.35,5.0,0.05,
5.6460888529982185,REOPEN,0.0,0.0,24325.371721556,21.97894254978256,1.7094017094017318,21.93302739446019,0.35,5.0,0.05,
5.647298157997284,REOPEN,0.0,0.0,24325.371721556,21.97894254978256,1.7094017094017318,21.935895720455413,0.35,5.0,0.05,
5.648610406999069,REOPEN,0.0,0.0,24325.371721556,21.982604715037766,1.299145299145323,21.938205944456534,0.35,5.0,0.05,
5.649816223998641,REOPEN,0.0,0.0,24325.371721556,21.982604715037766,1.299145299145323,21.940949972459315,0.35,5.0,0.05,
5.651000342000771,REOPEN,0.0,0.0,24325.371721556,21.982604715037766,1.299145299145323,21.94334624445994,0.35,5.0,0.05,
5.652602244997979,REOPEN,0.0,0.0,24325.371721556,21.986266880292973,1.846153846153868,21.945756206458576,0.35,5.0,0.05,
5.654325815998163,REOPEN,0.0,0.0,24325.382717519,21.986266880292973,1.846153846153868,21.949839964460374,0.35,5.0,0.05,
5.655738236997422,REOPEN,0.0,0.0,24325.382717519,21.98992904554818,2.256410256410277,21.952410462460215,0.35,5.0,0.05,
5.657016780998674,REOPEN,0.0,0.0,24325.382717519,21.98992904554818,2.256410256410277,21.955206212458982,0.35,5.0,0.05,
5.658234517999517,REOPEN,0.0,0.0,24325.382717519,21.98992904554818,2.256410256410277,21.957781350460685,0.35,5.0,0.05,
5.659710798998276,REOPEN,0.0,0.0,24325.382717519,21.992675669489586,2.256410256410277,21.960231192455943,0.35,5.0,0.05,
5.660928219000198,REOPEN,0.0,0.0,24325.382717519,21.992675669489586,2.256410256410277,21.96315713446031,0.35,5.0,0.05,
5.662299138999515,REOPEN,0.0,0.0,24325.382717519,21.993591210803388,3.0769230769230944,21.96558073645658,0.35,5.0,0.05,
5.663478081998619,REOPEN,0.0,0.0,24325.382717519,21.993591210803388,3.0769230769230944,21.96833166446097,0.35,5.0,0.05,
5.665255061998323,REOPEN,0.0,0.0,24325.393720892,21.993591210803388,3.0769230769230944,21.97182506645415,0.35,5.0,0.05,
5.666643426997325,REOPEN,0.0,0.0,24325.393720892,21.998168917372396,3.350427350427367,21.974208990456212,0.35,5.0,0.05,
5.667894354999589,REOPEN,0.0,0.0,24325.393720892,21.998168917372396,3.350427350427367,21.977010298457138,0.35,5.0,0.05,
5.669353566998325,REOPEN,0.0,0.0,24325.393720892,22.000915541313802,3.2136752136752307,21.97952147246044,0.35,5.0,0.05,
5.670619773998624,REOPEN,0.0,0.0,24325.393720892,22.000915541313802,3.2136752136752307,21.982475882456605,0.35,5.0,0.05,
5.671962156997324,REOPEN,0.0,0.0,24325.393720892,22.008239871824216,3.7606837606837757,21.984937548457786,0.35,5.0,0.05,
5.673166308999498,REOPEN,0.0,0.0,24325.393720892,22.008239871824216,3.7606837606837757,21.987648414457475,0.35,5.0,0.05,
5.674375034999684,REOPEN,0.0,0.0,24325.393720892,22.008239871824216,3.7606837606837757,21.99004280846068,0.35,5.0,0.05,
5.676241510998807,REOPEN,0.0,0.0,24325.404576454,22.01556420233463,3.7606837606837757,21.993509314454535,0.35,5.0,0.05,
5.677473949999694,REOPEN,0.0,0.0,24325.404576454,22.01556420233463,3.7606837606837757,21.996229108454393,0.35,5.0,0.05,
5.678749408998556,REOPEN,0.0,0.0,24325.404576454,22.028381780727855,3.350427350427367,21.998627688454256,0.35,5.0,0.05,
5.679909859998588,REOPEN,0.0,0.0,24325.404576454,22.028381780727855,3.350427350427367,22.00117340645604,0.35,5.0,0.05,
5.681088811998052,REOPEN,0.0,0.0,24325.404576454,22.028381780727855,3.350427350427367,22.003513374455473,0.35,5.0,0.05,
5.682428977997915,REOPEN,0.0,0.0,24325.404576454,22.034790569924468,2.6666666666666856,22.005870542454907,0.35,5.0,0.05,
5.68358351599818,REOPEN,0.0,0.0,24325.404576454,22.034790569924468,2.6666666666666856,22.008532258458693,0.35,5.0,0.05,
5.684870257999137,REOPEN,0.0,0.0,24325.404576454,22.04028381780728,3.0769230769230944,22.010860110460747,0.35,5.0,0.05,
5.686050931999489,REOPEN,0.0,0.0,24325.404576454,22.04028381780728,3.0769230769230944,22.01344173845657,0.35,5.0,0.05,
5.687298181997903,REOPEN,0.0,0.0,24325.415525988,22.04028381780728,3.0769230769230944,22.015900144457667,0.35,5.0,0.05,
5.688605364997784,REOPEN,0.0,0.0,24325.415525988,22.054016937514305,2.6666666666666856,22.01822944645621,0.35,5.0,0.05,
5.689806488000613,REOPEN,0.0,0.0,24325.415525988,22.054016937514305,2.6666666666666856,22.020914718460084,0.35,5.0,0.05,
5.6911301059990365,REOPEN,0.0,0.0,24325.415525988,22.059510185397116,1.846153846153868,22.02336100445475,0.35,5.0,0.05,
5.692451962997438,REOPEN,0.0,0.0,24325.415525988,22.059510185397116,1.846153846153868,22.026013274453838,0.35,5.0,0.05,
5.693735965000087,REOPEN,0.0,0.0,24325.415525988,22.059510185397116,1.846153846153868,22.02867300445589,0.35,5.0,0.05,
5.695234225000604,REOPEN,0.0,0.0,24325.415525988,22.07141222247654,2.1196581196581405,22.03123872045628,0.35,5.0,0.05,
5.696438282997406,REOPEN,0.0,0.0,24325.415525988,22.07141222247654,2.1196581196581405,22.034242380456384,0.35,5.0,0.05,
5.698265944000013,REOPEN,0.0,0.0,24325.426636349,22.07690547035935,1.9829059829060043,22.037624524457463,0.35,5.0,0.05,
5.699500001999695,REOPEN,0.0,0.0,24325.426636349,22.07690547035935,1.9829059829060043,22.040257898459934,0.35,5.0,0.05,
5.700698737000494,REOPEN,0.0,0.0,24325.426636349,22.07690547035935,1.9829059829060043,22.04269824445739,0.35,5.0,0.05,
5.702027832998283,REOPEN,0.0,0.0,24325.426636349,22.083314259555962,1.7094017094017318,22.04508141445924,0.35,5.0,0.05,
5.70321984399925,REOPEN,0.0,0.0,24325.426636349,22.083314259555962,1.7094017094017318,22.04776829645791,0.35,5.0,0.05,
5.704438180997386,REOPEN,0.0,0.0,24325.426636349,22.083314259555962,1.7094017094017318,22.050149428456756,0.35,5.0,0.05,
5.705619157997717,REOPEN,0.0,0.0,24325.426636349,22.083314259555962,1.7094017094017318,22.052563342457255,0.35,5.0,0.05,
5.70689595499789,REOPEN,0.0,0.0,24325.426636349,22.083314259555962,1.7094017094017318,22.05492804645703,0.35,5.0,0.05,
5.708444543997757,REOPEN,0.0,0.0,24325.426636349,22.1034561684596,1.4358974358974592,22.05757579245485,0.35,5.0,0.05,
5.709716371999093,REOPEN,0.0,0.0,24325.437906625,22.1034561684596,1.4358974358974592,22.06064527445644,0.35,5.0,0.05,
5.711095053997269,REOPEN,0.0,0.0,24325.437906625,22.108949416342412,0.8888888888889142,22.063182438456828,0.35,5.0,0.05,
5.7123833909972745,REOPEN,0.0,0.0,24325.437906625,22.108949416342412,0.8888888888889142,22.06595206245631,0.35,5.0,0.05,
5.713564596997458,REOPEN,0.0,0.0,24325.437906625,22.108949416342412,0.8888888888889142,22.06847009245623,0.35,5.0,0.05,
5.715165513000102,REOPEN,0.0,0.0,24325.437906625,22.11902037079423,1.4358974358974592,22.070853238454696,0.35,5.0,0.05,
5.716494176998822,REOPEN,0.0,0.0,24325.437906625,22.11902037079423,1.4358974358974592,22.0741673284597,0.35,5.0,0.05,
5.7180088049972255,REOPEN,0.0,0.0,24325.437906625,22.12817578393225,1.1623931623931867,22.076736792458654,0.35,5.0,0.05,
5.719332114000281,REOPEN,0.0,0.0,24325.437906625,22.12817578393225,1.1623931623931867,22.079825288458345,0.35,5.0,0.05,
5.720976286000223,REOPEN,0.0,0.0,24325.448819068,22.137331197070267,0.3418803418803691,22.08257695445584,0.35,5.0,0.05,
5.722250378999888,REOPEN,0.0,0.0,24325.448819068,22.137331197070267,0.3418803418803691,22.085727702457483,0.35,5.0,0.05,
5.723557330999029,REOPEN,0.0,0.0,24325.448819068,22.137331197070267,0.3418803418803691,22.08824645645884,0.35,5.0,0.05,
5.724972482999874,REOPEN,0.0,0.0,24325.448819068,22.14465552758068,0.7521367521367779,22.090887982458774,0.35,5.0,0.05,
5.726240616997529,REOPEN,0.0,0.0,24325.448819068,22.14465552758068,0.7521367521367779,22.09366507245661,0.35,5.0,0.05,
5.727652379999199,REOPEN,0.0,0.0,24325.448819068,22.147402151522087,0.7521367521367779,22.096247464457086,0.35,5.0,0.05,
5.728858505997778,REOPEN,0.0,0.0,24325.448819068,22.147402151522087,0.7521367521367779,22.099035246460083,0.35,5.0,0.05,
5.730102806999639,REOPEN,0.0,0.0,24325.448819068,22.147402151522087,0.7521367521367779,22.101494754455892,0.35,5.0,0.05,
5.731493506998959,REOPEN,0.0,0.0,24325.459601161,22.151064316777294,0.8888888888889142,22.1039560464583,0.35,5.0,0.05,
5.732787616998394,REOPEN,0.0,0.0,24325.459601161,22.151064316777294,0.8888888888889142,22.106722294457107,0.35,5.0,0.05,
5.734142893998069,REOPEN,0.0,0.0,24325.459601161,22.1547264820325,1.4358974358974592,22.109326820459067,0.35,5.0,0.05,
5.7353890359991055,REOPEN,0.0,0.0,24325.459601161,22.1547264820325,1.4358974358974592,22.112009190454522,0.35,5.0,0.05,
5.7365984759999264,REOPEN,0.0,0.0,24325.459601161,22.1547264820325,1.4358974358974592,22.114528578460998,0.35,5.0,0.05,
5.737963383999158,REOPEN,0.0,0.0,24325.459601161,22.16388189517052,1.5726495726495955,22.11691684445625,0.35,5.0,0.05,
5.739145018000272,REOPEN,0.0,0.0,24325.459601161,22.16388189517052,1.5726495726495955,22.119628780458264,0.35,5.0,0.05,
5.740454733997467,REOPEN,0.0,0.0,24325.459601161,22.173037308308537,1.0256410256410504,22.121982244456852,0.35,5.0,0.05,
5.742326464998769,REOPEN,0.0,0.0,24325.470779385,22.173037308308537,1.0256410256410504,22.125934492456985,0.35,5.0,0.05,
5.743497509000008,REOPEN,0.0,0.0,24325.470779385,22.173037308308537,1.0256410256410504,22.128360754456047,0.35,5.0,0.05,
5.744825696998305,REOPEN,0.0,0.0,24325.470779385,22.18036163881895,0.6153846153846416,22.13066643246068,0.35,5.0,0.05,
5.746004151998932,REOPEN,0.0,0.0,24325.470779385,22.18036163881895,0.6153846153846416,22.1333278704574,0.35,5.0,0.05,
5.7473260250008025,REOPEN,0.0,0.0,24325.470779385,22.186770428015564,1.0256410256410504,22.13571357045523,0.35,5.0,0.05,
5.748494914998446,REOPEN,0.0,0.0,24325.470779385,22.186770428015564,1.0256410256410504,22.138351100455587,0.35,5.0,0.05,
5.749652357997547,REOPEN,0.0,0.0,24325.470779385,22.186770428015564,1.0256410256410504,22.14066665245857,0.35,5.0,0.05,
5.750970819997747,REOPEN,0.0,0.0,24325.470779385,22.20050354772259,0.6153846153846416,22.142981218460157,0.35,5.0,0.05,
5.752149493000616,REOPEN,0.0,0.0,24325.470779385,22.20050354772259,0.6153846153846416,22.145657664458234,0.35,5.0,0.05,
5.753452566998021,REOPEN,0.0,0.0,24325.481624955,22.2050812542916,0.06837606837609655,22.148006118457964,0.35,5.0,0.05,
5.754633702999854,REOPEN,0.0,0.0,24325.481624955,22.2050812542916,0.06837606837609655,22.15058376446043,0.35,5.0,0.05,
5.755819095000334,REOPEN,0.0,0.0,24325.481624955,22.2050812542916,0.06837606837609655,22.15297785646046,0.35,5.0,0.05,
5.757170233999204,REOPEN,0.0,0.0,24325.481624955,22.212405584802013,0.3418803418803691,22.155323826455536,0.35,5.0,0.05,
5.758553132000088,REOPEN,0.0,0.0,24325.481624955,22.212405584802013,0.3418803418803691,22.158109440455995,0.35,5.0,0.05,
5.760092921998876,REOPEN,0.0,0.0,24325.481624955,22.218814373998626,0.6153846153846416,22.160937302457135,0.35,5.0,0.05,
5.761459263998404,REOPEN,0.0,0.0,24325.481624955,22.218814373998626,0.6153846153846416,22.16401696645564,0.35,5.0,0.05,
5.762992012998438,REOPEN,0.0,0.0,24325.481624955,22.222476539253833,0.20512820512823282,22.166686500454055,0.35,5.0,0.05,
5.764263786000811,REOPEN,0.0,0.0,24325.49278373,22.222476539253833,0.20512820512823282,22.169867406456,0.35,5.0,0.05,
5.765474739000638,REOPEN,0.0,0.0,24325.49278373,22.222476539253833,0.20512820512823282,22.172241430455436,0.35,5.0,0.05,
5.766777966997324,REOPEN,0.0,0.0,24325.49278373,22.224307621881437,0.6153846153846416,22.17463137445386,0.35,5.0,0.05,
5.767956190000405,REOPEN,0.0,0.0,24325.49278373,22.224307621881437,0.6153846153846416,22.177257912454046,0.35,5.0,0.05,
5.769258485997852,REOPEN,0.0,0.0,24325.49278373,22.227054245822842,1.5726495726495955,22.179611626454538,0.35,5.0,0.05,
5.770466713998758,REOPEN,0.0,0.0,24325.49278373,22.227054245822842,1.5726495726495955,22.182225974460856,0.35,5.0,0.05,
5.771623503998853,REOPEN,0.0,0.0,24325.49278373,22.227054245822842,1.5726495726495955,22.184609206453864,0.35,5.0,0.05,
5.772948469999392,REOPEN,0.0,0.0,24325.49278373,22.234378576333256,1.299145299145323,22.186922220457312,0.35,5.0,0.05,
5.774170494998543,REOPEN,0.0,0.0,24325.49278373,22.234378576333256,1.299145299145323,22.189602784458224,0.35,5.0,0.05,
5.77548139099963,REOPEN,0.0,0.0,24325.503660278,22.242618448157472,1.1623931623931867,22.192045492457076,0.35,5.0,0.05,
5.776695395998104,REOPEN,0.0,0.0,24325.503660278,22.242618448157472,1.1623931623931867,22.1946546624554,0.35,5.0,0.05,
5.77790737399846,REOPEN,0.0,0.0,24325.503660278,22.242618448157472,1.1623931623931867,22.197126846457216,0.35,5.0,0.05,
5.779265181998198,REOPEN,0.0,0.0,24325.503660278,22.25085831998169,0.8888888888889142,22.19952739845987,0.35,5.0,0.05,
5.780478619999485,REOPEN,0.0,0.0,24325.503660278,22.25085831998169,0.8888888888889142,22.20224611445385,0.35,5.0,0.05,
5.781763577997481,REOPEN,0.0,0.0,24325.503660278,22.253604943923094,0.8888888888889142,22.204638716454177,0.35,5.0,0.05,
5.7830480039992835,REOPEN,0.0,0.0,24325.503660278,22.253604943923094,0.8888888888889142,22.20723537445385,0.35,5.0,0.05,
5.784369200999208,REOPEN,0.0,0.0,24325.503660278,22.253604943923094,0.8888888888889142,22.20990622245383,0.35,5.0,0.05,
5.786524186998577,REOPEN,0.0,0.0,24325.514793489,22.258182650492103,1.4358974358974592,22.213945882455413,0.35,5.0,0.05,
5.787779455997224,REOPEN,0.0,0.0,24325.514793489,22.26184481574731,1.5726495726495955,22.216734532458325,0.35,5.0,0.05,
5.788998744999844,REOPEN,0.0,0.0,24325.514793489,22.26184481574731,1.5726495726495955,22.219292812459138,0.35,5.0,0.05,
5.790355378998356,REOPEN,0.0,0.0,24325.514793489,22.27191577019913,1.0256410256410504,22.221737988455537,0.35,5.0,0.05,
5.791529164998792,REOPEN,0.0,0.0,24325.514793489,22.27191577019913,1.0256410256410504,22.224401128458815,0.35,5.0,0.05,
5.792805401000805,REOPEN,0.0,0.0,24325.514793489,22.276493476768138,0.7521367521367779,22.226736524457486,0.35,5.0,0.05,
5.794104319000326,REOPEN,0.0,0.0,24325.514793489,22.276493476768138,0.7521367521367779,22.229360184459914,0.35,5.0,0.05,
5.7953276640000695,REOPEN,0.0,0.0,24325.514793489,22.276493476768138,0.7521367521367779,22.231981706458576,0.35,5.0,0.05,
5.797429253998416,REOPEN,0.0,0.0,24325.525609709,22.28747997253376,1.1623931623931867,22.23560312846032,0.35,5.0,0.05,
5.798800077998749,REOPEN,0.0,0.0,24325.525609709,22.29297322041657,1.1623931623931867,22.238602230458604,0.35,5.0,0.05,
5.800102229997719,REOPEN,0.0,0.0,24325.525609709,22.29297322041657,1.1623931623931867,22.241388476456017,0.35,5.0,0.05,
5.801479398000083,REOPEN,0.0,0.0,24325.525609709,22.302128633554588,0.20512820512823282,22.243973086459413,0.35,5.0,0.05,
5.802764453997952,REOPEN,0.0,0.0,24325.525609709,22.302128633554588,0.20512820512823282,22.24668643645648,0.35,5.0,0.05,
5.80421525699785,REOPEN,0.0,0.0,24325.525609709,22.304875257495993,-0.3418803418803691,22.249337330455567,0.35,5.0,0.05,
5.805437253999116,REOPEN,0.0,0.0,24325.525609709,22.304875257495993,-0.3418803418803691,22.252130674455223,0.35,5.0,0.05,
5.806662333998247,REOPEN,0.0,0.0,24325.525609709,22.304875257495993,-0.3418803418803691,22.254568598461013,0.35,5.0,0.05,
5.808554947998346,REOPEN,0.0,0.0,24325.536740777,22.319523918516822,0.6153846153846416,22.25787598445688,0.35,5.0,0.05,
5.809779596998851,REOPEN,0.0,0.0,24325.536740777,22.319523918516822,0.6153846153846416,22.260830284455118,0.35,5.0,0.05,
5.811103758998797,REOPEN,0.0,0.0,24325.536740777,22.326848249027236,-0.06837606837609655,22.26329465245592,0.35,5.0,0.05,
5.812286938999023,REOPEN,0.0,0.0,24325.536740777,22.326848249027236,-0.06837606837609655,22.265888960459527,0.35,5.0,0.05,
5.813431660000788,REOPEN,0.0,0.0,24325.536740777,22.326848249027236,-0.06837606837609655,22.26820276445735,0.35,5.0,0.05,
5.81477861500025,REOPEN,0.0,0.0,24325.536740777,22.326848249027236,-0.47863247863250535,22.270553342454626,0.35,5.0,0.05,
5.8159648469991225,REOPEN,0.0,0.0,24325.536740777,22.326848249027236,-0.47863247863250535,22.273274664456515,0.35,5.0,0.05,
5.817248249000841,REOPEN,0.0,0.0,24325.536740777,22.326848249027236,0.8888888888889142,22.275636212458743,0.35,5.0,0.05,
5.818611274997238,REOPEN,0.0,0.0,24325.536740777,22.326848249027236,0.8888888888889142,22.278222650459178,0.35,5.0,0.05,
5.8207029859986505,REOPEN,0.0,0.0,24325.548046909,22.326848249027236,0.8888888888889142,22.282607332456358,0.35,5.0,0.05,
5.82210500599831,REOPEN,0.0,0.0,24325.548046909,22.330510414282443,1.5726495726495955,22.285129804457505,0.35,5.0,0.05,
5.8234012449975125,REOPEN,0.0,0.0,24325.548046909,22.330510414282443,1.5726495726495955,22.287971200460127,0.35,5.0,0.05,
5.824756394998985,REOPEN,0.0,0.0,24325.548046909,22.331425955596245,1.4358974358974592,22.29051914445383,0.35,5.0,0.05,
5.825947700999677,REOPEN,0.0,0.0,24325.548046909,22.331425955596245,1.4358974358974592,22.29322610445754,0.35,5.0,0.05,
5.8272526469991135,REOPEN,0.0,0.0,24325.548046909,22.332341496910047,2.1196581196581405,22.295618908460277,0.35,5.0,0.05,
5.8284740790004435,REOPEN,0.0,0.0,24325.548046909,22.332341496910047,2.1196581196581405,22.298258148456192,0.35,5.0,0.05,
5.8300976249993255,REOPEN,0.0,0.0,24325.558603814,22.332341496910047,2.1196581196581405,22.301525644458273,0.35,5.0,0.05,
5.831528612998227,REOPEN,0.0,0.0,24325.558603814,22.337834744792858,2.6666666666666856,22.303903858456145,0.35,5.0,0.05,
5.832698619000439,REOPEN,0.0,0.0,24325.558603814,22.337834744792858,2.6666666666666856,22.306746004457203,0.35,5.0,0.05,
5.8340292219982075,REOPEN,0.0,0.0,24325.558603814,22.34424353398947,2.393162393162413,22.309095846454987,0.35,5.0,0.05,
5.8352292889976525,REOPEN,0.0,0.0,24325.558603814,22.34424353398947,2.393162393162413,22.311770414455644,0.35,5.0,0.05,
5.836546525999438,REOPEN,0.0,0.0,24325.558603814,22.34424353398947,2.393162393162413,22.31424099845983,0.35,5.0,0.05,
5.83842125099909,REOPEN,0.0,0.0,24325.558603814,22.350652323186083,2.393162393162413,22.3169128124596,0.35,5.0,0.05,
5.840176179997798,REOPEN,0.0,0.0,24325.558603814,22.350652323186083,2.393162393162413,22.320725934458572,0.35,5.0,0.05,
5.841804419000255,REOPEN,0.0,0.0,24325.56959171,22.35523002975509,2.6666666666666856,22.324258230454255,0.35,5.0,0.05,
5.843241347000003,REOPEN,0.0,0.0,24325.56959171,22.360723277637902,2.803418803418822,22.327424816454844,0.35,5.0,0.05,
5.844560502999229,REOPEN,0.0,0.0,24325.56959171,22.360723277637902,2.803418803418822,22.330236364456617,0.35,5.0,0.05,
5.846188331997837,REOPEN,0.0,0.0,24325.56959171,22.371709773403524,2.393162393162413,22.33294078646079,0.35,5.0,0.05,
5.84759105899866,REOPEN,0.0,0.0,24325.56959171,22.371709773403524,2.393162393162413,22.336216350459402,0.35,5.0,0.05,
5.849038196000038,REOPEN,0.0,0.0,24325.56959171,22.37445639734493,1.846153846153868,22.33897071445474,0.35,5.0,0.05,
5.850279234000482,REOPEN,0.0,0.0,24325.56959171,22.37445639734493,1.846153846153868,22.341835862457195,0.35,5.0,0.05,
5.852255090998369,REOPEN,0.0,0.0,24325.580717418,22.37445639734493,1.846153846153868,22.3457863484605,0.35,5.0,0.05,
5.853756152999267,REOPEN,0.0,0.0,24325.580717418,22.38086518654154,2.5299145299145493,22.348253286460498,0.35,5.0,0.05,
5.854958522999368,REOPEN,0.0,0.0,24325.580717418,22.38086518654154,2.5299145299145493,22.351238364457934,0.35,5.0,0.05,
5.8562704819996725,REOPEN,0.0,0.0,24325.580717418,22.398260471503775,2.256410256410277,22.353626362457838,0.35,5.0,0.05,
5.857456928999454,REOPEN,0.0,0.0,24325.580717418,22.398260471503775,2.256410256410277,22.356245574456374,0.35,5.0,0.05,
5.858611039999232,REOPEN,0.0,0.0,24325.580717418,22.398260471503775,2.256410256410277,22.358592368460926,0.35,5.0,0.05,
5.859945812997466,REOPEN,0.0,0.0,24325.580717418,22.403753719386586,1.0256410256410504,22.36091633645494,0.35,5.0,0.05,
5.861124253999151,REOPEN,0.0,0.0,24325.580717418,22.403753719386586,1.0256410256410504,22.36359910845433,0.35,5.0,0.05,
5.862510782000754,REOPEN,0.0,0.0,24325.580717418,22.40558480201419,1.5726495726495955,22.365927336456046,0.35,5.0,0.05,
5.86435377700036,REOPEN,0.0,0.0,24325.591698599,22.40558480201419,1.5726495726495955,22.36987338646079,0.35,5.0,0.05,
5.8655518619998475,REOPEN,0.0,0.0,24325.591698599,22.40558480201419,1.5726495726495955,22.37244075245919,0.35,5.0,0.05,
5.866906740000559,REOPEN,0.0,0.0,24325.591698599,22.417486839093613,2.5299145299145493,22.374787070456044,0.35,5.0,0.05,
5.8681561989978945,REOPEN,0.0,0.0,24325.591698599,22.417486839093613,2.5299145299145493,22.377532222456033,0.35,5.0,0.05,
5.869561709998379,REOPEN,0.0,0.0,24325.591698599,22.42206454566262,1.846153846153868,22.380058124460014,0.35,5.0,0.05,
5.870745944997907,REOPEN,0.0,0.0,24325.591698599,22.42206454566262,1.846153846153868,22.382821138455732,0.35,5.0,0.05,
5.872047772998485,REOPEN,0.0,0.0,24325.591698599,22.42206454566262,1.846153846153868,22.38522299046101,0.35,5.0,0.05,
5.873697238999739,REOPEN,0.0,0.0,24325.591698599,22.424811169604027,1.7094017094017318,22.387899866460906,0.35,5.0,0.05,
5.87571754199962,REOPEN,0.0,0.0,24325.603088539,22.424811169604027,1.7094017094017318,22.39264113845504,0.35,5.0,0.05,
5.877185719000408,REOPEN,0.0,0.0,24325.603088539,22.430304417486838,2.803418803418822,22.395236936458353,0.35,5.0,0.05,
5.878418034000788,REOPEN,0.0,0.0,24325.603088539,22.430304417486838,2.803418803418822,22.39813619045392,0.35,5.0,0.05,
5.879787965997821,REOPEN,0.0,0.0,24325.603088539,22.44220645456626,2.5299145299145493,22.400526792460845,0.35,5.0,0.05,
5.880997981999826,REOPEN,0.0,0.0,24325.603088539,22.44220645456626,2.5299145299145493,22.403330936455426,0.35,5.0,0.05,
5.8823804130006465,REOPEN,0.0,0.0,24325.603088539,22.444953078507666,1.7094017094017318,22.405729746455584,0.35,5.0,0.05,
5.883548065998184,REOPEN,0.0,0.0,24325.603088539,22.444953078507666,1.7094017094017318,22.408476370454558,0.35,5.0,0.05,
5.885248169997794,REOPEN,0.0,0.0,24325.613661853,22.444953078507666,1.7094017094017318,22.411708404457862,0.35,5.0,0.05,
5.8866748369982815,REOPEN,0.0,0.0,24325.613661853,22.444953078507666,2.5299145299145493,22.41423914845884,0.35,5.0,0.05,
5.88794559300004,REOPEN,0.0,0.0,24325.613661853,22.444953078507666,2.5299145299145493,22.417056786458964,0.35,5.0,0.05,
5.889367438998306,REOPEN,0.0,0.0,24325.613661853,22.448615243762873,3.350427350427367,22.419645474454704,0.35,5.0,0.05,
5.890579292998154,REOPEN,0.0,0.0,24325.613661853,22.448615243762873,3.350427350427367,22.422460694457662,0.35,5.0,0.05,
5.891781141999672,REOPEN,0.0,0.0,24325.613661853,22.448615243762873,3.350427350427367,22.424857298460232,0.35,5.0,0.05,
5.893156480000471,REOPEN,0.0,0.0,24325.613661853,22.454108491645684,2.940170940170958,22.427261728460984,0.35,5.0,0.05,
5.894374376999622,REOPEN,0.0,0.0,24325.613661853,22.454108491645684,2.940170940170958,22.430031374455687,0.35,5.0,0.05,
5.89640489699741,REOPEN,0.0,0.0,24325.624768741,22.461432822156098,3.0769230769230944,22.433890888455174,0.35,5.0,0.05,
5.897700843997882,REOPEN,0.0,0.0,24325.624768741,22.46692607003891,3.2136752136752307,22.436506610460604,0.35,5.0,0.05,
5.898902965000161,REOPEN,0.0,0.0,24325.624768741,22.46692607003891,3.2136752136752307,22.43913309645952,0.35,5.0,0.05,
5.900387375997525,REOPEN,0.0,0.0,24325.624768741,22.475165941863125,2.6666666666666856,22.44151969645693,0.35,5.0,0.05,
5.9016281539988995,REOPEN,0.0,0.0,24325.624768741,22.475165941863125,2.6666666666666856,22.444570124457208,0.35,5.0,0.05,
5.903091611999116,REOPEN,0.0,0.0,24325.624768741,22.475165941863125,2.393162393162413,22.447001476454282,0.35,5.0,0.05,
5.904419489997963,REOPEN,0.0,0.0,24325.624768741,22.475165941863125,2.393162393162413,22.450004504457432,0.35,5.0,0.05,
5.905616206000559,REOPEN,0.0,0.0,24325.624768741,22.475165941863125,2.393162393162413,22.452589550458036,0.35,5.0,0.05,
5.907413347998954,REOPEN,0.0,0.0,24325.635576329,22.476081483176927,3.6239316239316395,22.455457652455628,0.35,5.0,0.05,
5.90864713100018,REOPEN,0.0,0.0,24325.635576329,22.476081483176927,3.6239316239316395,22.45859187245744,0.35,5.0,0.05,
5.909993868997844,REOPEN,0.0,0.0,24325.635576329,22.479743648432134,4.034188034188048,22.461011726455148,0.35,5.0,0.05,
5.911209724999935,REOPEN,0.0,0.0,24325.635576329,22.479743648432134,4.034188034188048,22.463708766454623,0.35,5.0,0.05,
5.912415017999592,REOPEN,0.0,0.0,24325.635576329,22.479743648432134,4.034188034188048,22.466130624454784,0.35,5.0,0.05,
5.913749825998821,REOPEN,0.0,0.0,24325.635576329,22.481574731059737,4.1709401709401845,22.46851533445672,0.35,5.0,0.05,
5.914932312000019,REOPEN,0.0,0.0,24325.635576329,22.481574731059737,4.1709401709401845,22.471209944460973,0.35,5.0,0.05,
5.916235511998821,REOPEN,0.0,0.0,24325.635576329,22.485236896314944,4.71794871794873,22.47356343045478,0.35,5.0,0.05,
5.918386361998273,REOPEN,0.0,0.0,24325.635576329,22.485236896314944,4.71794871794873,22.476319272459044,0.35,5.0,0.05,
5.9198196420002205,REOPEN,0.0,0.0,24325.646886006,22.485236896314944,4.71794871794873,22.480663196455247,0.35,5.0,0.05,
5.921731559999898,REOPEN,0.0,0.0,24325.646886006,22.49347676813916,4.581196581196593,22.483535620458973,0.35,5.0,0.05,
5.92312696099907,REOPEN,0.0,0.0,24325.646886006,22.49347676813916,4.581196581196593,22.48730884045883,0.35,5.0,0.05,
5.924862944997585,REOPEN,0.0,0.0,24325.646886006,22.499885557335773,4.307692307692321,22.49015900245515,0.35,5.0,0.05,
5.926170578997699,REOPEN,0.0,0.0,24325.646886006,22.499885557335773,4.307692307692321,22.493577520459915,0.35,5.0,0.05,
5.927979816999141,REOPEN,0.0,0.0,24325.646886006,22.504463263904782,4.71794871794873,22.496120614460345,0.35,5.0,0.05,
5.929513462000614,REOPEN,0.0,0.0,24325.657773694,22.504463263904782,4.71794871794873,22.499896036456015,0.35,5.0,0.05,
5.93094020299759,REOPEN,0.0,0.0,24325.657773694,22.504463263904782,4.71794871794873,22.502900952461026,0.35,5.0,0.05,
5.932628525999462,REOPEN,0.0,0.0,24325.657773694,22.520027466239412,4.444444444444457,22.505701768454422,0.35,5.0,0.05,
5.933917958998791,REOPEN,0.0,0.0,24325.657773694,22.520027466239412,4.444444444444457,22.50901216045397,0.35,5.0,0.05,
5.935518169000716,REOPEN,0.0,0.0,24325.657773694,22.521858548867016,4.034188034188048,22.511632904456313,0.35,5.0,0.05,
5.936804829998437,REOPEN,0.0,0.0,24325.657773694,22.521858548867016,4.034188034188048,22.514807966460033,0.35,5.0,0.05,
5.938098580998485,REOPEN,0.0,0.0,24325.657773694,22.521858548867016,4.034188034188048,22.517400402454335,0.35,5.0,0.05,
5.940850398998009,REOPEN,0.0,0.0,24325.668859108,22.526436255436025,5.401709401709411,22.5200572844574,0.35,5.0,0.05,
5.942238166997413,REOPEN,0.0,0.0,24325.668859108,22.526436255436025,5.401709401709411,22.525576052454674,0.35,5.0,0.05,
5.943525963997672,REOPEN,0.0,0.0,24325.668859108,22.526436255436025,5.401709401709411,22.528252860460746,0.35,5.0,0.05,
5.945065928997792,REOPEN,0.0,0.0,24325.668859108,22.538338292515448,4.854700854700866,22.530784518460244,0.35,5.0,0.05,
5.946327023997583,REOPEN,0.0,0.0,24325.668859108,22.538338292515448,4.854700854700866,22.53394311445529,0.35,5.0,0.05,
5.9476747429980605,REOPEN,0.0,0.0,24325.668859108,22.54932478828107,4.444444444444457,22.53637226645744,0.35,5.0,0.05,
5.9489714480005205,REOPEN,0.0,0.0,24325.668859108,22.54932478828107,4.444444444444457,22.53901295645712,0.35,5.0,0.05,
5.950285397997504,REOPEN,0.0,0.0,24325.668859108,22.54932478828107,4.444444444444457,22.541750824459562,0.35,5.0,0.05,
5.951682441998855,REOPEN,0.0,0.0,24325.679860205,22.558480201419087,4.307692307692321,22.544269742461005,0.35,5.0,0.05,
5.952957417997823,REOPEN,0.0,0.0,24325.679860205,22.558480201419087,4.307692307692321,22.547122796454026,0.35,5.0,0.05,
5.954256727000029,REOPEN,0.0,0.0,24325.679860205,22.571297779812312,4.034188034188048,22.54961999645686,0.35,5.0,0.05,
5.955467015999602,REOPEN,0.0,0.0,24325.679860205,22.571297779812312,4.034188034188048,22.5522300304606,0.35,5.0,0.05,
5.956642557997839,REOPEN,0.0,0.0,24325.679860205,22.571297779812312,4.034188034188048,22.554616646457838,0.35,5.0,0.05,
5.958020784997643,REOPEN,0.0,0.0,24325.679860205,22.58136873426413,2.803418803418822,22.556987188460447,0.35,5.0,0.05,
5.959184275998268,REOPEN,0.0,0.0,24325.679860205,22.58136873426413,2.803418803418822,22.55972845045701,0.35,5.0,0.05,
5.960487973999989,REOPEN,0.0,0.0,24325.679860205,22.59510185397116,3.0769230769230944,22.56206370445809,0.35,5.0,0.05,
5.962395899998228,REOPEN,0.0,0.0,24325.690885076,22.59510185397116,3.0769230769230944,22.566131034460817,0.35,5.0,0.05,
5.963569153998833,REOPEN,0.0,0.0,24325.690885076,22.59510185397116,3.0769230769230944,22.56847671645894,0.35,5.0,0.05,
5.964980385997478,REOPEN,0.0,0.0,24325.690885076,22.609750514991987,1.9829059829060043,22.570822654454354,0.35,5.0,0.05,
5.9661686469989945,REOPEN,0.0,0.0,24325.690885076,22.609750514991987,1.9829059829060043,22.573672312459642,0.35,5.0,0.05,
5.967513217998203,REOPEN,0.0,0.0,24325.690885076,22.622568093385212,1.4358974358974592,22.576038610454383,0.35,5.0,0.05,
5.968703636997816,REOPEN,0.0,0.0,24325.690885076,22.622568093385212,1.4358974358974592,22.578725936453814,0.35,5.0,0.05,
5.969931130999612,REOPEN,0.0,0.0,24325.690885076,22.622568093385212,1.4358974358974592,22.581181438460156,0.35,5.0,0.05,
5.971329459000117,REOPEN,0.0,0.0,24325.690885076,22.640878919661247,0.6153846153846416,22.583566988456845,0.35,5.0,0.05,
5.972609358999762,REOPEN,0.0,0.0,24325.690885076,22.640878919661247,0.6153846153846416,22.586437722459344,0.35,5.0,0.05,
5.973935092999454,REOPEN,0.0,0.0,24325.702038033,22.653696498054472,-0.06837606837609655,22.588933366454988,0.35,5.0,0.05,
5.97512197299875,REOPEN,0.0,0.0,24325.702038033,22.653696498054472,-0.06837606837609655,22.5915759964578,0.35,5.0,0.05,
5.976297141998657,REOPEN,0.0,0.0,24325.702038033,22.653696498054472,-0.06837606837609655,22.593939388456896,0.35,5.0,0.05,
5.977631968999049,REOPEN,0.0,0.0,24325.702038033,22.67750057221332,-1.4358974358974592,22.59621957045831,0.35,5.0,0.05,
5.978802653000457,REOPEN,0.0,0.0,24325.702038033,22.67750057221332,-1.4358974358974592,22.598950306457958,0.35,5.0,0.05,
5.980105194998032,REOPEN,0.0,0.0,24325.702038033,22.692149233234147,-2.393162393162413,22.601312478460862,0.35,5.0,0.05,
5.981287668997538,REOPEN,0.0,0.0,24325.702038033,22.692149233234147,-2.393162393162413,22.60391173245673,0.35,5.0,0.05,
5.982639223999286,REOPEN,0.0,0.0,24325.702038033,22.70954451819638,-3.350427350427367,22.606226540456667,0.35,5.0,0.05,
5.984596897000301,REOPEN,0.0,0.0,24325.712925518,22.70954451819638,-3.350427350427367,22.61025111245774,0.35,5.0,0.05,
5.98590246099775,REOPEN,0.0,0.0,24325.712925518,22.70954451819638,-3.350427350427367,22.6130467024582,0.35,5.0,0.05,
5.987357260997669,REOPEN,0.0,0.0,24325.712925518,22.72510872053101,-4.581196581196593,22.61551686845862,0.35,5.0,0.05,
5.988554412000667,REOPEN,0.0,0.0,24325.712925518,22.72510872053101,-4.581196581196593,22.618435710459856,0.35,5.0,0.05,
5.989917273000174,REOPEN,0.0,0.0,24325.712925518,22.727855344472417,-4.991452991453002,22.62080127645688,0.35,5.0,0.05,
5.9911724039993715,REOPEN,0.0,0.0,24325.712925518,22.727855344472417,-4.991452991453002,22.6235841024559,0.35,5.0,0.05,
5.992368745999556,REOPEN,0.0,0.0,24325.712925518,22.727855344472417,-4.991452991453002,22.626058436459537,0.35,5.0,0.05,
5.993794881000213,REOPEN,0.0,0.0,24325.712925518,22.733348592355227,-4.307692307692321,22.62842618845982,0.35,5.0,0.05,
5.995441300998209,REOPEN,0.0,0.0,24325.723881724,22.733348592355227,-4.307692307692321,22.632090652458395,0.35,5.0,0.05,
5.996894271000201,REOPEN,0.0,0.0,24325.723881724,22.733348592355227,-3.6239316239316395,22.634611946460176,0.35,5.0,0.05,
5.998110069998802,REOPEN,0.0,0.0,24325.723881724,22.733348592355227,-3.6239316239316395,22.63753624845642,0.35,5.0,0.05,
5.99928907299909,REOPEN,0.0,0.0,24325.723881724,22.733348592355227,-3.6239316239316395,22.63991742045848,0.35,5.0,0.05,
6.000673376998748,REOPEN,0.0,0.0,24325.723881724,22.730601968413822,-3.0769230769230944,22.642224800455118,0.35,5.0,0.05,
6.001883313998405,REOPEN,0.0,0.0,24325.723881724,22.730601968413822,-3.0769230769230944,22.64506389645478,0.35,5.0,0.05,
6.003359572998306,REOPEN,0.0,0.0,24325.723881724,22.732433051041426,-2.256410256410277,22.647528562456976,0.35,5.0,0.05,
6.004659561000153,REOPEN,0.0,0.0,24325.723881724,22.732433051041426,-2.256410256410277,22.650516176460336,0.35,5.0,0.05,
6.006419666999136,REOPEN,0.0,0.0,24325.734889033,22.732433051041426,-2.256410256410277,22.654130002456917,0.35,5.0,0.05,
6.008115137999994,REOPEN,0.0,0.0,24325.734889033,22.73517967498283,-1.5726495726495955,22.65657997045721,0.35,5.0,0.05,
6.009468085998378,REOPEN,0.0,0.0,24325.734889033,22.73517967498283,-1.5726495726495955,22.6600475624605,0.35,5.0,0.05,
6.010946302998491,REOPEN,0.0,0.0,24325.734889033,22.731517509727624,-1.4358974358974592,22.662719436457813,0.35,5.0,0.05,
6.012225021000631,REOPEN,0.0,0.0,24325.734889033,22.731517509727624,-1.4358974358974592,22.665659744454864,0.35,5.0,0.05,
6.0135342969988415,REOPEN,0.0,0.0,24325.734889033,22.731517509727624,-1.4358974358974592,22.66822285046012,0.35,5.0,0.05,
6.0150734659982845,REOPEN,0.0,0.0,24325.734889033,22.73517967498283,-0.20512820512823282,22.670844292459627,0.35,5.0,0.05,
6.0164223489991855,REOPEN,0.0,0.0,24325.734889033,22.73517967498283,-0.20512820512823282,22.67393025845606,0.35,5.0,0.05,
6.017841377997684,REOPEN,0.0,0.0,24325.745843441,22.737926298924236,0.3418803418803691,22.676607120457014,0.35,5.0,0.05,
6.019217098997615,REOPEN,0.0,0.0,24325.745843441,22.737926298924236,0.3418803418803691,22.679441636459636,0.35,5.0,0.05,
6.0206009469984565,REOPEN,0.0,0.0,24325.745843441,22.737926298924236,0.3418803418803691,22.68229879245566,0.35,5.0,0.05,
6.022232572999201,REOPEN,0.0,0.0,24325.745843441,22.73517967498283,0.20512820512823282,22.68503954045675,0.35,5.0,0.05,
6.023485814999731,REOPEN,0.0,0.0,24325.745843441,22.73517967498283,0.20512820512823282,22.688235252457638,0.35,5.0,0.05,
6.024879348999093,REOPEN,0.0,0.0,24325.745843441,22.737010757610435,1.4358974358974592,22.690698460459792,0.35,5.0,0.05,
6.026095408000401,REOPEN,0.0,0.0,24325.745843441,22.737010757610435,1.4358974358974592,22.693484844460293,0.35,5.0,0.05,
6.0275470039996435,REOPEN,0.0,0.0,24325.745843441,22.743419546807047,1.846153846153868,22.6959159364583,0.35,5.0,0.05,
6.029307570999663,REOPEN,0.0,0.0,24325.756697313,22.743419546807047,1.846153846153868,22.699848308455806,0.35,5.0,0.05,
6.0304958050001005,REOPEN,0.0,0.0,24325.756697313,22.743419546807047,1.846153846153868,22.702323106454536,0.35,5.0,0.05,
6.0318690149979375,REOPEN,0.0,0.0,24325.756697313,22.73975738155184,1.5726495726495955,22.70468350645617,0.35,5.0,0.05,
6.0331113600004755,REOPEN,0.0,0.0,24325.756697313,22.73975738155184,1.5726495726495955,22.70748442846027,0.35,5.0,0.05,
6.0344682469985855,REOPEN,0.0,0.0,24325.756697313,22.73975738155184,2.6666666666666856,22.70994136645688,0.35,5.0,0.05,
6.035655793999467,REOPEN,0.0,0.0,24325.756697313,22.73975738155184,2.6666666666666856,22.712631922457625,0.35,5.0,0.05,
6.036856206999801,REOPEN,0.0,0.0,24325.756697313,22.73975738155184,2.6666666666666856,22.715025224456006,0.35,5.0,0.05,
6.038244325998676,REOPEN,0.0,0.0,24325.756697313,22.747081712062254,3.487179487179503,22.7174144604601,0.35,5.0,0.05,
6.039523392999399,REOPEN,0.0,0.0,24325.767623216,22.747081712062254,3.487179487179503,22.72026420245904,0.35,5.0,0.05,
6.04091323099783,REOPEN,0.0,0.0,24325.767623216,22.747997253376056,3.0769230769230944,22.72276188445769,0.35,5.0,0.05,
6.042131496000366,REOPEN,0.0,0.0,24325.767623216,22.747997253376056,3.0769230769230944,22.725559016459123,0.35,5.0,0.05,
6.04342596800052,REOPEN,0.0,0.0,24325.767623216,22.747997253376056,3.0769230769230944,22.72797654845865,0.35,5.0,0.05,
6.044841266000731,REOPEN,0.0,0.0,24325.767623216,22.748912794689858,3.897435897435912,22.730586950458495,0.35,5.0,0.05,
6.04602739999973,REOPEN,0.0,0.0,24325.767623216,22.748912794689858,3.897435897435912,22.73338972645663,0.35,5.0,0.05,
6.047320753998065,REOPEN,0.0,0.0,24325.767623216,22.74982833600366,4.581196581196593,22.735761836457208,0.35,5.0,0.05,
6.04847796499962,REOPEN,0.0,0.0,24325.767623216,22.74982833600366,4.581196581196593,22.738325398454002,0.35,5.0,0.05,
6.050102821998735,REOPEN,0.0,0.0,24325.778630571,22.74982833600366,4.581196581196593,22.74155021445997,0.35,5.0,0.05,
6.051499241999409,REOPEN,0.0,0.0,24325.778630571,22.756237125200272,4.581196581196593,22.743910580461055,0.35,5.0,0.05,
6.052660863999336,REOPEN,0.0,0.0,24325.778630571,22.756237125200272,4.581196581196593,22.746684530453898,0.35,5.0,0.05,
6.053984705999028,REOPEN,0.0,0.0,24325.778630571,22.76539253833829,4.581196581196593,22.74902368845735,0.35,5.0,0.05,
6.055313026998192,REOPEN,0.0,0.0,24325.778630571,22.76539253833829,4.581196581196593,22.751663048455633,0.35,5.0,0.05,
6.056631245999597,REOPEN,0.0,0.0,24325.778630571,22.76539253833829,4.581196581196593,22.754479704456138,0.35,5.0,0.05,
6.05825017999814,REOPEN,0.0,0.0,24325.778630571,22.7708857862211,4.307692307692321,22.757018100458048,0.35,5.0,0.05,
6.059473015997355,REOPEN,0.0,0.0,24325.778630571,22.7708857862211,4.307692307692321,22.760230920454454,0.35,5.0,0.05,
6.061728976997983,REOPEN,0.0,0.0,24325.789979864,22.772716868848704,4.444444444444457,22.764333436457058,0.35,5.0,0.05,
6.063056618000701,REOPEN,0.0,0.0,24325.789979864,22.772716868848704,4.991452991453002,22.7672333784599,0.35,5.0,0.05,
6.064303823997761,REOPEN,0.0,0.0,24325.789979864,22.772716868848704,4.991452991453002,22.769855710454543,0.35,5.0,0.05,
6.065685653000401,REOPEN,0.0,0.0,24325.789979864,22.77546349279011,5.401709401709411,22.77232975245945,0.35,5.0,0.05,
6.066906832998939,REOPEN,0.0,0.0,24325.789979864,22.77546349279011,5.401709401709411,22.775099980458002,0.35,5.0,0.05,
6.0682781289979175,REOPEN,0.0,0.0,24325.789979864,22.777294575417713,5.6752136752136835,22.77752962045863,0.35,5.0,0.05,
6.069471637998504,REOPEN,0.0,0.0,24325.789979864,22.777294575417713,5.6752136752136835,22.780228414458655,0.35,5.0,0.05,
6.070644145998813,REOPEN,0.0,0.0,24325.789979864,22.777294575417713,5.6752136752136835,22.782648282455305,0.35,5.0,0.05,
6.07254643700071,REOPEN,0.0,0.0,24325.800820351,22.782787823300524,6.085470085470092,22.785920094460856,0.35,5.0,0.05,
6.073787973000435,REOPEN,0.0,0.0,24325.800820351,22.782787823300524,6.085470085470092,22.78880758645621,0.35,5.0,0.05,
6.075179519997619,REOPEN,0.0,0.0,24325.800820351,22.789196612497136,5.948717948717956,22.791297838457943,0.35,5.0,0.05,
6.0764162089981255,REOPEN,0.0,0.0,24325.800820351,22.789196612497136,5.948717948717956,22.79409036845984,0.35,5.0,0.05,
6.077602001998457,REOPEN,0.0,0.0,24325.800820351,22.789196612497136,5.948717948717956,22.796532184455394,0.35,5.0,0.05,
6.079054862999328,REOPEN,0.0,0.0,24325.800820351,22.797436484321352,5.6752136752136835,22.79892270645589,0.35,5.0,0.05,
6.080281341997761,REOPEN,0.0,0.0,24325.800820351,22.797436484321352,5.6752136752136835,22.80184539046106,0.35,5.0,0.05,
6.081638059000397,REOPEN,0.0,0.0,24325.800820351,22.80201419089036,5.6752136752136835,22.804249188457582,0.35,5.0,0.05,
6.083550928000477,REOPEN,0.0,0.0,24325.812021634,22.80201419089036,5.6752136752136835,22.808397008457653,0.35,5.0,0.05,
6.084787884999969,REOPEN,0.0,0.0,24325.812021634,22.80201419089036,5.6752136752136835,22.810827108458874,0.35,5.0,0.05,
6.086308521000319,REOPEN,0.0,0.0,24325.812021634,22.822156099794,5.401709401709411,22.813296352457222,0.35,5.0,0.05,
6.087664688999212,REOPEN,0.0,0.0,24325.812021634,22.822156099794,5.401709401709411,22.816393096460637,0.35,5.0,0.05,
6.089305441997567,REOPEN,0.0,0.0,24325.812021634,22.82673380636301,4.581196581196593,22.819194940459532,0.35,5.0,0.05,
6.090573639998183,REOPEN,0.0,0.0,24325.812021634,22.82673380636301,4.581196581196593,22.822406924455684,0.35,5.0,0.05,
6.091911405997962,REOPEN,0.0,0.0,24325.812021634,22.82673380636301,4.581196581196593,22.824930200457423,0.35,5.0,0.05,
6.093673539999145,REOPEN,0.0,0.0,24325.812021634,22.845044632639045,4.581196581196593,22.827621848455713,0.35,5.0,0.05,
6.0958646629987925,REOPEN,0.0,0.0,24325.823094184,22.845044632639045,4.581196581196593,22.832703090457038,0.35,5.0,0.05,
6.097428591998323,REOPEN,0.0,0.0,24325.823094184,22.854200045777063,3.6239316239316395,22.83554801046059,0.35,5.0,0.05,
6.0986912139997,REOPEN,0.0,0.0,24325.823094184,22.854200045777063,3.6239316239316395,22.838635950460706,0.35,5.0,0.05,
6.100102603999403,REOPEN,0.0,0.0,24325.823094184,22.865186541542684,3.2136752136752307,22.841110112460704,0.35,5.0,0.05,
6.101301221999165,REOPEN,0.0,0.0,24325.823094184,22.865186541542684,3.2136752136752307,22.84391171845575,0.35,5.0,0.05,
6.102748298999359,REOPEN,0.0,0.0,24325.823094184,22.871595330739297,3.487179487179503,22.846326392459126,0.35,5.0,0.05,
6.103999900999042,REOPEN,0.0,0.0,24325.823094184,22.871595330739297,3.487179487179503,22.84924328045829,0.35,5.0,0.05,
6.105488987999706,REOPEN,0.0,0.0,24325.833956881,22.871595330739297,3.487179487179503,22.85221264645454,0.35,5.0,0.05,
6.106992837998405,REOPEN,0.0,0.0,24325.833956881,22.87800411993591,3.2136752136752307,22.854687132460207,0.35,5.0,0.05,
6.1082862349976494,REOPEN,0.0,0.0,24325.833956881,22.87800411993591,3.2136752136752307,22.857723970455957,0.35,5.0,0.05,
6.109832671998447,REOPEN,0.0,0.0,24325.833956881,22.88807507438773,3.350427350427367,22.86034757245445,0.35,5.0,0.05,
6.111138779000612,REOPEN,0.0,0.0,24325.833956881,22.88807507438773,3.350427350427367,22.86351259045707,0.35,5.0,0.05,
6.112346778998472,REOPEN,0.0,0.0,24325.833956881,22.88807507438773,3.350427350427367,22.86599484045521,0.35,5.0,0.05,
6.113861566998821,REOPEN,0.0,0.0,24325.833956881,22.895399404898143,2.803418803418822,22.868400988455072,0.35,5.0,0.05,
6.115222977998201,REOPEN,0.0,0.0,24325.833956881,22.895399404898143,2.803418803418822,22.871549468460692,0.35,5.0,0.05,
6.1166680049973365,REOPEN,0.0,0.0,24325.844613599,22.897230487525746,2.940170940170958,22.87424485245949,0.35,5.0,0.05,
6.117933992998587,REOPEN,0.0,0.0,24325.844613599,22.897230487525746,2.940170940170958,22.87708755045835,0.35,5.0,0.05,
6.119144444997801,REOPEN,0.0,0.0,24325.844613599,22.897230487525746,2.940170940170958,22.879628438453913,0.35,5.0,0.05,
6.120503900998301,REOPEN,0.0,0.0,24325.844613599,22.90363927672236,3.7606837606837757,22.881995246456903,0.35,5.0,0.05,
6.121668698997382,REOPEN,0.0,0.0,24325.844613599,22.90363927672236,3.7606837606837757,22.8846859504579,0.35,5.0,0.05,
6.122975996000605,REOPEN,0.0,0.0,24325.844613599,22.91462577248798,3.350427350427367,22.887030892454753,0.35,5.0,0.05,
6.124161231997277,REOPEN,0.0,0.0,24325.844613599,22.91462577248798,3.350427350427367,22.88967705645566,0.35,5.0,0.05,
6.125323809999827,REOPEN,0.0,0.0,24325.844613599,22.91462577248798,3.350427350427367,22.892016416454247,0.35,5.0,0.05,
6.1268776139986585,REOPEN,0.0,0.0,24325.844613599,22.923781185625998,2.5299145299145493,22.89435682445994,0.35,5.0,0.05,
6.128091739999945,REOPEN,0.0,0.0,24325.855505658,22.923781185625998,2.5299145299145493,22.897497684457015,0.35,5.0,0.05,
6.1293187249975745,REOPEN,0.0,0.0,24325.855505658,22.9246967269398,2.803418803418822,22.89986722245751,0.35,5.0,0.05,
6.130467896000482,REOPEN,0.0,0.0,24325.855505658,22.9246967269398,2.803418803418822,22.902296556460463,0.35,5.0,0.05,
6.1316105619989685,REOPEN,0.0,0.0,24325.855505658,22.9246967269398,2.803418803418822,22.90459487245473,0.35,5.0,0.05,
6.132893289999629,REOPEN,0.0,0.0,24325.855505658,22.931105516136412,3.6239316239316395,22.90690619845784,0.35,5.0,0.05,
6.134064645997569,REOPEN,0.0,0.0,24325.855505658,22.931105516136412,3.6239316239316395,22.909476106457554,0.35,5.0,0.05,
6.135349154999858,REOPEN,0.0,0.0,24325.855505658,22.93568322270542,3.487179487179503,22.911823560456945,0.35,5.0,0.05,
6.136492596000608,REOPEN,0.0,0.0,24325.855505658,22.93568322270542,3.487179487179503,22.914364648454033,0.35,5.0,0.05,
6.138322603997949,REOPEN,0.0,0.0,24325.855505658,22.94026092927443,3.2136752136752307,22.91665402445735,0.35,5.0,0.05,
6.139526515999023,REOPEN,0.0,0.0,24325.866906705,22.94026092927443,3.2136752136752307,22.92034662845483,0.35,5.0,0.05,
6.140698241000791,REOPEN,0.0,0.0,24325.866906705,22.94026092927443,3.2136752136752307,22.92273734845596,0.35,5.0,0.05,
6.142058360997908,REOPEN,0.0,0.0,24325.866906705,22.94483863584344,3.6239316239316395,22.925100484457765,0.35,5.0,0.05,
6.14342294999733,REOPEN,0.0,0.0,24325.866906705,22.94483863584344,3.6239316239316395,22.927850466456697,0.35,5.0,0.05,
6.145042533000378,REOPEN,0.0,0.0,24325.866906705,22.95033188372625,3.6239316239316395,22.930699162456698,0.35,5.0,0.05,
6.146355982000387,REOPEN,0.0,0.0,24325.866906705,22.95033188372625,3.6239316239316395,22.93388470245784,0.35,5.0,0.05,
6.147695870997268,REOPEN,0.0,0.0,24325.866906705,22.95033188372625,3.6239316239316395,22.936495104457684,0.35,5.0,0.05,
6.1496496189975005,REOPEN,0.0,0.0,24325.877799831,22.96589608606088,3.350427350427367,22.93989514845682,0.35,5.0,0.05,
6.150896782997734,REOPEN,0.0,0.0,24325.877799831,22.96589608606088,3.350427350427367,22.94305939045673,0.35,5.0,0.05,
6.152363589997549,REOPEN,0.0,0.0,24325.877799831,22.974135957885096,2.6666666666666856,22.945555494460244,0.35,5.0,0.05,
6.153576570999576,REOPEN,0.0,0.0,24325.877799831,22.974135957885096,2.6666666666666856,22.948469442455938,0.35,5.0,0.05,
6.154791434997605,REOPEN,0.0,0.0,24325.877799831,22.974135957885096,2.6666666666666856,22.95087482045576,0.35,5.0,0.05,
6.156267845999537,REOPEN,0.0,0.0,24325.877799831,22.98695353627832,2.6666666666666856,22.95336450646075,0.35,5.0,0.05,
6.157469656998728,REOPEN,0.0,0.0,24325.877799831,22.98695353627832,2.6666666666666856,22.956244874456864,0.35,5.0,0.05,
6.158811629000411,REOPEN,0.0,0.0,24325.877799831,22.999771114671546,2.393162393162413,22.95863632046032,0.35,5.0,0.05,
6.160430354997516,REOPEN,0.0,0.0,24325.888788154,22.999771114671546,2.393162393162413,22.96189125245521,0.35,5.0,0.05,
6.161756097997568,REOPEN,0.0,0.0,24325.888788154,22.999771114671546,2.393162393162413,22.96472406645855,0.35,5.0,0.05,
6.163270681998256,REOPEN,0.0,0.0,24325.888788154,23.016250858319985,0.8888888888889142,22.96724638445678,0.35,5.0,0.05,
6.164586075999978,REOPEN,0.0,0.0,24325.888788154,23.016250858319985,0.8888888888889142,22.97033560245702,0.35,5.0,0.05,
6.166152874997351,REOPEN,0.0,0.0,24325.888788154,23.0244907301442,0.7521367521367779,22.972987000454417,0.35,5.0,0.05,
6.167445538998436,REOPEN,0.0,0.0,24325.888788154,23.0244907301442,0.7521367521367779,22.97609222845724,0.35,5.0,0.05,
6.168741555000452,REOPEN,0.0,0.0,24325.888788154,23.0244907301442,0.7521367521367779,22.978644626457502,0.35,5.0,0.05,
6.170468686999811,REOPEN,0.0,0.0,24325.888788154,23.040970473792633,0.3418803418803691,22.981362432454738,0.35,5.0,0.05,
6.1717936850000115,REOPEN,0.0,0.0,24325.900121399,23.040970473792633,0.3418803418803691,22.984763556460642,0.35,5.0,0.05,
6.173299595000572,REOPEN,0.0,0.0,24325.900121399,23.048294804303048,-0.3418803418803691,22.98733688245786,0.35,5.0,0.05,
6.174547695998626,REOPEN,0.0,0.0,24325.900121399,23.048294804303048,-0.3418803418803691,22.990373240458688,0.35,5.0,0.05,
6.175862545998825,REOPEN,0.0,0.0,24325.900121399,23.048294804303048,-0.3418803418803691,22.992843280454075,0.35,5.0,0.05,
6.177467121997324,REOPEN,0.0,0.0,24325.900121399,23.056534676127264,-0.20512820512823282,22.99555041845681,0.35,5.0,0.05,
6.1787233389986795,REOPEN,0.0,0.0,24325.900121399,23.056534676127264,-0.20512820512823282,22.998704082458538,0.35,5.0,0.05,
6.180121146997408,REOPEN,0.0,0.0,24325.900121399,23.071183337148092,-0.3418803418803691,23.001214446458583,0.35,5.0,0.05,
6.181338485999731,REOPEN,0.0,0.0,24325.900121399,23.071183337148092,-0.3418803418803691,23.003983250457644,0.35,5.0,0.05,
6.182735799997317,REOPEN,0.0,0.0,24325.910787001,23.077592126344705,-1.4358974358974592,23.006409360454676,0.35,5.0,0.05,
6.183977115000744,REOPEN,0.0,0.0,24325.910787001,23.077592126344705,-1.4358974358974592,23.00922671646051,0.35,5.0,0.05,
6.185157493000588,REOPEN,0.0,0.0,24325.910787001,23.077592126344705,-1.4358974358974592,23.011653672454962,0.35,5.0,0.05,
6.186561136997625,REOPEN,0.0,0.0,24325.910787001,23.082169832913713,-1.0256410256410504,23.01403777445605,0.35,5.0,0.05,
6.187779674997728,REOPEN,0.0,0.0,24325.910787001,23.082169832913713,-1.0256410256410504,23.016853304458458,0.35,5.0,0.05,
6.189161927999521,REOPEN,0.0,0.0,24325.910787001,23.09132524605173,-0.6153846153846416,23.01930115845837,0.35,5.0,0.05,
6.190369938998629,REOPEN,0.0,0.0,24325.910787001,23.09132524605173,-0.6153846153846416,23.022032650459117,0.35,5.0,0.05,
6.191554671997437,REOPEN,0.0,0.0,24325.910787001,23.09132524605173,-0.6153846153846416,23.024442016454962,0.35,5.0,0.05,
6.19362919699779,REOPEN,0.0,0.0,24325.921802786,23.097734035248344,-1.299145299145323,23.027930782455336,0.35,5.0,0.05,
6.194997706999857,REOPEN,0.0,0.0,24325.921802786,23.098649576562146,-1.4358974358974592,23.03106914645698,0.35,5.0,0.05,
6.196520473000419,REOPEN,0.0,0.0,24325.921802786,23.098649576562146,-1.4358974358974592,23.03380065045578,0.35,5.0,0.05,
6.198328829999809,REOPEN,0.0,0.0,24325.921802786,23.102311741817353,-0.6153846153846416,23.03696419045675,0.35,5.0,0.05,
6.1997527229978004,REOPEN,0.0,0.0,24325.921802786,23.102311741817353,-0.6153846153846416,23.04056020645887,0.35,5.0,0.05,
6.201447122999525,REOPEN,0.0,0.0,24325.921802786,23.108720531013965,-0.3418803418803691,23.043327700458143,0.35,5.0,0.05,
6.202783312997781,REOPEN,0.0,0.0,24325.921802786,23.108720531013965,-0.3418803418803691,23.04671021445622,0.35,5.0,0.05,
6.20453187000021,REOPEN,0.0,0.0,24325.932880097,23.108720531013965,-0.3418803418803691,23.05008189645971,0.35,5.0,0.05,
6.20647437399748,REOPEN,0.0,0.0,24325.932880097,23.108720531013965,-0.20512820512823282,23.052931270455268,0.35,5.0,0.05,
6.207954413999687,REOPEN,0.0,0.0,24325.932880097,23.108720531013965,-0.20512820512823282,23.05688926045925,0.35,5.0,0.05,
6.209648765998281,REOPEN,0.0,0.0,24325.932880097,23.11055161364157,1.0256410256410504,23.059729264454766,0.35,5.0,0.05,
6.2110065880006005,REOPEN,0.0,0.0,24325.932880097,23.11055161364157,1.0256410256410504,23.06314188245826,0.35,5.0,0.05,
6.212349207999068,REOPEN,0.0,0.0,24325.932880097,23.11055161364157,1.0256410256410504,23.065812390460017,0.35,5.0,0.05,
6.214087223997922,REOPEN,0.0,0.0,24325.932880097,23.113298237582974,1.1623931623931867,23.068484600461055,0.35,5.0,0.05,
6.215706932998728,REOPEN,0.0,0.0,24325.94405272,23.113298237582974,1.1623931623931867,23.072491392459163,0.35,5.0,0.05,
6.217419030999736,REOPEN,0.0,0.0,24325.94405272,23.112382696269172,1.7094017094017318,23.075287396454335,0.35,5.0,0.05,
6.218771859999833,REOPEN,0.0,0.0,24325.94405272,23.112382696269172,1.7094017094017318,23.07866146046083,0.35,5.0,0.05,
6.220099322999886,REOPEN,0.0,0.0,24325.94405272,23.112382696269172,1.7094017094017318,23.081336646459498,0.35,5.0,0.05,
6.221804149998206,REOPEN,0.0,0.0,24325.94405272,23.11604486152438,2.5299145299145493,23.08402099446041,0.35,5.0,0.05,
6.223095752000518,REOPEN,0.0,0.0,24325.94405272,23.11604486152438,2.5299145299145493,23.087383638458526,0.35,5.0,0.05,
6.224710878999758,REOPEN,0.0,0.0,24325.94405272,23.118791485465785,2.6666666666666856,23.08997324246095,0.35,5.0,0.05,
6.22672868600057,REOPEN,0.0,0.0,24325.955036174,23.118791485465785,2.6666666666666856,23.094575432458917,0.35,5.0,0.05,
6.228039502999309,REOPEN,0.0,0.0,24325.955036174,23.118791485465785,2.6666666666666856,23.097249638458855,0.35,5.0,0.05,
6.229904286999954,REOPEN,0.0,0.0,24325.955036174,23.122453650720992,3.487179487179503,23.0999134764593,0.35,5.0,0.05,
6.231227880998631,REOPEN,0.0,0.0,24325.955036174,23.122453650720992,3.487179487179503,23.103688522455307,0.35,5.0,0.05,
6.232765005999681,REOPEN,0.0,0.0,24325.955036174,23.127946898603803,3.487179487179503,23.106254484455825,0.35,5.0,0.05,
6.234018568997271,REOPEN,0.0,0.0,24325.955036174,23.127946898603803,3.487179487179503,23.10931159245458,0.35,5.0,0.05,
6.235256294999999,REOPEN,0.0,0.0,24325.955036174,23.127946898603803,3.487179487179503,23.11181250445454,0.35,5.0,0.05,
6.236711020999792,REOPEN,0.0,0.0,24325.955036174,23.143511100938433,3.2136752136752307,23.11420494645656,0.35,5.0,0.05,
6.237913521999872,REOPEN,0.0,0.0,24325.965949811,23.143511100938433,3.2136752136752307,23.11716450246106,0.35,5.0,0.05,
6.239289568999084,REOPEN,0.0,0.0,24325.965949811,23.150835431448847,2.5299145299145493,23.119528498459225,0.35,5.0,0.05,
6.240449516997614,REOPEN,0.0,0.0,24325.965949811,23.150835431448847,2.5299145299145493,23.122206266455144,0.35,5.0,0.05,
6.241731387999607,REOPEN,0.0,0.0,24325.965949811,23.16731517509728,2.256410256410277,23.12457872245661,0.35,5.0,0.05,
6.242893014998117,REOPEN,0.0,0.0,24325.965949811,23.16731517509728,2.256410256410277,23.12713699645476,0.35,5.0,0.05,
6.244041877998825,REOPEN,0.0,0.0,24325.965949811,23.16731517509728,2.256410256410277,23.129463484454867,0.35,5.0,0.05,
6.245307703997241,REOPEN,0.0,0.0,24325.965949811,23.176470588235297,1.7094017094017318,23.1317792784562,0.35,5.0,0.05,
6.246451270999387,REOPEN,0.0,0.0,24325.965949811,23.176470588235297,1.7094017094017318,23.13423375645882,0.35,5.0,0.05,
6.248083728998608,REOPEN,0.0,0.0,24325.965949811,23.189288166628522,1.1623931623931867,23.13657094045859,0.35,5.0,0.05,
6.249247518997436,REOPEN,0.0,0.0,24325.976706963,23.189288166628522,1.1623931623931867,23.13984279045919,0.35,5.0,0.05,
6.250462986998173,REOPEN,0.0,0.0,24325.976706963,23.189288166628522,1.1623931623931867,23.142257468457068,0.35,5.0,0.05,
6.251898731999972,REOPEN,0.0,0.0,24325.976706963,23.202105745021747,0.3418803418803691,23.144622046459084,0.35,5.0,0.05,
6.2530941250006435,REOPEN,0.0,0.0,24325.976706963,23.202105745021747,0.3418803418803691,23.14753356045778,0.35,5.0,0.05,
6.254374338997877,REOPEN,0.0,0.0,24325.976706963,23.21309224078737,-0.06837606837609655,23.149882606458526,0.35,5.0,0.05,
6.255810238999402,REOPEN,0.0,0.0,24325.976706963,23.21309224078737,-0.06837606837609655,23.152496014454776,0.35,5.0,0.05,
6.257215835998068,REOPEN,0.0,0.0,24325.976706963,23.21309224078737,-0.06837606837609655,23.15553923845666,0.35,5.0,0.05,
6.259502483000688,REOPEN,0.0,0.0,24325.976706963,23.22407873655299,-0.47863247863250535,23.158418084460685,0.35,5.0,0.05,
6.26189076099763,REOPEN,0.0,0.0,24325.988980153,23.225909819180593,-0.6153846153846416,23.164494608458448,0.35,5.0,0.05,
6.263478476997989,REOPEN,0.0,0.0,24325.988980153,23.2295719844358,-0.6153846153846416,23.16760803245645,0.35,5.0,0.05,
6.264796510000451,REOPEN,0.0,0.0,24325.988980153,23.2295719844358,-0.6153846153846416,23.17076484845395,0.35,5.0,0.05,
6.266416161997768,REOPEN,0.0,0.0,24325.988980153,23.233234149691008,-0.3418803418803691,23.17341778045604,0.35,5.0,0.05,
6.267725914000039,REOPEN,0.0,0.0,24325.988980153,23.233234149691008,-0.3418803418803691,23.176626284456255,0.35,5.0,0.05,
6.26946394100014,REOPEN,0.0,0.0,24325.988980153,23.237811856260016,0.06837606837609655,23.179255926459994,0.35,5.0,0.05,
6.2708330169989495,REOPEN,0.0,0.0,24325.999069557,23.237811856260016,0.06837606837609655,23.182831560460293,0.35,5.0,0.05,
6.272149822998472,REOPEN,0.0,0.0,24325.999069557,23.237811856260016,0.06837606837609655,23.18548758245972,0.35,5.0,0.05,
6.273839695000788,REOPEN,0.0,0.0,24325.999069557,23.24422064545663,0.20512820512823282,23.18807388045618,0.35,5.0,0.05,
6.275150891000521,REOPEN,0.0,0.0,24325.999069557,23.24422064545663,0.20512820512823282,23.19149266845718,0.35,5.0,0.05,
6.276713491999544,REOPEN,0.0,0.0,24325.999069557,23.246967269398034,0.3418803418803691,23.19406650046087,0.35,5.0,0.05,
6.278037381998729,REOPEN,0.0,0.0,24325.999069557,23.246967269398034,0.3418803418803691,23.197224864454732,0.35,5.0,0.05,
6.279373752997344,REOPEN,0.0,0.0,24325.999069557,23.246967269398034,0.3418803418803691,23.19988971045907,0.35,5.0,0.05,
6.281087609000679,REOPEN,0.0,0.0,24325.999069557,23.25429159990845,1.0256410256410504,23.202512154459804,0.35,5.0,0.05,
6.283203096998477,REOPEN,0.0,0.0,24326.01052365,23.25429159990845,1.0256410256410504,23.207544838458965,0.35,5.0,0.05,
6.284799150998879,REOPEN,0.0,0.0,24326.01052365,23.25978484779126,1.0256410256410504,23.210268050456328,0.35,5.0,0.05,
6.286126423998212,REOPEN,0.0,0.0,24326.01052365,23.25978484779126,1.0256410256410504,23.213378710456276,0.35,5.0,0.05,
6.287699865999457,REOPEN,0.0,0.0,24326.01052365,23.25978484779126,1.0256410256410504,23.216061920461037,0.35,5.0,0.05,
6.289020498999889,REOPEN,0.0,0.0,24326.01052365,23.25978484779126,1.0256410256410504,23.219176780456586,0.35,5.0,0.05,
6.2907030019996455,REOPEN,0.0,0.0,24326.01052365,23.25978484779126,1.9829059829060043,23.22186116045716,0.35,5.0,0.05,
6.292617954997695,REOPEN,0.0,0.0,24326.021045373,23.25978484779126,1.9829059829060043,23.226424454459014,0.35,5.0,0.05,
6.294099246999394,REOPEN,0.0,0.0,24326.021045373,23.25978484779126,1.9829059829060043,23.2291602764549,0.35,5.0,0.05,
6.2960387359999,REOPEN,0.0,0.0,24326.021045373,23.26619363698787,2.5299145299145493,23.23231546445688,0.35,5.0,0.05,
6.297343993999675,REOPEN,0.0,0.0,24326.021045373,23.26619363698787,2.5299145299145493,23.23593514045435,0.35,5.0,0.05,
6.298765682000521,REOPEN,0.0,0.0,24326.021045373,23.26619363698787,2.6666666666666856,23.238401732460737,0.35,5.0,0.05,
6.299993920998531,REOPEN,0.0,0.0,24326.021045373,23.26619363698787,2.6666666666666856,23.24126544445837,0.35,5.0,0.05,
6.301188514000387,REOPEN,0.0,0.0,24326.021045373,23.26619363698787,2.6666666666666856,23.24370373445938,0.35,5.0,0.05,
6.302961158999096,REOPEN,0.0,0.0,24326.021045373,23.26985580224308,3.487179487179503,23.24610798045844,0.35,5.0,0.05,
6.305147836999822,REOPEN,0.0,0.0,24326.032438565,23.26985580224308,3.487179487179503,23.25142789845497,0.35,5.0,0.05,
6.306690326000535,REOPEN,0.0,0.0,24326.032438565,23.274433508812088,3.6239316239316395,23.254117062455883,0.35,5.0,0.05,
6.307925635999709,REOPEN,0.0,0.0,24326.032438565,23.274433508812088,3.6239316239316395,23.257142248456624,0.35,5.0,0.05,
6.309328363997338,REOPEN,0.0,0.0,24326.032438565,23.284504463263907,3.350427350427367,23.259571194454587,0.35,5.0,0.05,
6.310638740000286,REOPEN,0.0,0.0,24326.032438565,23.284504463263907,3.350427350427367,23.262422008456745,0.35,5.0,0.05,
6.312084540997603,REOPEN,0.0,0.0,24326.032438565,23.294575417715727,3.2136752136752307,23.265044742455324,0.35,5.0,0.05,
6.313586390999262,REOPEN,0.0,0.0,24326.032438565,23.294575417715727,3.2136752136752307,23.268006722459653,0.35,5.0,0.05,
6.314922846999252,REOPEN,0.0,0.0,24326.043192814,23.294575417715727,3.2136752136752307,23.271078220454477,0.35,5.0,0.05,
6.3165353879994655,REOPEN,0.0,0.0,24326.043192814,23.304646372167547,2.6666666666666856,23.273569930456254,0.35,5.0,0.05,
6.317785567000101,REOPEN,0.0,0.0,24326.043192814,23.304646372167547,2.6666666666666856,23.276855306454785,0.35,5.0,0.05,
6.319140292998782,REOPEN,0.0,0.0,24326.043192814,23.314717326619366,2.5299145299145493,23.279286830455497,0.35,5.0,0.05,
6.320362931997806,REOPEN,0.0,0.0,24326.043192814,23.314717326619366,2.5299145299145493,23.282012206460898,0.35,5.0,0.05,
6.32157692599867,REOPEN,0.0,0.0,24326.043192814,23.314717326619366,2.5299145299145493,23.28443484045649,0.35,5.0,0.05,
6.323023392000323,REOPEN,0.0,0.0,24326.043192814,23.324788281071186,1.9829059829060043,23.286880516456698,0.35,5.0,0.05,
6.324444845999096,REOPEN,0.0,0.0,24326.043192814,23.324788281071186,1.9829059829060043,23.289850794457855,0.35,5.0,0.05,
6.326149127999088,REOPEN,0.0,0.0,24326.054241446,23.3330281528954,1.9829059829060043,23.29287193245775,0.35,5.0,0.05,
6.3274853990005795,REOPEN,0.0,0.0,24326.054241446,23.3330281528954,1.9829059829060043,23.296144108457632,0.35,5.0,0.05,
6.328716287000134,REOPEN,0.0,0.0,24326.054241446,23.3330281528954,1.9829059829060043,23.298733196456418,0.35,5.0,0.05,
6.330306116000429,REOPEN,0.0,0.0,24326.054241446,23.34676127260243,1.1623931623931867,23.301153798458948,0.35,5.0,0.05,
6.331507803999557,REOPEN,0.0,0.0,24326.054241446,23.34676127260243,1.1623931623931867,23.30433380045954,0.35,5.0,0.05,
6.332860619997518,REOPEN,0.0,0.0,24326.054241446,23.351338979171437,1.0256410256410504,23.306711868458045,0.35,5.0,0.05,
6.334070598997641,REOPEN,0.0,0.0,24326.054241446,23.351338979171437,1.0256410256410504,23.30943673245431,0.35,5.0,0.05,
6.3353714820004825,REOPEN,0.0,0.0,24326.054241446,23.351338979171437,1.0256410256410504,23.31187670045849,0.35,5.0,0.05,
6.337064366998675,REOPEN,0.0,0.0,24326.065284947,23.365072098878464,1.5726495726495955,23.314915696459614,0.35,5.0,0.05,
6.338304225999309,REOPEN,0.0,0.0,24326.065284947,23.365072098878464,1.5726495726495955,23.3178504224584,0.35,5.0,0.05,
6.339827428000717,REOPEN,0.0,0.0,24326.065284947,23.371480888075077,1.0256410256410504,23.320362626460813,0.35,5.0,0.05,
6.3410642799972265,REOPEN,0.0,0.0,24326.065284947,23.371480888075077,1.0256410256410504,23.323428120459106,0.35,5.0,0.05,
6.3422629029992095,REOPEN,0.0,0.0,24326.065284947,23.371480888075077,1.0256410256410504,23.325835956459308,0.35,5.0,0.05,
6.343732317000104,REOPEN,0.0,0.0,24326.065284947,23.37239642938888,0.8888888888889142,23.328258000454774,0.35,5.0,0.05,
6.344956330998684,REOPEN,0.0,0.0,24326.065284947,23.37239642938888,0.8888888888889142,23.33121760846054,0.35,5.0,0.05,
6.346453316000407,REOPEN,0.0,0.0,24326.065284947,23.37331197070268,2.1196581196581405,23.333698578457664,0.35,5.0,0.05,
6.347678004000045,REOPEN,0.0,0.0,24326.076165493,23.37331197070268,2.1196581196581405,23.336651478459792,0.35,5.0,0.05,
6.349444629999198,REOPEN,0.0,0.0,24326.076165493,23.376974135957887,2.393162393162413,23.339221438460775,0.35,5.0,0.05,
6.350733241997659,REOPEN,0.0,0.0,24326.076165493,23.376974135957887,2.393162393162413,23.342715818459077,0.35,5.0,0.05,
6.351967496997531,REOPEN,0.0,0.0,24326.076165493,23.376974135957887,2.393162393162413,23.34524287245815,0.35,5.0,0.05,
6.3533799609976995,REOPEN,0.0,0.0,24326.076165493,23.376974135957887,2.5299145299145493,23.347655672458608,0.35,5.0,0.05,
6.354598906000319,REOPEN,0.0,0.0,24326.076165493,23.376974135957887,2.5299145299145493,23.35046889645539,0.35,5.0,0.05,
6.355965226997796,REOPEN,0.0,0.0,24326.076165493,23.37880521858549,3.0769230769230944,23.352918620456443,0.35,5.0,0.05,
6.357279805997678,REOPEN,0.0,0.0,24326.076165493,23.37880521858549,3.0769230769230944,23.35576346845712,0.35,5.0,0.05,
6.358718865998526,REOPEN,0.0,0.0,24326.087203632,23.37880521858549,3.0769230769230944,23.358709318456498,0.35,5.0,0.05,
6.3602380599986645,REOPEN,0.0,0.0,24326.087203632,23.3833829251545,3.487179487179503,23.36125994046099,0.35,5.0,0.05,
6.361449763000564,REOPEN,0.0,0.0,24326.087203632,23.3833829251545,3.487179487179503,23.364212676455757,0.35,5.0,0.05,
6.362817072000325,REOPEN,0.0,0.0,24326.087203632,23.38796063172351,3.6239316239316395,23.366591792454095,0.35,5.0,0.05,
6.364033719997678,REOPEN,0.0,0.0,24326.087203632,23.38796063172351,3.6239316239316395,23.369354994460558,0.35,5.0,0.05,
6.365240827999514,REOPEN,0.0,0.0,24326.087203632,23.38796063172351,3.6239316239316395,23.371779982453994,0.35,5.0,0.05,
6.3666504209977575,REOPEN,0.0,0.0,24326.087203632,23.39436942092012,3.6239316239316395,23.374214272460925,0.35,5.0,0.05,
6.367848264999338,REOPEN,0.0,0.0,24326.087203632,23.39436942092012,3.6239316239316395,23.37700820845432,0.35,5.0,0.05,
6.369865262997337,REOPEN,0.0,0.0,24326.098164347,23.399862668802932,3.7606837606837757,23.38068642645751,0.35,5.0,0.05,
6.371101141998224,REOPEN,0.0,0.0,24326.098164347,23.399862668802932,3.7606837606837757,23.383458748454835,0.35,5.0,0.05,
6.37230128399824,REOPEN,0.0,0.0,24326.098164347,23.399862668802932,3.7606837606837757,23.385915154455255,0.35,5.0,0.05,
6.373700379997899,REOPEN,0.0,0.0,24326.098164347,23.417257953765166,3.350427350427367,23.38822327245955,0.35,5.0,0.05,
6.374907623998297,REOPEN,0.0,0.0,24326.098164347,23.417257953765166,3.350427350427367,23.391112714455197,0.35,5.0,0.05,
6.376647213997785,REOPEN,0.0,0.0,24326.098164347,23.422751201647976,2.6666666666666856,23.393761834459404,0.35,5.0,0.05,
6.378224125997804,REOPEN,0.0,0.0,24326.098164347,23.422751201647976,2.6666666666666856,23.39735841445738,0.35,5.0,0.05,
6.3797713210005895,REOPEN,0.0,0.0,24326.098164347,23.422751201647976,2.6666666666666856,23.400487748457202,0.35,5.0,0.05,
6.381543265997607,REOPEN,0.0,0.0,24326.109423363,23.438315403982607,2.6666666666666856,23.403446952458147,0.35,5.0,0.05,
6.382981063998159,REOPEN,0.0,0.0,24326.109423363,23.438315403982607,2.6666666666666856,23.40693174045966,0.35,5.0,0.05,
6.384592899998097,REOPEN,0.0,0.0,24326.109423363,23.45021744106203,1.7094017094017318,23.409820858456918,0.35,5.0,0.05,
6.385917747000349,REOPEN,0.0,0.0,24326.109423363,23.45021744106203,1.7094017094017318,23.412970274456278,0.35,5.0,0.05,
6.387396189998981,REOPEN,0.0,0.0,24326.109423363,23.45021744106203,1.7094017094017318,23.41587820045472,0.35,5.0,0.05,
6.3890268840004865,REOPEN,0.0,0.0,24326.109423363,23.459372854200048,1.7094017094017318,23.418582824454028,0.35,5.0,0.05,
6.390515151000727,REOPEN,0.0,0.0,24326.109423363,23.459372854200048,1.7094017094017318,23.42206384645626,0.35,5.0,0.05,
6.392029402999469,REOPEN,0.0,0.0,24326.120126629,23.467612726024264,1.7094017094017318,23.424824940457732,0.35,5.0,0.05,
6.39328097699763,REOPEN,0.0,0.0,24326.120126629,23.467612726024264,1.7094017094017318,23.427838052457922,0.35,5.0,0.05,
6.394983688998764,REOPEN,0.0,0.0,24326.120126629,23.474021515220876,1.299145299145323,23.430449748457725,0.35,5.0,0.05,
6.396518359997572,REOPEN,0.0,0.0,24326.120126629,23.474021515220876,1.299145299145323,23.43397068245624,0.35,5.0,0.05,
6.397900023999682,REOPEN,0.0,0.0,24326.120126629,23.474021515220876,1.299145299145323,23.436850634456754,0.35,5.0,0.05,
6.3995027569981175,REOPEN,0.0,0.0,24326.120126629,23.483176928358894,1.846153846153868,23.439777932459513,0.35,5.0,0.05,
6.400794844998018,REOPEN,0.0,0.0,24326.120126629,23.483176928358894,1.846153846153868,23.442797982456362,0.35,5.0,0.05,
6.402962222000497,REOPEN,0.0,0.0,24326.131133826,23.494163424124515,1.299145299145323,23.446678278460716,0.35,5.0,0.05,
6.404507485000067,REOPEN,0.0,0.0,24326.131133826,23.49599450675212,1.0256410256410504,23.449947302457552,0.35,5.0,0.05,
6.405782503999944,REOPEN,0.0,0.0,24326.131133826,23.49599450675212,1.0256410256410504,23.452757082459833,0.35,5.0,0.05,
6.407288908998453,REOPEN,0.0,0.0,24326.131133826,23.500572213321128,1.0256410256410504,23.455365590455152,0.35,5.0,0.05,
6.408612963998166,REOPEN,0.0,0.0,24326.131133826,23.500572213321128,1.0256410256410504,23.458400406455006,0.35,5.0,0.05,
6.410002736000024,REOPEN,0.0,0.0,24326.131133826,23.509727626459146,1.4358974358974592,23.460976790457174,0.35,5.0,0.05,
6.411192619998474,REOPEN,0.0,0.0,24326.131133826,23.509727626459146,1.4358974358974592,23.463730142454118,0.35,5.0,0.05,
6.412436173999595,REOPEN,0.0,0.0,24326.131133826,23.509727626459146,1.4358974358974592,23.466105510453893,0.35,5.0,0.05,
6.41381831399849,REOPEN,0.0,0.0,24326.142088347,23.523460746166172,0.6153846153846416,23.4685876724566,0.35,5.0,0.05,
6.41504611399796,REOPEN,0.0,0.0,24326.142088347,23.523460746166172,0.6153846153846416,23.471357700460906,0.35,5.0,0.05,
6.416359684000781,REOPEN,0.0,0.0,24326.142088347,23.52803845273518,0.20512820512823282,23.473796666456586,0.35,5.0,0.05,
6.417543399998976,REOPEN,0.0,0.0,24326.142088347,23.52803845273518,0.20512820512823282,23.476403040457193,0.35,5.0,0.05,
6.418712467999285,REOPEN,0.0,0.0,24326.142088347,23.52803845273518,0.20512820512823282,23.47875983845963,0.35,5.0,0.05,
6.420040418997814,REOPEN,0.0,0.0,24326.142088347,23.533531700617992,1.0256410256410504,23.48109905646063,0.35,5.0,0.05,
6.421232371998485,REOPEN,0.0,0.0,24326.142088347,23.533531700617992,1.0256410256410504,23.48379148245524,0.35,5.0,0.05,
6.422518074999971,REOPEN,0.0,0.0,24326.142088347,23.538109407187,1.1623931623931867,23.48616489445933,0.35,5.0,0.05,
6.423776495998027,REOPEN,0.0,0.0,24326.142088347,23.538109407187,1.1623931623931867,23.48876076846002,0.35,5.0,0.05,
6.424986502999673,REOPEN,0.0,0.0,24326.153271617,23.538109407187,1.1623931623931867,23.49129329646032,0.35,5.0,0.05,
6.426385367998591,REOPEN,0.0,0.0,24326.153271617,23.541771572442208,0.7521367521367779,23.49368441845811,0.35,5.0,0.05,
6.427610042999731,REOPEN,0.0,0.0,24326.153271617,23.541771572442208,0.7521367521367779,23.496467284460344,0.35,5.0,0.05,
6.428964451999491,REOPEN,0.0,0.0,24326.153271617,23.544518196383613,1.1623931623931867,23.498985742453918,0.35,5.0,0.05,
6.430172461998154,REOPEN,0.0,0.0,24326.153271617,23.544518196383613,1.1623931623931867,23.50161729445474,0.35,5.0,0.05,
6.431436095997924,REOPEN,0.0,0.0,24326.153271617,23.544518196383613,1.1623931623931867,23.504105758455374,0.35,5.0,0.05,
6.432820317997539,REOPEN,0.0,0.0,24326.153271617,23.549095902952622,1.7094017094017318,23.506609714454065,0.35,5.0,0.05,
6.434162443998503,REOPEN,0.0,0.0,24326.153271617,23.549095902952622,1.7094017094017318,23.509326696456377,0.35,5.0,0.05,
6.438158180000755,REOPEN,0.0,0.0,24326.166184786,23.560082398718244,1.7094017094017318,23.51677481845629,0.35,5.0,0.05,
6.439527399998042,REOPEN,0.0,0.0,24326.166184786,23.560082398718244,1.7094017094017318,23.520220746455855,0.35,5.0,0.05,
6.4408008649988915,REOPEN,0.0,0.0,24326.166184786,23.560082398718244,1.7094017094017318,23.522884420456215,0.35,5.0,0.05,
6.4422790270000405,REOPEN,0.0,0.0,24326.166184786,23.567406729228658,1.1623931623931867,23.52534628445803,0.35,5.0,0.05,
6.443815632999758,REOPEN,0.0,0.0,24326.166184786,23.567406729228658,1.1623931623931867,23.528535930456677,0.35,5.0,0.05,
6.445747902998846,REOPEN,0.0,0.0,24326.166184786,23.56832227054246,1.846153846153868,23.531550932459616,0.35,5.0,0.05,
6.447163587999967,REOPEN,0.0,0.0,24326.175140219,23.56832227054246,1.846153846153868,23.535415740460415,0.35,5.0,0.05,
6.448656758999277,REOPEN,0.0,0.0,24326.175140219,23.56832227054246,1.846153846153868,23.5381611944563,0.35,5.0,0.05,
6.4504773439985,REOPEN,0.0,0.0,24326.175140219,23.57381551842527,2.5299145299145493,23.541309564456718,0.35,5.0,0.05,
6.451887655999599,REOPEN,0.0,0.0,24326.175140219,23.57381551842527,2.5299145299145493,23.544741242456915,0.35,5.0,0.05,
6.45374074099891,REOPEN,0.0,0.0,24326.175140219,23.580224307621883,2.5299145299145493,23.54766185645942,0.35,5.0,0.05,
6.4551351070003875,REOPEN,0.0,0.0,24326.175140219,23.580224307621883,2.5299145299145493,23.55143645045839,0.35,5.0,0.05,
6.456465619998198,REOPEN,0.0,0.0,24326.175140219,23.580224307621883,2.5299145299145493,23.55401164645675,0.35,5.0,0.05,
6.458477470998332,REOPEN,0.0,0.0,24326.18648632,23.596704051270315,2.1196581196581405,23.557434882454366,0.35,5.0,0.05,
6.459832620999805,REOPEN,0.0,0.0,24326.18648632,23.596704051270315,2.1196581196581405,23.560717726456026,0.35,5.0,0.05,
6.461209776000032,REOPEN,0.0,0.0,24326.18648632,23.60494392309453,1.7094017094017318,23.563550624460298,0.35,5.0,0.05,
6.462378211999749,REOPEN,0.0,0.0,24326.18648632,23.60494392309453,1.7094017094017318,23.566114868454427,0.35,5.0,0.05,
6.4636000219979906,REOPEN,0.0,0.0,24326.18648632,23.60494392309453,1.7094017094017318,23.56848643446076,0.35,5.0,0.05,
6.4648795159992005,REOPEN,0.0,0.0,24326.18648632,23.61959258411536,1.7094017094017318,23.570885736453896,0.35,5.0,0.05,
6.466141024000535,REOPEN,0.0,0.0,24326.18648632,23.61959258411536,1.7094017094017318,23.57364974645545,0.35,5.0,0.05,
6.467444738998893,REOPEN,0.0,0.0,24326.18648632,23.62417029068437,1.1623931623931867,23.576059242458108,0.35,5.0,0.05,
6.468619925999519,REOPEN,0.0,0.0,24326.196666061,23.62417029068437,1.1623931623931867,23.578569258456376,0.35,5.0,0.05,
6.469795349999913,REOPEN,0.0,0.0,24326.196666061,23.62417029068437,1.1623931623931867,23.580922816460337,0.35,5.0,0.05,
6.47122457200021,REOPEN,0.0,0.0,24326.196666061,23.63607232776379,1.0256410256410504,23.583368822454325,0.35,5.0,0.05,
6.4725246880007035,REOPEN,0.0,0.0,24326.196666061,23.63607232776379,1.0256410256410504,23.586255104457926,0.35,5.0,0.05,
6.473935268000787,REOPEN,0.0,0.0,24326.196666061,23.642481116960404,1.0256410256410504,23.58878344845518,0.35,5.0,0.05,
6.475282913997944,REOPEN,0.0,0.0,24326.196666061,23.642481116960404,1.0256410256410504,23.591833524459183,0.35,5.0,0.05,
6.476587672997994,REOPEN,0.0,0.0,24326.196666061,23.642481116960404,1.0256410256410504,23.594439872455517,0.35,5.0,0.05,
6.478005616998416,REOPEN,0.0,0.0,24326.196666061,23.644312199588008,0.7521367521367779,23.59696835445586,0.35,5.0,0.05,
6.47922738899797,REOPEN,0.0,0.0,24326.207719427,23.644312199588008,0.7521367521367779,23.599771854455433,0.35,5.0,0.05,
6.480481915998098,REOPEN,0.0,0.0,24326.207719427,23.644312199588008,1.5726495726495955,23.602150558459947,0.35,5.0,0.05,
6.481625074997282,REOPEN,0.0,0.0,24326.207719427,23.644312199588008,1.5726495726495955,23.60462141045948,0.35,5.0,0.05,
6.482863708999503,REOPEN,0.0,0.0,24326.207719427,23.64614328221561,2.256410256410277,23.60689589445476,0.35,5.0,0.05,
6.484021959000529,REOPEN,0.0,0.0,24326.207719427,23.64614328221561,2.256410256410277,23.60940918845383,0.35,5.0,0.05,
6.485167049999291,REOPEN,0.0,0.0,24326.207719427,23.64614328221561,2.256410256410277,23.611710526458886,0.35,5.0,0.05,
6.486377633998927,REOPEN,0.0,0.0,24326.207719427,23.647058823529413,2.393162393162413,23.61400951045882,0.35,5.0,0.05,
6.48749772699739,REOPEN,0.0,0.0,24326.207719427,23.647058823529413,2.393162393162413,23.616402808455426,0.35,5.0,0.05,
6.488647879999917,REOPEN,0.0,0.0,24326.207719427,23.64980544747082,2.6666666666666856,23.618634862456496,0.35,5.0,0.05,
6.489822723997349,REOPEN,0.0,0.0,24326.207719427,23.64980544747082,2.6666666666666856,23.620973358456943,0.35,5.0,0.05,
6.491010055997322,REOPEN,0.0,0.0,24326.218657452,23.64980544747082,2.6666666666666856,23.623350250456973,0.35,5.0,0.05,
6.492265237000538,REOPEN,0.0,0.0,24326.218657452,23.65621423666743,3.0769230769230944,23.62569487245721,0.35,5.0,0.05,
6.493388206999953,REOPEN,0.0,0.0,24326.218657452,23.65621423666743,3.0769230769230944,23.628178134461017,0.35,5.0,0.05,
6.494552033000218,REOPEN,0.0,0.0,24326.218657452,23.664454108491647,3.0769230769230944,23.630439320457775,0.35,5.0,0.05,
6.495674824000162,REOPEN,0.0,0.0,24326.218657452,23.664454108491647,3.0769230769230944,23.632743044460334,0.35,5.0,0.05,
6.496837376998883,REOPEN,0.0,0.0,24326.218657452,23.664454108491647,3.0769230769230944,23.63504127845456,0.35,5.0,0.05,
6.498154954999336,REOPEN,0.0,0.0,24326.218657452,23.67086289768826,2.256410256410277,23.637344550460078,0.35,5.0,0.05,
6.499409601998195,REOPEN,0.0,0.0,24326.218657452,23.67086289768826,2.256410256410277,23.640095776458587,0.35,5.0,0.05,
6.500571426000533,REOPEN,0.0,0.0,24326.218657452,23.67544060425727,2.393162393162413,23.642478882453837,0.35,5.0,0.05,
6.501726206999592,REOPEN,0.0,0.0,24326.22974755,23.67544060425727,2.393162393162413,23.644815064459657,0.35,5.0,0.05,
6.502869028998248,REOPEN,0.0,0.0,24326.22974755,23.67544060425727,2.393162393162413,23.647102262455995,0.35,5.0,0.05,
6.50409914699776,REOPEN,0.0,0.0,24326.22974755,23.690089265278097,2.5299145299145493,23.64944633445932,0.35,5.0,0.05,
6.505261188998702,REOPEN,0.0,0.0,24326.22974755,23.690089265278097,2.5299145299145493,23.6518554824602,0.35,5.0,0.05,
6.506520445000206,REOPEN,0.0,0.0,24326.22974755,23.695582513160907,1.846153846153868,23.654239402460483,0.35,5.0,0.05,
6.507635378999112,REOPEN,0.0,0.0,24326.22974755,23.695582513160907,1.846153846153868,23.6566860664557,0.35,5.0,0.05,
6.508744468999794,REOPEN,0.0,0.0,24326.22974755,23.695582513160907,1.846153846153868,23.658907912455582,0.35,5.0,0.05,
6.509955223998986,REOPEN,0.0,0.0,24326.22974755,23.711146715495538,1.299145299145323,23.66117358245767,0.35,5.0,0.05,
6.51111195699923,REOPEN,0.0,0.0,24326.22974755,23.711146715495538,1.299145299145323,23.663594288455464,0.35,5.0,0.05,
6.51231165200079,REOPEN,0.0,0.0,24326.240650856,23.719386587319754,1.1623931623931867,23.665900626454935,0.35,5.0,0.05,
6.513452535000397,REOPEN,0.0,0.0,24326.240650856,23.719386587319754,1.1623931623931867,23.668255174454792,0.35,5.0,0.05,
6.514705907000462,REOPEN,0.0,0.0,24326.240650856,23.719386587319754,1.1623931623931867,23.670622354455666,0.35,5.0,0.05,
6.515976269998646,REOPEN,0.0,0.0,24326.240650856,23.735866330968186,0.3418803418803691,23.67312812445973,0.35,5.0,0.05,
6.5171717800003535,REOPEN,0.0,0.0,24326.240650856,23.735866330968186,0.3418803418803691,23.675637092458167,0.35,5.0,0.05,
6.518424473997584,REOPEN,0.0,0.0,24326.240650856,23.745937285420005,-0.47863247863250535,23.678068628456934,0.35,5.0,0.05,
6.519548421998479,REOPEN,0.0,0.0,24326.240650856,23.745937285420005,-0.47863247863250535,23.680496044459254,0.35,5.0,0.05,
6.520731565997266,REOPEN,0.0,0.0,24326.240650856,23.759670405127032,-1.0256410256410504,23.682755834454404,0.35,5.0,0.05,
6.521877978000703,REOPEN,0.0,0.0,24326.240650856,23.759670405127032,-1.0256410256410504,23.68514176245892,0.35,5.0,0.05,
6.523074701999576,REOPEN,0.0,0.0,24326.251673599,23.759670405127032,-1.0256410256410504,23.687565006456246,0.35,5.0,0.05,
6.5242860990001645,REOPEN,0.0,0.0,24326.251673599,23.76424811169604,-1.1623931623931867,23.689827304459435,0.35,5.0,0.05,
6.5254430349996255,REOPEN,0.0,0.0,24326.251673599,23.76424811169604,-1.1623931623931867,23.69222421845418,0.35,5.0,0.05,
6.526656969999749,REOPEN,0.0,0.0,24326.251673599,23.766994735637446,-1.299145299145323,23.694562474457165,0.35,5.0,0.05,
6.527827046000311,REOPEN,0.0,0.0,24326.251673599,23.766994735637446,-1.299145299145323,23.696987722456946,0.35,5.0,0.05,
6.528962202999537,REOPEN,0.0,0.0,24326.251673599,23.766994735637446,-1.299145299145323,23.69930477245591,0.35,5.0,0.05,
6.530181392998202,REOPEN,0.0,0.0,24326.251673599,23.769741359578852,-0.8888888888889142,23.70160492045627,0.35,5.0,0.05,
6.5313393929973245,REOPEN,0.0,0.0,24326.251673599,23.769741359578852,-0.8888888888889142,23.70404028245914,0.35,5.0,0.05,
6.532533981000597,REOPEN,0.0,0.0,24326.251673599,23.772487983520257,-0.3418803418803691,23.706350984454296,0.35,5.0,0.05,
6.533635690000665,REOPEN,0.0,0.0,24326.251673599,23.772487983520257,-0.3418803418803691,23.708710334455212,0.35,5.0,0.05,
6.534799818000465,REOPEN,0.0,0.0,24326.262689619,23.772487983520257,-0.3418803418803691,23.71097117245747,0.35,5.0,0.05,
6.536029882998264,REOPEN,0.0,0.0,24326.262689619,23.776150148775464,-0.06837606837609655,23.7132663944599,0.35,5.0,0.05,
6.537198378999165,REOPEN,0.0,0.0,24326.262689619,23.776150148775464,-0.06837606837609655,23.715736664455584,0.35,5.0,0.05,
6.538402453999879,REOPEN,0.0,0.0,24326.262689619,23.77340352483406,0.06837606837609655,23.718043874456747,0.35,5.0,0.05,
6.539515942000435,REOPEN,0.0,0.0,24326.262689619,23.77340352483406,0.06837606837609655,23.720449270457287,0.35,5.0,0.05,
6.540615001998958,REOPEN,0.0,0.0,24326.262689619,23.77340352483406,0.06837606837609655,23.722668110460766,0.35,5.0,0.05,
6.541817072997219,REOPEN,0.0,0.0,24326.262689619,23.775234607461663,1.0256410256410504,23.724893242457732,0.35,5.0,0.05,
6.543065345998912,REOPEN,0.0,0.0,24326.262689619,23.775234607461663,1.0256410256410504,23.727372660456716,0.35,5.0,0.05,
6.544340625998302,REOPEN,0.0,0.0,24326.262689619,23.777981231403068,1.5726495726495955,23.729887752454054,0.35,5.0,0.05,
6.5455053149999,REOPEN,0.0,0.0,24326.27366564,23.777981231403068,1.5726495726495955,23.732359982454476,0.35,5.0,0.05,
6.546636639999633,REOPEN,0.0,0.0,24326.27366564,23.777981231403068,1.5726495726495955,23.73467130445581,0.35,5.0,0.05,
6.547868077999738,REOPEN,0.0,0.0,24326.27366564,23.77889677271687,1.5726495726495955,23.73695484645807,0.35,5.0,0.05,
6.548986575999152,REOPEN,0.0,0.0,24326.27366564,23.77889677271687,1.5726495726495955,23.739385426454213,0.35,5.0,0.05,
6.550168573998235,REOPEN,0.0,0.0,24326.27366564,23.777981231403068,1.846153846153868,23.741620676456044,0.35,5.0,0.05,
6.551316024000698,REOPEN,0.0,0.0,24326.27366564,23.777981231403068,1.846153846153868,23.744001296460304,0.35,5.0,0.05,
6.552506386000459,REOPEN,0.0,0.0,24326.27366564,23.777981231403068,1.846153846153868,23.746331088458213,0.35,5.0,0.05,
6.553688725998654,REOPEN,0.0,0.0,24326.27366564,23.780727855344473,2.940170940170958,23.748664118460987,0.35,5.0,0.05,
6.5547979660004785,REOPEN,0.0,0.0,24326.27366564,23.780727855344473,2.940170940170958,23.751018414458052,0.35,5.0,0.05,
6.556056897999952,REOPEN,0.0,0.0,24326.284618848,23.78439002059968,3.350427350427367,23.753437728456014,0.35,5.0,0.05,
6.557195524997951,REOPEN,0.0,0.0,24326.284618848,23.78439002059968,3.350427350427367,23.755788656455955,0.35,5.0,0.05,
6.558452296998439,REOPEN,0.0,0.0,24326.284618848,23.78347447928588,3.0769230769230944,23.758046906458297,0.35,5.0,0.05,
6.559576326999377,REOPEN,0.0,0.0,24326.284618848,23.78347447928588,3.0769230769230944,23.760551746456734,0.35,5.0,0.05,
6.560723061000317,REOPEN,0.0,0.0,24326.284618848,23.78347447928588,3.0769230769230944,23.762799558457594,0.35,5.0,0.05,
6.561889609998616,REOPEN,0.0,0.0,24326.284618848,23.782558937972077,3.7606837606837757,23.76509097445753,0.35,5.0,0.05,
6.563050757999008,REOPEN,0.0,0.0,24326.284618848,23.782558937972077,3.7606837606837757,23.767461390455104,0.35,5.0,0.05,
6.564268017998984,REOPEN,0.0,0.0,24326.284618848,23.785305561913482,4.581196581196593,23.76978229245517,0.35,5.0,0.05,
6.56544489999942,REOPEN,0.0,0.0,24326.284618848,23.785305561913482,4.581196581196593,23.77227129246105,0.35,5.0,0.05,
6.566563812997629,REOPEN,0.0,0.0,24326.284618848,23.785305561913482,4.581196581196593,23.774536048457342,0.35,5.0,0.05,
6.567818895997334,REOPEN,0.0,0.0,24326.29572304,23.78896772716869,4.71794871794873,23.776816388456176,0.35,5.0,0.05,
6.568995025998447,REOPEN,0.0,0.0,24326.29572304,23.78896772716869,4.71794871794873,23.7793040984566,0.35,5.0,0.05,
6.570267642000545,REOPEN,0.0,0.0,24326.29572304,23.78896772716869,4.71794871794873,23.781715734456633,0.35,5.0,0.05,
6.5714097210002365,REOPEN,0.0,0.0,24326.29572304,23.78896772716869,4.71794871794873,23.78419390845604,0.35,5.0,0.05,
6.572602689997439,REOPEN,0.0,0.0,24326.29572304,23.78896772716869,4.71794871794873,23.786483704456735,0.35,5.0,0.05,
6.57394717599891,REOPEN,0.0,0.0,24326.29572304,23.78896772716869,5.401709401709411,23.78896315046088,0.35,5.0,0.05,
6.575286341998435,REOPEN,0.0,0.0,24326.29572304,23.78896772716869,5.401709401709411,23.791828764459318,0.35,5.0,0.05,
6.576625720997981,REOPEN,0.0,0.0,24326.29572304,23.790798809796293,6.085470085470092,23.794484546454008,0.35,5.0,0.05,
6.577779876999557,REOPEN,0.0,0.0,24326.29572304,23.790798809796293,6.085470085470092,23.796973090461073,0.35,5.0,0.05,
6.5789759879990015,REOPEN,0.0,0.0,24326.306679713,23.790798809796293,6.085470085470092,23.799245190459736,0.35,5.0,0.05,
6.580307377000281,REOPEN,0.0,0.0,24326.306679713,23.792629892423896,6.2222222222222285,23.80169108245402,0.35,5.0,0.05,
6.58145281799807,REOPEN,0.0,0.0,24326.306679713,23.792629892423896,6.2222222222222285,23.804242824453944,0.35,5.0,0.05,
6.582637068000622,REOPEN,0.0,0.0,24326.306679713,23.797207598992905,6.632478632478637,23.80655396246086,0.35,5.0,0.05,
6.583836252000765,REOPEN,0.0,0.0,24326.306679713,23.797207598992905,6.632478632478637,23.808952202455224,0.35,5.0,0.05,
6.585064923998289,REOPEN,0.0,0.0,24326.306679713,23.797207598992905,6.632478632478637,23.81142110645535,0.35,5.0,0.05,
6.586350068999309,REOPEN,0.0,0.0,24326.306679713,23.807278553444725,6.769230769230774,23.813865928454582,0.35,5.0,0.05,
6.587519229000463,REOPEN,0.0,0.0,24326.306679713,23.807278553444725,6.769230769230774,23.816370934453992,0.35,5.0,0.05,
6.588722772998153,REOPEN,0.0,0.0,24326.306679713,23.812771801327536,6.358974358974365,23.818710126457994,0.35,5.0,0.05,
6.589982432000397,REOPEN,0.0,0.0,24326.317691351,23.812771801327536,6.358974358974365,23.821209300457234,0.35,5.0,0.05,
6.591167048998614,REOPEN,0.0,0.0,24326.317691351,23.812771801327536,6.358974358974365,23.823686090460363,0.35,5.0,0.05,
6.592403482998634,REOPEN,0.0,0.0,24326.317691351,23.816433966582743,6.2222222222222285,23.82601784645751,0.35,5.0,0.05,
6.5935167639981955,REOPEN,0.0,0.0,24326.317691351,23.816433966582743,6.2222222222222285,23.82844728245484,0.35,5.0,0.05,
6.594725455997832,REOPEN,0.0,0.0,24326.317691351,23.822842755779355,6.632478632478637,23.830719306456125,0.35,5.0,0.05,
6.595888005998859,REOPEN,0.0,0.0,24326.317691351,23.822842755779355,6.632478632478637,23.833130554458442,0.35,5.0,0.05,
6.597106214998348,REOPEN,0.0,0.0,24326.317691351,23.83474479285878,6.2222222222222285,23.83546516245635,0.35,5.0,0.05,
6.598320875000354,REOPEN,0.0,0.0,24326.317691351,23.83474479285878,6.2222222222222285,23.837893896454737,0.35,5.0,0.05,
6.599470724999264,REOPEN,0.0,0.0,24326.317691351,23.83474479285878,6.2222222222222285,23.840339850454733,0.35,5.0,0.05,
6.600755999999819,REOPEN,0.0,0.0,24326.328722617,23.837491416800184,5.6752136752136835,23.842599750455086,0.35,5.0,0.05,
6.601924123999197,REOPEN,0.0,0.0,24326.328722617,23.837491416800184,5.6752136752136835,23.84522181845616,0.35,5.0,0.05,
6.603132640997501,REOPEN,0.0,0.0,24326.328722617,23.84115358205539,5.81196581196582,23.847535734460074,0.35,5.0,0.05,
6.604291892999754,REOPEN,0.0,0.0,24326.328722617,23.84115358205539,5.81196581196582,23.849961222457317,0.35,5.0,0.05,
6.605517583000619,REOPEN,0.0,0.0,24326.328722617,23.84115358205539,5.81196581196582,23.852211930456654,0.35,5.0,0.05,
6.60676097599935,REOPEN,0.0,0.0,24326.328722617,23.857633325703823,6.2222222222222285,23.854719020457672,0.35,5.0,0.05,
6.607865952999418,REOPEN,0.0,0.0,24326.328722617,23.857633325703823,6.2222222222222285,23.85716480245403,0.35,5.0,0.05,
6.6090561780001735,REOPEN,0.0,0.0,24326.328722617,23.86678873884184,4.991452991453002,23.859409196457385,0.35,5.0,0.05,
6.610303197998292,REOPEN,0.0,0.0,24326.328722617,23.86678873884184,4.991452991453002,23.86183849645979,0.35,5.0,0.05,
6.6114667679976264,REOPEN,0.0,0.0,24326.33977933,23.86678873884184,4.991452991453002,23.864277048460757,0.35,5.0,0.05,
6.612753551999049,REOPEN,0.0,0.0,24326.33977933,23.880521858548867,4.307692307692321,23.866666660457234,0.35,5.0,0.05,
6.613932479998766,REOPEN,0.0,0.0,24326.33977933,23.880521858548867,4.307692307692321,23.869236192457286,0.35,5.0,0.05,
6.615178479998576,REOPEN,0.0,0.0,24326.33977933,23.889677271686885,4.1709401709401845,23.87155296845824,0.35,5.0,0.05,
6.616387392998149,REOPEN,0.0,0.0,24326.33977933,23.889677271686885,4.1709401709401845,23.874113462460194,0.35,5.0,0.05,
6.617500904998451,REOPEN,0.0,0.0,24326.33977933,23.889677271686885,4.1709401709401845,23.87642716045459,0.35,5.0,0.05,
6.618713743999251,REOPEN,0.0,0.0,24326.33977933,23.906157015335317,3.487179487179503,23.878679802454393,0.35,5.0,0.05,
6.61986618499941,REOPEN,0.0,0.0,24326.33977933,23.906157015335317,3.487179487179503,23.88111451845409,0.35,5.0,0.05,
6.6210488569995505,REOPEN,0.0,0.0,24326.33977933,23.910734721904326,2.803418803418822,23.883402950460116,0.35,5.0,0.05,
6.622156244000507,REOPEN,0.0,0.0,24326.350750296,23.910734721904326,2.803418803418822,23.885741844455445,0.35,5.0,0.05,
6.623323979998531,REOPEN,0.0,0.0,24326.350750296,23.910734721904326,2.803418803418822,23.888009688455462,0.35,5.0,0.05,
6.624492970000574,REOPEN,0.0,0.0,24326.350750296,23.916227969787137,2.803418803418822,23.890296922460514,0.35,5.0,0.05,
6.625610095998127,REOPEN,0.0,0.0,24326.350750296,23.916227969787137,2.803418803418822,23.89262873845521,0.35,5.0,0.05,
6.626827760999731,REOPEN,0.0,0.0,24326.350750296,23.92355230029755,3.2136752136752307,23.89490450245878,0.35,5.0,0.05,
6.62797764700008,REOPEN,0.0,0.0,24326.350750296,23.92355230029755,3.2136752136752307,23.897335502459576,0.35,5.0,0.05,
6.629128386997763,REOPEN,0.0,0.0,24326.350750296,23.92355230029755,3.2136752136752307,23.899628776455323,0.35,5.0,0.05,
6.630344201999833,REOPEN,0.0,0.0,24326.350750296,23.936369878690776,2.393162393162413,23.9019349984542,0.35,5.0,0.05,
6.631475263999164,REOPEN,0.0,0.0,24326.350750296,23.936369878690776,2.393162393162413,23.90434478645559,0.35,5.0,0.05,
6.632761240998661,REOPEN,0.0,0.0,24326.350750296,23.93911650263218,1.846153846153868,23.90659940445996,0.35,5.0,0.05,
6.633950453997386,REOPEN,0.0,0.0,24326.361842415,23.93911650263218,1.846153846153868,23.90925076645592,0.35,5.0,0.05,
6.63519882699984,REOPEN,0.0,0.0,24326.361842415,23.95284962233921,2.5299145299145493,23.91159620845658,0.35,5.0,0.05,
6.636369076000847,REOPEN,0.0,0.0,24326.361842415,23.95284962233921,2.5299145299145493,23.914084522456072,0.35,5.0,0.05,
6.637493612997787,REOPEN,0.0,0.0,24326.361842415,23.95284962233921,2.5299145299145493,23.916397764458928,0.35,5.0,0.05,
6.638701460997254,REOPEN,0.0,0.0,24326.361842415,23.96475165941863,1.9829059829060043,23.918663112456237,0.35,5.0,0.05,
6.639859028997307,REOPEN,0.0,0.0,24326.361842415,23.96475165941863,1.9829059829060043,23.921090612459487,0.35,5.0,0.05,
6.6410730610004975,REOPEN,0.0,0.0,24326.361842415,23.97940032043946,0.3418803418803691,23.923392126455404,0.35,5.0,0.05,
6.642218588000105,REOPEN,0.0,0.0,24326.361842415,23.97940032043946,0.3418803418803691,23.92582121846001,0.35,5.0,0.05,
6.643323668999074,REOPEN,0.0,0.0,24326.361842415,23.97940032043946,0.3418803418803691,23.928083974455625,0.35,5.0,0.05,
6.644535586998245,REOPEN,0.0,0.0,24326.372779877,24.001373311970703,-0.6153846153846416,23.930301750459442,0.35,5.0,0.05,
6.645704045000457,REOPEN,0.0,0.0,24326.372779877,24.001373311970703,-0.6153846153846416,23.932743066458464,0.35,5.0,0.05,
6.646921857998677,REOPEN,0.0,0.0,24326.372779877,24.018768596932937,-1.846153846153868,23.935079352459546,0.35,5.0,0.05,
6.64807239899892,REOPEN,0.0,0.0,24326.372779877,24.018768596932937,-1.846153846153868,23.937538340457216,0.35,5.0,0.05,
6.649233995998657,REOPEN,0.0,0.0,24326.372779877,24.018768596932937,-1.846153846153868,23.939838386455925,0.35,5.0,0.05,
6.650678482998046,REOPEN,0.0,0.0,24326.372779877,24.04715037766079,-3.487179487179503,23.942257446457482,0.35,5.0,0.05,
6.651909503998468,REOPEN,0.0,0.0,24326.372779877,24.04715037766079,-3.487179487179503,23.945153326460535,0.35,5.0,0.05,
6.653228155999386,REOPEN,0.0,0.0,24326.372779877,24.06179903868162,-5.128205128205138,23.94749786646073,0.35,5.0,0.05,
6.65442666799936,REOPEN,0.0,0.0,24326.372779877,24.06179903868162,-5.128205128205138,23.950172652456352,0.35,5.0,0.05,
6.655598106997786,REOPEN,0.0,0.0,24326.383707799,24.06179903868162,-5.128205128205138,23.952542450455915,0.35,5.0,0.05,
6.657029600999522,REOPEN,0.0,0.0,24326.383707799,24.06729228656443,-5.538461538461547,23.95492524645899,0.35,5.0,0.05,
6.658264534999034,REOPEN,0.0,0.0,24326.383707799,24.06729228656443,-5.538461538461547,23.957830334455615,0.35,5.0,0.05,
6.659562081000331,REOPEN,0.0,0.0,24326.383707799,24.069123369192035,-4.854700854700866,23.96026259445582,0.35,5.0,0.05,
6.660796284999378,REOPEN,0.0,0.0,24326.383707799,24.069123369192035,-4.854700854700866,23.96281855245845,0.35,5.0,0.05,
6.662033798998891,REOPEN,0.0,0.0,24326.383707799,24.069123369192035,-4.854700854700866,23.965377652459686,0.35,5.0,0.05,
6.663419382999564,REOPEN,0.0,0.0,24326.383707799,24.069123369192035,-3.897435897435912,23.967775450454177,0.35,5.0,0.05,
6.664594223999302,REOPEN,0.0,0.0,24326.383707799,24.069123369192035,-3.897435897435912,23.97054179846102,0.35,5.0,0.05,
6.666142603997287,REOPEN,0.0,0.0,24326.383707799,24.06729228656443,-3.6239316239316395,23.97287685845597,0.35,5.0,0.05,
6.667342730997916,REOPEN,0.0,0.0,24326.394772906,24.06729228656443,-3.6239316239316395,23.975999424454606,0.35,5.0,0.05,
6.668528954000067,REOPEN,0.0,0.0,24326.394772906,24.06729228656443,-3.6239316239316395,23.978377132460558,0.35,5.0,0.05,
6.669813463999162,REOPEN,0.0,0.0,24326.394772906,24.069123369192035,-2.6666666666666856,23.980745716459317,0.35,5.0,0.05,
6.671032091999223,REOPEN,0.0,0.0,24326.394772906,24.069123369192035,-2.6666666666666856,23.98331667845425,0.35,5.0,0.05,
6.672376989998156,REOPEN,0.0,0.0,24326.394772906,24.070954451819638,-2.1196581196581405,23.98577272245395,0.35,5.0,0.05,
6.673544024997682,REOPEN,0.0,0.0,24326.394772906,24.070954451819638,-2.1196581196581405,23.988447788457528,0.35,5.0,0.05,
6.674813018998975,REOPEN,0.0,0.0,24326.394772906,24.069123369192035,-1.9829059829060043,23.990755746456237,0.35,5.0,0.05,
6.675969046998944,REOPEN,0.0,0.0,24326.394772906,24.069123369192035,-1.9829059829060043,23.993298050455017,0.35,5.0,0.05,
6.677203709998139,REOPEN,0.0,0.0,24326.405753315,24.069123369192035,-1.9829059829060043,23.995727860458395,0.35,5.0,0.05,
6.678505650997977,REOPEN,0.0,0.0,24326.405753315,24.070038910505836,-1.299145299145323,23.99816571046042,0.35,5.0,0.05,
6.679678590997355,REOPEN,0.0,0.0,24326.405753315,24.070038910505836,-1.299145299145323,24.00069369845962,0.35,5.0,0.05,
6.681001371998718,REOPEN,0.0,0.0,24326.405753315,24.07278553444724,-0.47863247863250535,24.003051310459817,0.35,5.0,0.05,
6.682204106997233,REOPEN,0.0,0.0,24326.405753315,24.07278553444724,-0.47863247863250535,24.00573751645654,0.35,5.0,0.05,
6.683387409997522,REOPEN,0.0,0.0,24326.405753315,24.07278553444724,-0.47863247863250535,24.00813534645797,0.35,5.0,0.05,
6.6846334189976915,REOPEN,0.0,0.0,24326.405753315,24.07278553444724,-0.3418803418803691,24.0104358684571,0.35,5.0,0.05,
6.6858329019996745,REOPEN,0.0,0.0,24326.405753315,24.07278553444724,-0.3418803418803691,24.012988634460747,0.35,5.0,0.05,
6.6871414039997035,REOPEN,0.0,0.0,24326.405753315,24.070954451819638,0.06837606837609655,24.015355942460268,0.35,5.0,0.05,
6.688374534998729,REOPEN,0.0,0.0,24326.416818776,24.070954451819638,0.06837606837609655,24.01804206445606,0.35,5.0,0.05,
6.689542566997261,REOPEN,0.0,0.0,24326.416818776,24.070954451819638,0.06837606837609655,24.02043650445787,0.35,5.0,0.05,
6.690849807000632,REOPEN,0.0,0.0,24326.416818776,24.075532158388647,1.0256410256410504,24.022761260459923,0.35,5.0,0.05,
6.69203479999851,REOPEN,0.0,0.0,24326.416818776,24.075532158388647,1.0256410256410504,24.02537620246087,0.35,5.0,0.05,
6.69331113500084,REOPEN,0.0,0.0,24326.416818776,24.07644769970245,1.299145299145323,24.027751346455737,0.35,5.0,0.05,
6.694470343998546,REOPEN,0.0,0.0,24326.416818776,24.07644769970245,1.299145299145323,24.03028696446065,0.35,5.0,0.05,
6.695638845998474,REOPEN,0.0,0.0,24326.416818776,24.07644769970245,1.299145299145323,24.03261690846059,0.35,5.0,0.05,
6.696972154000832,REOPEN,0.0,0.0,24326.416818776,24.075532158388647,1.5726495726495955,24.03496644245981,0.35,5.0,0.05,
6.698149658997863,REOPEN,0.0,0.0,24326.416818776,24.075532158388647,1.5726495726495955,24.03767932245912,0.35,5.0,0.05,
6.6994942579985945,REOPEN,0.0,0.0,24326.427782581,24.07644769970245,2.256410256410277,24.040164690459754,0.35,5.0,0.05,
6.700688343000365,REOPEN,0.0,0.0,24326.427782581,24.07644769970245,2.256410256410277,24.042670534460306,0.35,5.0,0.05,
6.70187192999947,REOPEN,0.0,0.0,24326.427782581,24.07644769970245,2.256410256410277,24.04506253245429,0.35,5.0,0.05,
6.703191696000431,REOPEN,0.0,0.0,24326.427782581,24.079194323643854,2.803418803418822,24.047476760456014,0.35,5.0,0.05,
6.704373848999239,REOPEN,0.0,0.0,24326.427782581,24.079194323643854,2.803418803418822,24.050061794458564,0.35,5.0,0.05,
6.705588910997903,REOPEN,0.0,0.0,24326.427782581,24.079194323643854,2.940170940170958,24.052416680455757,0.35,5.0,0.05,
6.706741936999606,REOPEN,0.0,0.0,24326.427782581,24.079194323643854,2.940170940170958,24.054840400460783,0.35,5.0,0.05,
6.7079011120004,REOPEN,0.0,0.0,24326.427782581,24.079194323643854,2.940170940170958,24.057148706453994,0.35,5.0,0.05,
6.709163763000106,REOPEN,0.0,0.0,24326.427782581,24.081025406271458,3.7606837606837757,24.0594782184585,0.35,5.0,0.05,
6.710361654000735,REOPEN,0.0,0.0,24326.43883803,24.081025406271458,3.7606837606837757,24.06203354845868,0.35,5.0,0.05,
6.711681821998354,REOPEN,0.0,0.0,24326.43883803,24.081025406271458,4.1709401709401845,24.06441292045431,0.35,5.0,0.05,
6.712866890000441,REOPEN,0.0,0.0,24326.43883803,24.081025406271458,4.1709401709401845,24.067100178459917,0.35,5.0,0.05,
6.714103398997395,REOPEN,0.0,0.0,24326.43883803,24.083772030212863,4.444444444444457,24.069390482460697,0.35,5.0,0.05,
6.715290913998615,REOPEN,0.0,0.0,24326.43883803,24.083772030212863,4.444444444444457,24.071936176459097,0.35,5.0,0.05,
6.71646858999884,REOPEN,0.0,0.0,24326.43883803,24.083772030212863,4.444444444444457,24.074259046460178,0.35,5.0,0.05,
6.717691670997738,REOPEN,0.0,0.0,24326.43883803,24.084687571526665,4.71794871794873,24.076605198456058,0.35,5.0,0.05,
6.718853663998743,REOPEN,0.0,0.0,24326.43883803,24.084687571526665,4.71794871794873,24.079054584459776,0.35,5.0,0.05,
6.720122226997773,REOPEN,0.0,0.0,24326.43883803,24.085603112840467,5.264957264957275,24.081446808459553,0.35,5.0,0.05,
6.7213192700000945,REOPEN,0.0,0.0,24326.449795512,24.085603112840467,5.264957264957275,24.08397539245427,0.35,5.0,0.05,
6.722523036998609,REOPEN,0.0,0.0,24326.449795512,24.085603112840467,5.264957264957275,24.086329654458062,0.35,5.0,0.05,
6.723888846998307,REOPEN,0.0,0.0,24326.449795512,24.090180819409476,5.6752136752136835,24.088744210459957,0.35,5.0,0.05,
6.725082021999697,REOPEN,0.0,0.0,24326.449795512,24.090180819409476,5.6752136752136835,24.091534906454875,0.35,5.0,0.05,
6.726371534998179,REOPEN,0.0,0.0,24326.449795512,24.09292744335088,5.538461538461547,24.093925712457825,0.35,5.0,0.05,
6.7275380110004335,REOPEN,0.0,0.0,24326.449795512,24.09292744335088,5.538461538461547,24.096420032454738,0.35,5.0,0.05,
6.728687360999174,REOPEN,0.0,0.0,24326.449795512,24.09292744335088,5.538461538461547,24.098753930457427,0.35,5.0,0.05,
6.729958521998924,REOPEN,0.0,0.0,24326.449795512,24.099336232547493,5.81196581196582,24.10103881245825,0.35,5.0,0.05,
6.731110319997242,REOPEN,0.0,0.0,24326.449795512,24.099336232547493,5.81196581196582,24.10358493245669,0.35,5.0,0.05,
6.732479059999605,REOPEN,0.0,0.0,24326.460871184,24.103913939116502,5.948717948717956,24.105986500459515,0.35,5.0,0.05,
6.733663237999281,REOPEN,0.0,0.0,24326.460871184,24.103913939116502,5.948717948717956,24.10866795845734,0.35,5.0,0.05,
6.7349078330007615,REOPEN,0.0,0.0,24326.460871184,24.103913939116502,5.948717948717956,24.11106967645403,0.35,5.0,0.05,
6.736205848999816,REOPEN,0.0,0.0,24326.460871184,24.11215381094072,5.81196581196582,24.113498902459945,0.35,5.0,0.05,
6.737405713000044,REOPEN,0.0,0.0,24326.460871184,24.11215381094072,5.81196581196582,24.11614286845954,0.35,5.0,0.05,
6.738622199998645,REOPEN,0.0,0.0,24326.460871184,24.12314030670634,5.6752136752136835,24.118472296455842,0.35,5.0,0.05,
6.739876711999386,REOPEN,0.0,0.0,24326.460871184,24.12314030670634,5.6752136752136835,24.121025584458515,0.35,5.0,0.05,
6.741057470997475,REOPEN,0.0,0.0,24326.460871184,24.12314030670634,5.6752136752136835,24.123456756455674,0.35,5.0,0.05,
6.742420945000049,REOPEN,0.0,0.0,24326.460871184,24.131380178530556,4.854700854700866,24.12582900646023,0.35,5.0,0.05,
6.743598394998116,REOPEN,0.0,0.0,24326.471778027,24.131380178530556,4.854700854700866,24.128535066457083,0.35,5.0,0.05,
6.744929078999121,REOPEN,0.0,0.0,24326.471778027,24.136873426413366,4.991452991453002,24.13088485045821,0.35,5.0,0.05,
6.746137674999773,REOPEN,0.0,0.0,24326.471778027,24.136873426413366,4.991452991453002,24.133566042454298,0.35,5.0,0.05,
6.7473638909978035,REOPEN,0.0,0.0,24326.471778027,24.136873426413366,4.991452991453002,24.136015014456028,0.35,5.0,0.05,
6.748669348999101,REOPEN,0.0,0.0,24326.471778027,24.152437628747997,4.71794871794873,24.138417074459106,0.35,5.0,0.05,
6.749907467998128,REOPEN,0.0,0.0,24326.471778027,24.152437628747997,4.71794871794873,24.141119422458836,0.35,5.0,0.05,
6.751208969999425,REOPEN,0.0,0.0,24326.471778027,24.15976195925841,3.897435897435912,24.14357697445896,0.35,5.0,0.05,
6.752390932997514,REOPEN,0.0,0.0,24326.471778027,24.15976195925841,3.897435897435912,24.146106380454988,0.35,5.0,0.05,
6.7537573909976345,REOPEN,0.0,0.0,24326.471778027,24.171663996337834,3.897435897435912,24.148564874458792,0.35,5.0,0.05,
6.755000450997613,REOPEN,0.0,0.0,24326.482747293,24.171663996337834,3.897435897435912,24.151288320458228,0.35,5.0,0.05,
6.756289690998528,REOPEN,0.0,0.0,24326.482747293,24.171663996337834,3.897435897435912,24.15372437245471,0.35,5.0,0.05,
6.757615859998623,REOPEN,0.0,0.0,24326.482747293,24.178072785534447,3.7606837606837757,24.156346936457815,0.35,5.0,0.05,
6.758841448998282,REOPEN,0.0,0.0,24326.482747293,24.178072785534447,3.7606837606837757,24.15900146845754,0.35,5.0,0.05,
6.760130684997421,REOPEN,0.0,0.0,24326.482747293,24.183566033417257,3.2136752136752307,24.1613725964585,0.35,5.0,0.05,
6.76137775999814,REOPEN,0.0,0.0,24326.482747293,24.183566033417257,3.2136752136752307,24.16402687046004,0.35,5.0,0.05,
6.762565410997922,REOPEN,0.0,0.0,24326.482747293,24.183566033417257,3.2136752136752307,24.166454474458554,0.35,5.0,0.05,
6.763896803997341,REOPEN,0.0,0.0,24326.482747293,24.197299153124284,3.350427350427367,24.168816826454098,0.35,5.0,0.05,
6.765350959998614,REOPEN,0.0,0.0,24326.493845434,24.197299153124284,3.350427350427367,24.17197942846044,0.35,5.0,0.05,
6.766596474000835,REOPEN,0.0,0.0,24326.493845434,24.2046234836347,2.803418803418822,24.174313668454964,0.35,5.0,0.05,
6.767890742998134,REOPEN,0.0,0.0,24326.493845434,24.2046234836347,2.803418803418822,24.176990006456002,0.35,5.0,0.05,
6.769146041999193,REOPEN,0.0,0.0,24326.493845434,24.2046234836347,2.803418803418822,24.179590072456016,0.35,5.0,0.05,
6.77057777599839,REOPEN,0.0,0.0,24326.493845434,24.219272144655527,2.1196581196581405,24.18221422045692,0.35,5.0,0.05,
6.7718044689972885,REOPEN,0.0,0.0,24326.493845434,24.219272144655527,2.1196581196581405,24.184941292458937,0.35,5.0,0.05,
6.7731140939977195,REOPEN,0.0,0.0,24326.493845434,24.228427557793545,1.846153846153868,24.187296736456595,0.35,5.0,0.05,
6.774388879999606,REOPEN,0.0,0.0,24326.493845434,24.228427557793545,1.846153846153868,24.19002980245798,0.35,5.0,0.05,
6.775567623997631,REOPEN,0.0,0.0,24326.493845434,24.228427557793545,1.846153846153868,24.192474706457254,0.35,5.0,0.05,
6.776936444999592,REOPEN,0.0,0.0,24326.504904811,24.243076218814373,1.4358974358974592,24.194826456458507,0.35,5.0,0.05,
6.778247590998944,REOPEN,0.0,0.0,24326.504904811,24.243076218814373,1.4358974358974592,24.197782862460848,0.35,5.0,0.05,
6.779617580999911,REOPEN,0.0,0.0,24326.504904811,24.248569466697184,0.8888888888889142,24.20036421445777,0.35,5.0,0.05,
6.780804178997641,REOPEN,0.0,0.0,24326.504904811,24.248569466697184,0.8888888888889142,24.202920066456976,0.35,5.0,0.05,
6.782120339998073,REOPEN,0.0,0.0,24326.504904811,24.248569466697184,0.8888888888889142,24.205504060455972,0.35,5.0,0.05,
6.78360872399935,REOPEN,0.0,0.0,24326.504904811,24.254978255893796,1.0256410256410504,24.20825038045816,0.35,5.0,0.05,
6.78481231099795,REOPEN,0.0,0.0,24326.504904811,24.254978255893796,1.0256410256410504,24.210903032459576,0.35,5.0,0.05,
6.786191209997924,REOPEN,0.0,0.0,24326.504904811,24.26138704509041,1.299145299145323,24.21350714245866,0.35,5.0,0.05,
6.787587651000649,REOPEN,0.0,0.0,24326.516085933,24.26138704509041,1.299145299145323,24.216489058455885,0.35,5.0,0.05,
6.788845151000714,REOPEN,0.0,0.0,24326.516085933,24.26138704509041,1.299145299145323,24.21890927445431,0.35,5.0,0.05,
6.790362378000282,REOPEN,0.0,0.0,24326.516085933,24.27145799954223,0.7521367521367779,24.22143509645914,0.35,5.0,0.05,
6.79159758699825,REOPEN,0.0,0.0,24326.516085933,24.27145799954223,0.7521367521367779,24.224506688459336,0.35,5.0,0.05,
6.7929175889985345,REOPEN,0.0,0.0,24326.516085933,24.273289082169832,0.7521367521367779,24.226906950456872,0.35,5.0,0.05,
6.794090981999034,REOPEN,0.0,0.0,24326.516085933,24.273289082169832,0.7521367521367779,24.229545456454183,0.35,5.0,0.05,
6.795456709998689,REOPEN,0.0,0.0,24326.516085933,24.275120164797436,1.7094017094017318,24.23186339445467,0.35,5.0,0.05,
6.7967318359987985,REOPEN,0.0,0.0,24326.516085933,24.275120164797436,1.7094017094017318,24.23465888445437,0.35,5.0,0.05,
6.798476182000741,REOPEN,0.0,0.0,24326.516085933,24.275120164797436,1.7094017094017318,24.237285628458743,0.35,5.0,0.05,
6.799894892999873,REOPEN,0.0,0.0,24326.526941592,24.278782330052643,1.846153846153868,24.24071240645801,0.35,5.0,0.05,
6.801281779997225,REOPEN,0.0,0.0,24326.526941592,24.278782330052643,1.846153846153868,24.243723840455026,0.35,5.0,0.05,
6.802826635997917,REOPEN,0.0,0.0,24326.526941592,24.281528953994048,1.9829059829060043,24.24648006445434,0.35,5.0,0.05,
6.804216502998315,REOPEN,0.0,0.0,24326.526941592,24.281528953994048,1.9829059829060043,24.249631292458183,0.35,5.0,0.05,
6.8056517240001995,REOPEN,0.0,0.0,24326.526941592,24.281528953994048,1.9829059829060043,24.252445986460337,0.35,5.0,0.05,
6.807274921997305,REOPEN,0.0,0.0,24326.526941592,24.289768825818264,2.393162393162413,24.255084100458156,0.35,5.0,0.05,
6.80876996599909,REOPEN,0.0,0.0,24326.526941592,24.289768825818264,2.393162393162413,24.258481800456615,0.35,5.0,0.05,
6.810513846998219,REOPEN,0.0,0.0,24326.538239359,24.295262073701075,2.256410256410277,24.26160290645432,0.35,5.0,0.05,
6.811923064000439,REOPEN,0.0,0.0,24326.538239359,24.295262073701075,2.256410256410277,24.264833686460882,0.35,5.0,0.05,
6.813423466999666,REOPEN,0.0,0.0,24326.538239359,24.295262073701075,2.256410256410277,24.267884924457142,0.35,5.0,0.05,
6.815112373999,REOPEN,0.0,0.0,24326.538239359,24.30350194552529,2.256410256410277,24.27066451445946,0.35,5.0,0.05,
6.816585795997526,REOPEN,0.0,0.0,24326.538239359,24.30350194552529,2.256410256410277,24.274258450454475,0.35,5.0,0.05,
6.81815779200042,REOPEN,0.0,0.0,24326.538239359,24.3089951934081,2.5299145299145493,24.27697240045611,0.35,5.0,0.05,
6.819736314999318,REOPEN,0.0,0.0,24326.538239359,24.3089951934081,2.5299145299145493,24.280394070456644,0.35,5.0,0.05,
6.8211557989998255,REOPEN,0.0,0.0,24326.549166779,24.3089951934081,2.5299145299145493,24.28344677645739,0.35,5.0,0.05,
6.822999266998522,REOPEN,0.0,0.0,24326.549166779,24.31357289997711,2.6666666666666856,24.28638019845905,0.35,5.0,0.05,
6.824492064999504,REOPEN,0.0,0.0,24326.549166779,24.31357289997711,2.6666666666666856,24.289998252456392,0.35,5.0,0.05,
6.826118548997329,REOPEN,0.0,0.0,24326.549166779,24.316319523918516,3.2136752136752307,24.29280486045402,0.35,5.0,0.05,
6.82752530200014,REOPEN,0.0,0.0,24326.549166779,24.316319523918516,3.2136752136752307,24.296085814460206,0.35,5.0,0.05,
6.828918569997768,REOPEN,0.0,0.0,24326.549166779,24.316319523918516,3.2136752136752307,24.298889836458805,0.35,5.0,0.05,
6.830996314998629,REOPEN,0.0,0.0,24326.549166779,24.321812771801326,3.350427350427367,24.301851686456324,0.35,5.0,0.05,
6.832541370000399,REOPEN,0.0,0.0,24326.560462777,24.321812771801326,3.350427350427367,24.30599352645597,0.35,5.0,0.05,
6.83411164899735,REOPEN,0.0,0.0,24326.560462777,24.327306019684137,3.7606837606837757,24.308982132456116,0.35,5.0,0.05,
6.835532377997879,REOPEN,0.0,0.0,24326.560462777,24.327306019684137,3.7606837606837757,24.312036448458933,0.35,5.0,0.05,
6.836982430999342,REOPEN,0.0,0.0,24326.560462777,24.327306019684137,3.7606837606837757,24.315060604460562,0.35,5.0,0.05,
6.8387661689994275,REOPEN,0.0,0.0,24326.560462777,24.34470130464637,2.940170940170958,24.317998844455836,0.35,5.0,0.05,
6.8401097409987415,REOPEN,0.0,0.0,24326.560462777,24.34470130464637,2.940170940170958,24.321324062455936,0.35,5.0,0.05,
6.841931268998451,REOPEN,0.0,0.0,24326.560462777,24.355687800411992,2.5299145299145493,24.324233212459625,0.35,5.0,0.05,
6.843217036999704,REOPEN,0.0,0.0,24326.571073107,24.355687800411992,2.5299145299145493,24.327646860454955,0.35,5.0,0.05,
6.844744328998786,REOPEN,0.0,0.0,24326.571073107,24.373998626688028,1.7094017094017318,24.330247140455434,0.35,5.0,0.05,
6.8459484159975545,REOPEN,0.0,0.0,24326.571073107,24.373998626688028,1.7094017094017318,24.333220126458876,0.35,5.0,0.05,
6.847129435998795,REOPEN,0.0,0.0,24326.571073107,24.373998626688028,1.7094017094017318,24.335593216458186,0.35,5.0,0.05,
6.848445965999417,REOPEN,0.0,0.0,24326.571073107,24.387731746395055,1.1623931623931867,24.337954504454068,0.35,5.0,0.05,
6.849600585999724,REOPEN,0.0,0.0,24326.571073107,24.387731746395055,1.1623931623931867,24.340568408459625,0.35,5.0,0.05,
6.850934345999121,REOPEN,0.0,0.0,24326.571073107,24.397802700846874,0.6153846153846416,24.34289450245935,0.35,5.0,0.05,
6.852131905998249,REOPEN,0.0,0.0,24326.571073107,24.397802700846874,0.6153846153846416,24.34556399645455,0.35,5.0,0.05,
6.853874235999683,REOPEN,0.0,0.0,24326.582365552,24.397802700846874,0.6153846153846416,24.349049230457716,0.35,5.0,0.05,
6.855260533000546,REOPEN,0.0,0.0,24326.582365552,24.41702906843671,-0.3418803418803691,24.35146038445466,0.35,5.0,0.05,
6.8564695319983,REOPEN,0.0,0.0,24326.582365552,24.41702906843671,-0.3418803418803691,24.354220446456132,0.35,5.0,0.05,
6.857784460000403,REOPEN,0.0,0.0,24326.582365552,24.428015564202333,-1.0256410256410504,24.356618522457687,0.35,5.0,0.05,
6.85898019600063,REOPEN,0.0,0.0,24326.582365552,24.428015564202333,-1.0256410256410504,24.359277908459738,0.35,5.0,0.05,
6.860144836999098,REOPEN,0.0,0.0,24326.582365552,24.428015564202333,-1.0256410256410504,24.361657592455707,0.35,5.0,0.05,
6.861515742999472,REOPEN,0.0,0.0,24326.582365552,24.438086518654153,-1.4358974358974592,24.363984076454038,0.35,5.0,0.05,
6.862845173000096,REOPEN,0.0,0.0,24326.582365552,24.438086518654153,-1.4358974358974592,24.366763784457838,0.35,5.0,0.05,
6.865042110999639,REOPEN,0.0,0.0,24326.582365552,24.44174868390936,-1.299145299145323,24.369517762456347,0.35,5.0,0.05,
6.866368797000177,REOPEN,0.0,0.0,24326.593629061,24.44174868390936,-1.299145299145323,24.373909608455982,0.35,5.0,0.05,
6.86756918500032,REOPEN,0.0,0.0,24326.593629061,24.44174868390936,-1.299145299145323,24.376440724454845,0.35,5.0,0.05,
6.869068301999505,REOPEN,0.0,0.0,24326.593629061,24.450904097047378,-1.1623931623931867,24.378897628458184,0.35,5.0,0.05,
6.8703306799980055,REOPEN,0.0,0.0,24326.593629061,24.450904097047378,-1.1623931623931867,24.38191138645427,0.35,5.0,0.05,
6.8717485739980475,REOPEN,0.0,0.0,24326.593629061,24.453650720988783,-1.1623931623931867,24.384387050459303,0.35,5.0,0.05,
6.872979435000161,REOPEN,0.0,0.0,24326.593629061,24.453650720988783,-1.1623931623931867,24.387247734458036,0.35,5.0,0.05,
6.874180102997343,REOPEN,0.0,0.0,24326.593629061,24.453650720988783,-1.1623931623931867,24.389679158457987,0.35,5.0,0.05,
6.87615126899982,REOPEN,0.0,0.0,24326.604527185,24.45639734493019,-0.47863247863250535,24.3933492304591,0.35,5.0,0.05,
6.877361044000281,REOPEN,0.0,0.0,24326.604527185,24.45639734493019,-0.47863247863250535,24.396019360460308,0.35,5.0,0.05,
6.878669424997497,REOPEN,0.0,0.0,24326.604527185,24.45731288624399,-0.06837606837609655,24.3983929844567,0.35,5.0,0.05,
6.879859235999902,REOPEN,0.0,0.0,24326.604527185,24.45731288624399,-0.06837606837609655,24.401048790454773,0.35,5.0,0.05,
6.8810329449988785,REOPEN,0.0,0.0,24326.604527185,24.45731288624399,-0.06837606837609655,24.40344608445823,0.35,5.0,0.05,
6.8823434179976175,REOPEN,0.0,0.0,24326.604527185,24.459143968871594,0.47863247863250535,24.4057507284547,0.35,5.0,0.05,
6.883496926999214,REOPEN,0.0,0.0,24326.604527185,24.459143968871594,0.47863247863250535,24.408362952456194,0.35,5.0,0.05,
6.884733703998791,REOPEN,0.0,0.0,24326.604527185,24.460059510185395,0.8888888888889142,24.410658172457737,0.35,5.0,0.05,
6.885922667999694,REOPEN,0.0,0.0,24326.604527185,24.460059510185395,0.8888888888889142,24.413162010454947,0.35,5.0,0.05,
6.887270464998437,REOPEN,0.0,0.0,24326.615186188,24.463721675440603,1.299145299145323,24.41553997445819,0.35,5.0,0.05,
6.888427808000415,REOPEN,0.0,0.0,24326.615186188,24.463721675440603,1.299145299145323,24.41819789045487,0.35,5.0,0.05,
6.889574566997908,REOPEN,0.0,0.0,24326.615186188,24.463721675440603,1.299145299145323,24.420528586454132,0.35,5.0,0.05,
6.890853157998208,REOPEN,0.0,0.0,24326.615186188,24.466468299382008,1.5726495726495955,24.42281020645398,0.35,5.0,0.05,
6.892028287998983,REOPEN,0.0,0.0,24326.615186188,24.466468299382008,1.5726495726495955,24.425399576454332,0.35,5.0,0.05,
6.893297414997505,REOPEN,0.0,0.0,24326.615186188,24.46829938200961,1.7094017094017318,24.427742760456134,0.35,5.0,0.05,
6.89447053999902,REOPEN,0.0,0.0,24326.615186188,24.46829938200961,1.7094017094017318,24.43025126245859,0.35,5.0,0.05,
6.895603166998626,REOPEN,0.0,0.0,24326.615186188,24.46829938200961,1.7094017094017318,24.432602800460266,0.35,5.0,0.05,
6.896904400000494,REOPEN,0.0,0.0,24326.615186188,24.47745479514763,1.846153846153868,24.434888000456816,0.35,5.0,0.05,
6.898046586997225,REOPEN,0.0,0.0,24326.626085342,24.47745479514763,1.846153846153868,24.4374693124578,0.35,5.0,0.05,
6.899367636000534,REOPEN,0.0,0.0,24326.626085342,24.483863584344242,1.7094017094017318,24.43978236245541,0.35,5.0,0.05,
6.900541392999003,REOPEN,0.0,0.0,24326.626085342,24.483863584344242,1.7094017094017318,24.442409516459996,0.35,5.0,0.05,
6.901707502998761,REOPEN,0.0,0.0,24326.626085342,24.483863584344242,1.7094017094017318,24.444748394455495,0.35,5.0,0.05,
6.903090586998587,REOPEN,0.0,0.0,24326.626085342,24.492103456168458,1.4358974358974592,24.447089638454166,0.35,5.0,0.05,
6.904281264000019,REOPEN,0.0,0.0,24326.626085342,24.492103456168458,1.4358974358974592,24.44990146045395,0.35,5.0,0.05,
6.905877926998073,REOPEN,0.0,0.0,24326.626085342,24.49759670405127,1.4358974358974592,24.45245860646039,0.35,5.0,0.05,
6.907397482998931,REOPEN,0.0,0.0,24326.626085342,24.49759670405127,1.4358974358974592,24.455760472456426,0.35,5.0,0.05,
6.908866798999952,REOPEN,0.0,0.0,24326.637304818,24.49759670405127,1.4358974358974592,24.458899550455065,0.35,5.0,0.05,
6.910525150997273,REOPEN,0.0,0.0,24326.637304818,24.504921034561683,1.4358974358974592,24.46172012845866,0.35,5.0,0.05,
6.911779522997676,REOPEN,0.0,0.0,24326.637304818,24.504921034561683,1.4358974358974592,24.464795746457206,0.35,5.0,0.05,
6.913179290997505,REOPEN,0.0,0.0,24326.637304818,24.50949874113069,1.5726495726495955,24.46735152445992,0.35,5.0,0.05,
6.914503411000624,REOPEN,0.0,0.0,24326.637304818,24.50949874113069,1.5726495726495955,24.470097908454157,0.35,5.0,0.05,
6.915883617999498,REOPEN,0.0,0.0,24326.637304818,24.50949874113069,1.5726495726495955,24.472831992456598,0.35,5.0,0.05,
6.917474373000005,REOPEN,0.0,0.0,24326.637304818,24.516823071641106,1.846153846153868,24.475777530455638,0.35,5.0,0.05,
6.918800832998386,REOPEN,0.0,0.0,24326.637304818,24.516823071641106,1.846153846153868,24.478702466457,0.35,5.0,0.05,
6.9203779339986795,REOPEN,0.0,0.0,24326.64822061,24.525978484779124,1.7094017094017318,24.481467316460588,0.35,5.0,0.05,
6.9216839439977775,REOPEN,0.0,0.0,24326.64822061,24.525978484779124,1.7094017094017318,24.484537110455243,0.35,5.0,0.05,
6.922986837998906,REOPEN,0.0,0.0,24326.64822061,24.525978484779124,1.7094017094017318,24.48713945645661,0.35,5.0,0.05,
6.9244380130003265,REOPEN,0.0,0.0,24326.64822061,24.537880521858547,0.8888888888889142,24.48971645845679,0.35,5.0,0.05,
6.925675971000601,REOPEN,0.0,0.0,24326.64822061,24.537880521858547,0.8888888888889142,24.49262454645443,0.35,5.0,0.05,
6.927007020000019,REOPEN,0.0,0.0,24326.64822061,24.54428931105516,1.0256410256410504,24.495064012453916,0.35,5.0,0.05,
6.9281927429983625,REOPEN,0.0,0.0,24326.64822061,24.54428931105516,1.0256410256410504,24.497722402457406,0.35,5.0,0.05,
6.92960050399779,REOPEN,0.0,0.0,24326.64822061,24.55985351338979,0.8888888888889142,24.500097700455193,0.35,5.0,0.05,
6.930944428000657,REOPEN,0.0,0.0,24326.659320267,24.55985351338979,0.8888888888889142,24.50306484246041,0.35,5.0,0.05,
6.932144775000779,REOPEN,0.0,0.0,24326.659320267,24.55985351338979,0.8888888888889142,24.505610084454496,0.35,5.0,0.05,
6.933574152997608,REOPEN,0.0,0.0,24326.659320267,24.567177843900204,0.20512820512823282,24.5080020704577,0.35,5.0,0.05,
6.934810861999722,REOPEN,0.0,0.0,24326.659320267,24.567177843900204,0.20512820512823282,24.51086807645563,0.35,5.0,0.05,
6.936215071000333,REOPEN,0.0,0.0,24326.659320267,24.572671091783015,-0.06837606837609655,24.513357626458422,0.35,5.0,0.05,
6.93746033899879,REOPEN,0.0,0.0,24326.659320267,24.572671091783015,-0.06837606837609655,24.516147486460362,0.35,5.0,0.05,
6.938667787999293,REOPEN,0.0,0.0,24326.659320267,24.572671091783015,-0.06837606837609655,24.51865084845715,0.35,5.0,0.05,
6.940147884997714,REOPEN,0.0,0.0,24326.659320267,24.576333257038222,0.3418803418803691,24.521052228456504,0.35,5.0,0.05,
6.941874148000352,REOPEN,0.0,0.0,24326.670381235,24.576333257038222,0.3418803418803691,24.525050154460153,0.35,5.0,0.05,
6.943300380000437,REOPEN,0.0,0.0,24326.670381235,24.577248798352024,0.7521367521367779,24.527450168456674,0.35,5.0,0.05,
6.944681982000475,REOPEN,0.0,0.0,24326.670381235,24.577248798352024,0.7521367521367779,24.530416960459227,0.35,5.0,0.05,
6.945993572000589,REOPEN,0.0,0.0,24326.670381235,24.577248798352024,0.7521367521367779,24.533227814458336,0.35,5.0,0.05,
6.94752427200001,REOPEN,0.0,0.0,24326.670381235,24.578164339665825,1.5726495726495955,24.53569651445516,0.35,5.0,0.05,
6.948793784998998,REOPEN,0.0,0.0,24326.670381235,24.578164339665825,1.5726495726495955,24.53878838246103,0.35,5.0,0.05,
6.950276985000528,REOPEN,0.0,0.0,24326.670381235,24.57999542229343,1.9829059829060043,24.541390546454316,0.35,5.0,0.05,
6.9516730299983465,REOPEN,0.0,0.0,24326.670381235,24.57999542229343,1.9829059829060043,24.5443151564564,0.35,5.0,0.05,
6.953078523998556,REOPEN,0.0,0.0,24326.681379624,24.57999542229343,1.9829059829060043,24.5474102084577,0.35,5.0,0.05,
6.9546506900005625,REOPEN,0.0,0.0,24326.681379624,24.582742046234834,2.393162393162413,24.549924302455587,0.35,5.0,0.05,
6.955941334999807,REOPEN,0.0,0.0,24326.681379624,24.582742046234834,2.393162393162413,24.553136118457154,0.35,5.0,0.05,
6.957346863997373,REOPEN,0.0,0.0,24326.681379624,24.58640421149004,2.6666666666666856,24.55560666846079,0.35,5.0,0.05,
6.9585486149990174,REOPEN,0.0,0.0,24326.681379624,24.58640421149004,2.6666666666666856,24.558403428457062,0.35,5.0,0.05,
6.959752402999584,REOPEN,0.0,0.0,24326.681379624,24.58640421149004,2.6666666666666856,24.56080519446052,0.35,5.0,0.05,
6.9611844350001775,REOPEN,0.0,0.0,24326.681379624,24.593728542000456,2.940170940170958,24.563217812460174,0.35,5.0,0.05,
6.962659093998809,REOPEN,0.0,0.0,24326.681379624,24.593728542000456,2.940170940170958,24.566092022456836,0.35,5.0,0.05,
6.964280322998093,REOPEN,0.0,0.0,24326.692529167,24.600137331197068,2.803418803418822,24.569367380458537,0.35,5.0,0.05,
6.9654971529998875,REOPEN,0.0,0.0,24326.692529167,24.600137331197068,2.803418803418822,24.57223943645888,0.35,5.0,0.05,
6.966713625999546,REOPEN,0.0,0.0,24326.692529167,24.600137331197068,2.803418803418822,24.5747034784604,0.35,5.0,0.05,
6.968176304999361,REOPEN,0.0,0.0,24326.692529167,24.60654612039368,2.803418803418822,24.577128418454343,0.35,5.0,0.05,
6.969538007997471,REOPEN,0.0,0.0,24326.692529167,24.60654612039368,2.803418803418822,24.580145828457283,0.35,5.0,0.05,
6.9710078930002055,REOPEN,0.0,0.0,24326.692529167,24.609292744335086,3.0769230769230944,24.582908472456005,0.35,5.0,0.05,
6.972257417997753,REOPEN,0.0,0.0,24326.692529167,24.609292744335086,3.0769230769230944,24.585815346460116,0.35,5.0,0.05,
6.973862522998388,REOPEN,0.0,0.0,24326.692529167,24.6157015335317,3.350427350427367,24.58827324246024,0.35,5.0,0.05,
6.9751791060007236,REOPEN,0.0,0.0,24326.70363743,24.6157015335317,3.350427350427367,24.591566544457713,0.35,5.0,0.05,
6.976416191999306,REOPEN,0.0,0.0,24326.70363743,24.6157015335317,3.350427350427367,24.59411114245679,0.35,5.0,0.05,
6.977794844999153,REOPEN,0.0,0.0,24326.70363743,24.620279240100707,3.350427350427367,24.596522474460038,0.35,5.0,0.05,
6.979233163998288,REOPEN,0.0,0.0,24326.70363743,24.620279240100707,3.350427350427367,24.599381916460082,0.35,5.0,0.05,
6.980705767997279,REOPEN,0.0,0.0,24326.70363743,24.62668802929732,3.350427350427367,24.602257652457887,0.35,5.0,0.05,
6.98194502899787,REOPEN,0.0,0.0,24326.70363743,24.62668802929732,3.350427350427367,24.605169106459037,0.35,5.0,0.05,
6.983164572000533,REOPEN,0.0,0.0,24326.70363743,24.62668802929732,3.350427350427367,24.607613730457636,0.35,5.0,0.05,
6.986065082997811,REOPEN,0.0,0.0,24326.70363743,24.639505607690545,2.940170940170958,24.610144112457895,0.35,5.0,0.05,
6.987530521997542,REOPEN,0.0,0.0,24326.714638842,24.639505607690545,2.940170940170958,24.616005512458763,0.35,5.0,0.05,
6.989270089998172,REOPEN,0.0,0.0,24326.714638842,24.65232318608377,2.5299145299145493,24.618937202455093,0.35,5.0,0.05,
6.990695147000224,REOPEN,0.0,0.0,24326.714638842,24.65232318608377,2.5299145299145493,24.622450396457246,0.35,5.0,0.05,
6.99234882699966,REOPEN,0.0,0.0,24326.714638842,24.666056305790796,1.5726495726495955,24.625225838457958,0.35,5.0,0.05,
6.993689127000835,REOPEN,0.0,0.0,24326.714638842,24.666056305790796,1.5726495726495955,24.628534168458394,0.35,5.0,0.05,
6.995441827999457,REOPEN,0.0,0.0,24326.714638842,24.679789425497823,1.4358974358974592,24.63118522445668,0.35,5.0,0.05,
6.997363983999094,REOPEN,0.0,0.0,24326.725638985,24.679789425497823,1.4358974358974592,24.63568338045527,0.35,5.0,0.05,
6.9988102829993295,REOPEN,0.0,0.0,24326.725638985,24.679789425497823,1.4358974358974592,24.638627166454647,0.35,5.0,0.05,
7.00075752200064,REOPEN,0.0,0.0,24326.725638985,24.692607003891048,0.7521367521367779,24.641527650458123,0.35,5.0,0.05,
7.002173111999582,REOPEN,0.0,0.0,24326.725638985,24.692607003891048,0.7521367521367779,24.64538037445393,0.35,5.0,0.05,
7.004146347997448,REOPEN,0.0,0.0,24326.725638985,24.69810025177386,0.7521367521367779,24.64851579645849,0.35,5.0,0.05,
7.005882048000785,REOPEN,0.0,0.0,24326.725638985,24.69810025177386,0.7521367521367779,24.652754776458572,0.35,5.0,0.05,
7.007459042000846,REOPEN,0.0,0.0,24326.725638985,24.69810025177386,0.7521367521367779,24.655869730459493,0.35,5.0,0.05,
7.010360168998886,REOPEN,0.0,0.0,24326.737075807,24.70908674753948,1.0256410256410504,24.6608387864567,0.35,5.0,0.05,
7.011792830999184,REOPEN,0.0,0.0,24326.737075807,24.70908674753948,1.0256410256410504,24.664558684455663,0.35,5.0,0.05,
7.013241699998616,REOPEN,0.0,0.0,24326.737075807,24.70908674753948,1.0256410256410504,24.66754249845919,0.35,5.0,0.05,
7.014986099999078,REOPEN,0.0,0.0,24326.737075807,24.716411078049894,1.0256410256410504,24.670450148458734,0.35,5.0,0.05,
7.016549464999116,REOPEN,0.0,0.0,24326.737075807,24.716411078049894,1.0256410256410504,24.674090232455022,0.35,5.0,0.05,
7.019037710000703,REOPEN,0.0,0.0,24326.737075807,24.7191577019913,1.4358974358974592,24.676940350460903,0.35,5.0,0.05,
7.020605933998013,REOPEN,0.0,0.0,24326.74748923,24.7191577019913,1.4358974358974592,24.6821790204581,0.35,5.0,0.05,
7.022349973998644,REOPEN,0.0,0.0,24326.74748923,24.721904325932705,1.9829059829060043,24.6850857604609,0.35,5.0,0.05,
7.023754579000524,REOPEN,0.0,0.0,24326.74748923,24.721904325932705,1.9829059829060043,24.688556716459537,0.35,5.0,0.05,
7.0256500959985715,REOPEN,0.0,0.0,24326.74748923,24.72465094987411,2.1196581196581405,24.691603708454316,0.35,5.0,0.05,
7.027090275998489,REOPEN,0.0,0.0,24326.74748923,24.72465094987411,2.1196581196581405,24.695229674458936,0.35,5.0,0.05,
7.028972410000279,REOPEN,0.0,0.0,24326.74748923,24.725566491187912,2.940170940170958,24.69830679845702,0.35,5.0,0.05,
7.030473267997877,REOPEN,0.0,0.0,24326.758512183,24.725566491187912,2.940170940170958,24.701927814460326,0.35,5.0,0.05,
7.03193611199822,REOPEN,0.0,0.0,24326.758512183,24.725566491187912,2.940170940170958,24.70479476046105,0.35,5.0,0.05,
7.033853079999972,REOPEN,0.0,0.0,24326.758512183,24.731059739070723,3.2136752136752307,24.70794556846024,0.35,5.0,0.05,
7.035369525998249,REOPEN,0.0,0.0,24326.758512183,24.731059739070723,3.2136752136752307,24.711599484459406,0.35,5.0,0.05,
7.037099649998709,REOPEN,0.0,0.0,24326.758512183,24.737468528267335,3.350427350427367,24.714621858455324,0.35,5.0,0.05,
7.038617317997705,REOPEN,0.0,0.0,24326.758512183,24.737468528267335,3.350427350427367,24.71828700445851,0.35,5.0,0.05,
7.040129044999048,REOPEN,0.0,0.0,24326.758512183,24.737468528267335,3.350427350427367,24.721083302460578,0.35,5.0,0.05,
7.041973940999014,REOPEN,0.0,0.0,24326.769715163,24.74937056534676,3.350427350427367,24.724357814457584,0.35,5.0,0.05,
7.04346464199989,REOPEN,0.0,0.0,24326.769715163,24.74937056534676,3.350427350427367,24.727979930454715,0.35,5.0,0.05,
7.045048894997308,REOPEN,0.0,0.0,24326.769715163,24.75486381322957,3.0769230769230944,24.730751758458176,0.35,5.0,0.05,
7.046552719999454,REOPEN,0.0,0.0,24326.769715163,24.75486381322957,3.0769230769230944,24.734087648454555,0.35,5.0,0.05,
7.048099518997333,REOPEN,0.0,0.0,24326.769715163,24.75486381322957,3.0769230769230944,24.737156644458558,0.35,5.0,0.05,
7.050019603997498,REOPEN,0.0,0.0,24326.769715163,24.759441519798578,3.7606837606837757,24.740288582458128,0.35,5.0,0.05,
7.052507945998514,REOPEN,0.0,0.0,24326.780702619,24.759441519798578,3.7606837606837757,24.745879354459724,0.35,5.0,0.05,
7.054172829997697,REOPEN,0.0,0.0,24326.780702619,24.763103685053785,4.034188034188048,24.748941908454547,0.35,5.0,0.05,
7.0556765609981085,REOPEN,0.0,0.0,24326.780702619,24.763103685053785,4.034188034188048,24.75241291845534,0.35,5.0,0.05,
7.057433116999164,REOPEN,0.0,0.0,24326.780702619,24.76585030899519,4.1709401709401845,24.75524868045843,0.35,5.0,0.05,
7.058875408998574,REOPEN,0.0,0.0,24326.780702619,24.76585030899519,4.1709401709401845,24.75871713445897,0.35,5.0,0.05,
7.060668763999274,REOPEN,0.0,0.0,24326.780702619,24.771343556878,4.71794871794873,24.761761776457682,0.35,5.0,0.05,
7.062296993997734,REOPEN,0.0,0.0,24326.780702619,24.771343556878,4.71794871794873,24.765506638456394,0.35,5.0,0.05,
7.064495097998588,REOPEN,0.0,0.0,24326.791609363,24.771343556878,4.71794871794873,24.769907224460006,0.35,5.0,0.05,
7.0662168839990045,REOPEN,0.0,0.0,24326.791609363,24.782330052643623,4.307692307692321,24.772846576454434,0.35,5.0,0.05,
7.067735991997324,REOPEN,0.0,0.0,24326.791609363,24.782330052643623,4.307692307692321,24.776511022459566,0.35,5.0,0.05,
7.069608728997991,REOPEN,0.0,0.0,24326.791609363,24.79606317235065,4.307692307692321,24.779516666460516,0.35,5.0,0.05,
7.071055839998735,REOPEN,0.0,0.0,24326.791609363,24.79606317235065,4.307692307692321,24.783092800457347,0.35,5.0,0.05,
7.072818417000235,REOPEN,0.0,0.0,24326.791609363,24.80704966811627,3.350427350427367,24.786149270456484,0.35,5.0,0.05,
7.074202007999702,REOPEN,0.0,0.0,24326.802489649,24.80704966811627,3.350427350427367,24.789475344458445,0.35,5.0,0.05,
7.075770657000248,REOPEN,0.0,0.0,24326.802489649,24.80704966811627,3.350427350427367,24.79245759846028,0.35,5.0,0.05,
7.077665295997576,REOPEN,0.0,0.0,24326.802489649,24.825360494392307,3.0769230769230944,24.795609380455538,0.35,5.0,0.05,
7.079013817998202,REOPEN,0.0,0.0,24326.802489649,24.825360494392307,3.0769230769230944,24.799206156460535,0.35,5.0,0.05,
7.0807530189995305,REOPEN,0.0,0.0,24326.802489649,24.839093614099333,2.1196581196581405,24.80204877845474,0.35,5.0,0.05,
7.082202797999344,REOPEN,0.0,0.0,24326.802489649,24.839093614099333,2.1196581196581405,24.80539164445738,0.35,5.0,0.05,
7.083817118000297,REOPEN,0.0,0.0,24326.802489649,24.839093614099333,2.1196581196581405,24.80824045045531,0.35,5.0,0.05,
7.085820226999203,REOPEN,0.0,0.0,24326.813525633,24.85374227512016,1.4358974358974592,24.812044406457538,0.35,5.0,0.05,
7.087480927999422,REOPEN,0.0,0.0,24326.813525633,24.85831998168917,1.299145299145323,24.815602160454112,0.35,5.0,0.05,
7.088784011000826,REOPEN,0.0,0.0,24326.813525633,24.85831998168917,1.299145299145323,24.818777318456817,0.35,5.0,0.05,
7.09044773399728,REOPEN,0.0,0.0,24326.813525633,24.87296864271,0.7521367521367779,24.821424736454468,0.35,5.0,0.05,
7.091853677000472,REOPEN,0.0,0.0,24326.813525633,24.87296864271,0.7521367521367779,24.824746864457232,0.35,5.0,0.05,
7.093412422000256,REOPEN,0.0,0.0,24326.813525633,24.881208514534215,0.20512820512823282,24.827596024459602,0.35,5.0,0.05,
7.094718954998825,REOPEN,0.0,0.0,24326.813525633,24.881208514534215,0.20512820512823282,24.830599446455857,0.35,5.0,0.05,
7.096025946997543,REOPEN,0.0,0.0,24326.824331876,24.881208514534215,0.20512820512823282,24.833269040459093,0.35,5.0,0.05,
7.097559365000052,REOPEN,0.0,0.0,24326.824331876,24.89402609292744,0.3418803418803691,24.83589234445619,0.35,5.0,0.05,
7.098804365999968,REOPEN,0.0,0.0,24326.824331876,24.89402609292744,0.3418803418803691,24.83890322445452,0.35,5.0,0.05,
7.100145871998393,REOPEN,0.0,0.0,24326.824331876,24.90409704737926,-0.20512820512823282,24.841335842460943,0.35,5.0,0.05,
7.101560842998879,REOPEN,0.0,0.0,24326.824331876,24.90409704737926,-0.20512820512823282,24.84424117845858,0.35,5.0,0.05,
7.102906436997728,REOPEN,0.0,0.0,24326.824331876,24.90409704737926,-0.20512820512823282,24.846890502458812,0.35,5.0,0.05,
7.104445436998503,REOPEN,0.0,0.0,24326.824331876,24.91416800183108,-0.47863247863250535,24.8496838624583,0.35,5.0,0.05,
7.105913699000666,REOPEN,0.0,0.0,24326.824331876,24.91416800183108,-0.47863247863250535,24.852625326459496,0.35,5.0,0.05,
7.107423255998583,REOPEN,0.0,0.0,24326.83544581,24.922407873655295,-0.6153846153846416,24.855636698458078,0.35,5.0,0.05,
7.108650261998264,REOPEN,0.0,0.0,24326.83544581,24.922407873655295,-0.6153846153846416,24.858559910457664,0.35,5.0,0.05,
7.1098758059997635,REOPEN,0.0,0.0,24326.83544581,24.922407873655295,-0.6153846153846416,24.861015336459353,0.35,5.0,0.05,
7.11179275899849,REOPEN,0.0,0.0,24326.83544581,24.932478828107115,-1.0256410256410504,24.863588918453864,0.35,5.0,0.05,
7.113212631000351,REOPEN,0.0,0.0,24326.83544581,24.932478828107115,-1.0256410256410504,24.86746082045513,0.35,5.0,0.05,
7.115048895997461,REOPEN,0.0,0.0,24326.83544581,24.943465323872736,-1.0256410256410504,24.87042252645417,0.35,5.0,0.05,
7.116723897997872,REOPEN,0.0,0.0,24326.83544581,24.943465323872736,-1.0256410256410504,24.87414736245639,0.35,5.0,0.05,
7.118143584000791,REOPEN,0.0,0.0,24326.846441838,24.943465323872736,-1.0256410256410504,24.87732178646049,0.35,5.0,0.05,
7.120086825998442,REOPEN,0.0,0.0,24326.846441838,24.94987411306935,-1.4358974358974592,24.880145626457782,0.35,5.0,0.05,
7.121519873999205,REOPEN,0.0,0.0,24326.846441838,24.94987411306935,-1.4358974358974592,24.884108368455166,0.35,5.0,0.05,
7.123108020998188,REOPEN,0.0,0.0,24326.846441838,24.95078965438315,-0.6153846153846416,24.886825168456674,0.35,5.0,0.05,
7.12451506099751,REOPEN,0.0,0.0,24326.846441838,24.95078965438315,-0.6153846153846416,24.89004135845837,0.35,5.0,0.05,
7.125822353998956,REOPEN,0.0,0.0,24326.846441838,24.95078965438315,-0.6153846153846416,24.892822562457262,0.35,5.0,0.05,
7.127484411998012,REOPEN,0.0,0.0,24326.846441838,24.953536278324556,0.06837606837609655,24.895399710456807,0.35,5.0,0.05,
7.128890766998666,REOPEN,0.0,0.0,24326.857326951,24.953536278324556,0.06837606837609655,24.898917418455788,0.35,5.0,0.05,
7.1305126560000645,REOPEN,0.0,0.0,24326.857326951,24.95536736095216,0.47863247863250535,24.90159927445577,0.35,5.0,0.05,
7.131816507997428,REOPEN,0.0,0.0,24326.857326951,24.95536736095216,0.47863247863250535,24.904800886457927,0.35,5.0,0.05,
7.133482668999932,REOPEN,0.0,0.0,24326.857326951,24.961776150148772,0.7521367521367779,24.907445386454604,0.35,5.0,0.05,
7.134803181997995,REOPEN,0.0,0.0,24326.857326951,24.961776150148772,0.7521367521367779,24.910785844457244,0.35,5.0,0.05,
7.136098410999693,REOPEN,0.0,0.0,24326.857326951,24.961776150148772,0.7521367521367779,24.913389748459416,0.35,5.0,0.05,
7.137612284997886,REOPEN,0.0,0.0,24326.857326951,24.969100480659186,0.7521367521367779,24.915957090454434,0.35,5.0,0.05,
7.139118838000286,REOPEN,0.0,0.0,24326.857326951,24.969100480659186,0.7521367521367779,24.919126630457434,0.35,5.0,0.05,
7.140828012998099,REOPEN,0.0,0.0,24326.868412833,24.9755092698558,0.6153846153846416,24.922125254454407,0.35,5.0,0.05,
7.142252899000596,REOPEN,0.0,0.0,24326.868412833,24.9755092698558,0.6153846153846416,24.925490400457896,0.35,5.0,0.05,
7.143580018997454,REOPEN,0.0,0.0,24326.868412833,24.9755092698558,0.6153846153846416,24.92834810645811,0.35,5.0,0.05,
7.145159029998467,REOPEN,0.0,0.0,24326.868412833,24.984664682993817,0.6153846153846416,24.930964508459986,0.35,5.0,0.05,
7.146499885999219,REOPEN,0.0,0.0,24326.868412833,24.984664682993817,0.6153846153846416,24.93407108445765,0.35,5.0,0.05,
7.147924050997972,REOPEN,0.0,0.0,24326.868412833,24.99107347219043,0.7521367521367779,24.93674151246025,0.35,5.0,0.05,
7.149133184997481,REOPEN,0.0,0.0,24326.868412833,24.99107347219043,0.7521367521367779,24.939606602458774,0.35,5.0,0.05,
7.150301355999545,REOPEN,0.0,0.0,24326.868412833,24.99107347219043,0.7521367521367779,24.941930112460362,0.35,5.0,0.05,
7.151646811998944,REOPEN,0.0,0.0,24326.879615261,25.001144426642256,0.3418803418803691,24.944328742460605,0.35,5.0,0.05,
7.152833518997795,REOPEN,0.0,0.0,24326.879615261,25.001144426642256,0.3418803418803691,24.946972322456098,0.35,5.0,0.05,
7.154326079999009,REOPEN,0.0,0.0,24326.879615261,25.00755321583887,0.3418803418803691,24.949445834458423,0.35,5.0,0.05,
7.155612603997724,REOPEN,0.0,0.0,24326.879615261,25.00755321583887,0.3418803418803691,24.952433306456918,0.35,5.0,0.05,
7.156864404998487,REOPEN,0.0,0.0,24326.879615261,25.00755321583887,0.3418803418803691,24.955010744454306,0.35,5.0,0.05,
7.1582227340004465,REOPEN,0.0,0.0,24326.879615261,25.0240329594873,-0.06837606837609655,24.95742518445561,0.35,5.0,0.05,
7.159617146997334,REOPEN,0.0,0.0,24326.879615261,25.0240329594873,-0.06837606837609655,24.960423676459435,0.35,5.0,0.05,
7.1612105519998295,REOPEN,0.0,0.0,24326.879615261,25.02952620737011,-0.47863247863250535,24.963009816458474,0.35,5.0,0.05,
7.162513952000154,REOPEN,0.0,0.0,24326.89036976,25.02952620737011,-0.47863247863250535,24.966258842456703,0.35,5.0,0.05,
7.163727346000087,REOPEN,0.0,0.0,24326.89036976,25.02952620737011,-0.47863247863250535,24.96872638645666,0.35,5.0,0.05,
7.165122166999936,REOPEN,0.0,0.0,24326.89036976,25.03868162050813,-0.6153846153846416,24.971200476461057,0.35,5.0,0.05,
7.166309566000564,REOPEN,0.0,0.0,24326.89036976,25.03868162050813,-0.6153846153846416,24.97393028045419,0.35,5.0,0.05,
7.167656020999857,REOPEN,0.0,0.0,24326.89036976,25.046921492332345,-0.47863247863250535,24.976223426458567,0.35,5.0,0.05,
7.168864081999345,REOPEN,0.0,0.0,24326.89036976,25.046921492332345,-0.47863247863250535,24.979063104454802,0.35,5.0,0.05,
7.170025461997284,REOPEN,0.0,0.0,24326.89036976,25.046921492332345,-0.47863247863250535,24.98139530045821,0.35,5.0,0.05,
7.171482625999488,REOPEN,0.0,0.0,24326.89036976,25.052414740215156,-0.8888888888889142,24.983765408457224,0.35,5.0,0.05,
7.1727501489986025,REOPEN,0.0,0.0,24326.901300084,25.052414740215156,-0.8888888888889142,24.98685993445772,0.35,5.0,0.05,
7.174068939999415,REOPEN,0.0,0.0,24326.901300084,25.056076905470363,-0.8888888888889142,24.989209790454446,0.35,5.0,0.05,
7.17527215699738,REOPEN,0.0,0.0,24326.901300084,25.056076905470363,-0.8888888888889142,24.991854368456664,0.35,5.0,0.05,
7.176747009998508,REOPEN,0.0,0.0,24326.901300084,25.05973907072557,-0.20512820512823282,24.994228172460247,0.35,5.0,0.05,
7.178006505997473,REOPEN,0.0,0.0,24326.901300084,25.05973907072557,-0.20512820512823282,24.997317416457484,0.35,5.0,0.05,
7.179187431000173,REOPEN,0.0,0.0,24326.901300084,25.05973907072557,-0.20512820512823282,24.999720152455232,0.35,5.0,0.05,
7.1806064960001095,REOPEN,0.0,0.0,24326.901300084,25.06431677729458,0.3418803418803691,25.002135880453828,0.35,5.0,0.05,
7.181840696997824,REOPEN,0.0,0.0,24326.901300084,25.06431677729458,0.3418803418803691,25.00495855845886,0.35,5.0,0.05,
7.183248490000551,REOPEN,0.0,0.0,24326.901300084,25.066147859922182,0.20512820512823282,25.00739207045492,0.35,5.0,0.05,
7.184462086999702,REOPEN,0.0,0.0,24326.912545077,25.066147859922182,0.20512820512823282,25.01024243246004,0.35,5.0,0.05,
7.185638832997938,REOPEN,0.0,0.0,24326.912545077,25.066147859922182,0.20512820512823282,25.01259962845736,0.35,5.0,0.05,
7.187054157999228,REOPEN,0.0,0.0,24326.912545077,25.068894483863588,0.47863247863250535,25.014994302453964,0.35,5.0,0.05,
7.188219504998415,REOPEN,0.0,0.0,24326.912545077,25.068894483863588,0.47863247863250535,25.017801066455398,0.35,5.0,0.05,
7.189573726998788,REOPEN,0.0,0.0,24326.912545077,25.072556649118795,0.8888888888889142,25.02017396445674,0.35,5.0,0.05,
7.190789672000392,REOPEN,0.0,0.0,24326.912545077,25.072556649118795,0.8888888888889142,25.022865356457736,0.35,5.0,0.05,
7.191975335997995,REOPEN,0.0,0.0,24326.912545077,25.072556649118795,0.8888888888889142,25.025296386457306,0.35,5.0,0.05,
7.1932685840001795,REOPEN,0.0,0.0,24326.912545077,25.078965438315407,1.1623931623931867,25.0276173724583,0.35,5.0,0.05,
7.195070156998554,REOPEN,0.0,0.0,24326.923593447,25.078965438315407,1.1623931623931867,25.031495962454322,0.35,5.0,0.05,
7.196417395000026,REOPEN,0.0,0.0,24326.923593447,25.084458686198218,1.1623931623931867,25.033848092457013,0.35,5.0,0.05,
7.197560698998132,REOPEN,0.0,0.0,24326.923593447,25.084458686198218,1.1623931623931867,25.036512982459065,0.35,5.0,0.05,
7.198715802998777,REOPEN,0.0,0.0,24326.923593447,25.084458686198218,1.1623931623931867,25.038775990457474,0.35,5.0,0.05,
7.199979643999541,REOPEN,0.0,0.0,24326.923593447,25.09086747539483,1.0256410256410504,25.04111576245716,0.35,5.0,0.05,
7.201154111997312,REOPEN,0.0,0.0,24326.923593447,25.09086747539483,1.0256410256410504,25.043643056460972,0.35,5.0,0.05,
7.202513927000837,REOPEN,0.0,0.0,24326.923593447,25.09086747539483,1.299145299145323,25.04603892845855,0.35,5.0,0.05,
7.203696221997234,REOPEN,0.0,0.0,24326.923593447,25.09086747539483,1.299145299145323,25.048725492454217,0.35,5.0,0.05,
7.204910239997844,REOPEN,0.0,0.0,24326.923593447,25.09086747539483,1.299145299145323,25.051093452459575,0.35,5.0,0.05,
7.206202676999965,REOPEN,0.0,0.0,24326.934353311,25.091783016708632,2.256410256410277,25.053486912455377,0.35,5.0,0.05,
7.207404926997697,REOPEN,0.0,0.0,24326.934353311,25.091783016708632,2.256410256410277,25.056136704459753,0.35,5.0,0.05,
7.208644971997273,REOPEN,0.0,0.0,24326.934353311,25.092698558022434,2.5299145299145493,25.058474456457155,0.35,5.0,0.05,
7.209809880998364,REOPEN,0.0,0.0,24326.934353311,25.092698558022434,2.5299145299145493,25.060955974457578,0.35,5.0,0.05,
7.210965951999242,REOPEN,0.0,0.0,24326.934353311,25.092698558022434,2.5299145299145493,25.063301050455742,0.35,5.0,0.05,
7.212179873000423,REOPEN,0.0,0.0,24326.934353311,25.093614099336236,2.940170940170958,25.06557883445432,0.35,5.0,0.05,
7.21330343199952,REOPEN,0.0,0.0,24326.934353311,25.093614099336236,2.940170940170958,25.068009786455626,0.35,5.0,0.05,
7.214673145997949,REOPEN,0.0,0.0,24326.934353311,25.09544518196384,3.350427350427367,25.070237438458683,0.35,5.0,0.05,
7.215883969998686,REOPEN,0.0,0.0,24326.934353311,25.09544518196384,3.350427350427367,25.073147870457,0.35,5.0,0.05,
7.217170845997316,REOPEN,0.0,0.0,24326.945490081,25.098191805905245,3.897435897435912,25.075466260454526,0.35,5.0,0.05,
7.2183492529984505,REOPEN,0.0,0.0,24326.945490081,25.098191805905245,3.897435897435912,25.07803906646088,0.35,5.0,0.05,
7.219571055997221,REOPEN,0.0,0.0,24326.945490081,25.098191805905245,3.897435897435912,25.080379656460103,0.35,5.0,0.05,
7.2210146879988315,REOPEN,0.0,0.0,24326.945490081,25.099107347219046,4.034188034188048,25.082920000454145,0.35,5.0,0.05,
7.222222504999081,REOPEN,0.0,0.0,24326.945490081,25.099107347219046,4.034188034188048,25.08576539845901,0.35,5.0,0.05,
7.223570447000384,REOPEN,0.0,0.0,24326.945490081,25.10093842984665,4.444444444444457,25.08822605445541,0.35,5.0,0.05,
7.224755366998579,REOPEN,0.0,0.0,24326.945490081,25.10093842984665,4.444444444444457,25.090844236454835,0.35,5.0,0.05,
7.225891906997276,REOPEN,0.0,0.0,24326.945490081,25.10093842984665,4.444444444444457,25.093172320458073,0.35,5.0,0.05,
7.227242769000441,REOPEN,0.0,0.0,24326.945490081,25.107347219043262,4.854700854700866,25.09545086845403,0.35,5.0,0.05,
7.228478855999128,REOPEN,0.0,0.0,24326.956432142,25.107347219043262,4.854700854700866,25.09824402645838,0.35,5.0,0.05,
7.229707378999592,REOPEN,0.0,0.0,24326.956432142,25.113756008239875,4.854700854700866,25.100620650455788,0.35,5.0,0.05,
7.231008743998245,REOPEN,0.0,0.0,24326.956432142,25.113756008239875,4.854700854700866,25.10311958045579,0.35,5.0,0.05,
7.232244266997441,REOPEN,0.0,0.0,24326.956432142,25.113756008239875,4.854700854700866,25.105806966460044,0.35,5.0,0.05,
7.233920157999819,REOPEN,0.0,0.0,24326.956432142,25.12108033875029,4.444444444444457,25.10822388245517,0.35,5.0,0.05,
7.235350461000053,REOPEN,0.0,0.0,24326.956432142,25.12108033875029,4.444444444444457,25.11167757645537,0.35,5.0,0.05,
7.236963633000414,REOPEN,0.0,0.0,24326.956432142,25.125658045319298,4.444444444444457,25.114543210455416,0.35,5.0,0.05,
7.23914393099767,REOPEN,0.0,0.0,24326.956432142,25.125658045319298,4.444444444444457,25.117750836458548,0.35,5.0,0.05,
7.2405305889988085,REOPEN,0.0,0.0,24326.96771279,25.125658045319298,4.444444444444457,25.122130894460973,0.35,5.0,0.05,
7.242460367000604,REOPEN,0.0,0.0,24326.96771279,25.13115129320211,4.991452991453002,25.124877140459397,0.35,5.0,0.05,
7.243904451999697,REOPEN,0.0,0.0,24326.96771279,25.13115129320211,4.991452991453002,25.128808932453943,0.35,5.0,0.05,
7.245691149000777,REOPEN,0.0,0.0,24326.96771279,25.13756008239872,4.854700854700866,25.13173212045742,0.35,5.0,0.05,
7.247003451000637,REOPEN,0.0,0.0,24326.96771279,25.13756008239872,4.854700854700866,25.1351732044591,0.35,5.0,0.05,
7.248649032000685,REOPEN,0.0,0.0,24326.96771279,25.139391165026325,5.128205128205138,25.13784448046001,0.35,5.0,0.05,
7.2503790839982685,REOPEN,0.0,0.0,24326.978766205,25.139391165026325,5.128205128205138,25.141869356457867,0.35,5.0,0.05,
7.251752988999215,REOPEN,0.0,0.0,24326.978766205,25.139391165026325,5.128205128205138,25.1445678944606,0.35,5.0,0.05,
7.253478597998765,REOPEN,0.0,0.0,24326.978766205,25.14763103685054,5.81196581196582,25.14733069645674,0.35,5.0,0.05,
7.254799730999366,REOPEN,0.0,0.0,24326.978766205,25.14763103685054,5.81196581196582,25.150747384456302,0.35,5.0,0.05,
7.256326688999252,REOPEN,0.0,0.0,24326.978766205,25.15220874341955,5.538461538461547,25.153356980454667,0.35,5.0,0.05,
7.257617418999871,REOPEN,0.0,0.0,24326.978766205,25.15220874341955,5.538461538461547,25.15644082045994,0.35,5.0,0.05,
7.258891194000171,REOPEN,0.0,0.0,24326.978766205,25.15220874341955,5.538461538461547,25.159007858458175,0.35,5.0,0.05,
7.261735079999198,REOPEN,0.0,0.0,24326.989655435,25.170519569695585,5.264957264957275,25.162012486458956,0.35,5.0,0.05,
7.263061511999695,REOPEN,0.0,0.0,24326.989655435,25.170519569695585,5.264957264957275,25.167279230454845,0.35,5.0,0.05,
7.26435651599968,REOPEN,0.0,0.0,24326.989655435,25.170519569695585,5.264957264957275,25.169910476457993,0.35,5.0,0.05,
7.265883000000031,REOPEN,0.0,0.0,24326.989655435,25.176012817578396,4.581196581196593,25.172466744460074,0.35,5.0,0.05,
7.267180881997774,REOPEN,0.0,0.0,24326.989655435,25.176012817578396,4.581196581196593,25.17556725845727,0.35,5.0,0.05,
7.268728374998318,REOPEN,0.0,0.0,24326.989655435,25.18242160677501,5.264957264957275,25.178160326455803,0.35,5.0,0.05,
7.2700230549999105,REOPEN,0.0,0.0,24326.989655435,25.18242160677501,5.264957264957275,25.181258774459387,0.35,5.0,0.05,
7.2713128959985625,REOPEN,0.0,0.0,24326.989655435,25.18242160677501,5.264957264957275,25.183809856457195,0.35,5.0,0.05,
7.273355984998489,REOPEN,0.0,0.0,24327.001354347,25.197070267795837,4.854700854700866,25.187109354456446,0.35,5.0,0.05,
7.274714884999412,REOPEN,0.0,0.0,24327.001354347,25.197070267795837,4.854700854700866,25.19055875845745,0.35,5.0,0.05,
7.276242904998071,REOPEN,0.0,0.0,24327.001354347,25.20439459830625,4.1709401709401845,25.193223424454594,0.35,5.0,0.05,
7.277527135000128,REOPEN,0.0,0.0,24327.001354347,25.20439459830625,4.1709401709401845,25.196224318455755,0.35,5.0,0.05,
7.278818634000345,REOPEN,0.0,0.0,24327.001354347,25.20439459830625,4.1709401709401845,25.198824826455642,0.35,5.0,0.05,
7.280507917999785,REOPEN,0.0,0.0,24327.001354347,25.217212176699476,4.444444444444457,25.201397726460094,0.35,5.0,0.05,
7.282201001999056,REOPEN,0.0,0.0,24327.001354347,25.217212176699476,4.444444444444457,25.205151584460076,0.35,5.0,0.05,
7.2841739840005175,REOPEN,0.0,0.0,24327.012242883,25.22362096589609,3.897435897435912,25.208842938455312,0.35,5.0,0.05,
7.285730243998842,REOPEN,0.0,0.0,24327.012242883,25.22453650720989,3.7606837606837757,25.21220707645491,0.35,5.0,0.05,
7.287031501997262,REOPEN,0.0,0.0,24327.012242883,25.22453650720989,3.7606837606837757,25.215239998457513,0.35,5.0,0.05,
7.288578432999202,REOPEN,0.0,0.0,24327.012242883,25.23918516823072,4.034188034188048,25.217826470458498,0.35,5.0,0.05,
7.289828715998738,REOPEN,0.0,0.0,24327.012242883,25.23918516823072,4.034188034188048,25.220902556453915,0.35,5.0,0.05,
7.291299117998278,REOPEN,0.0,0.0,24327.012242883,25.248340581368737,3.2136752136752307,25.22342981445629,0.35,5.0,0.05,
7.29254585200033,REOPEN,0.0,0.0,24327.012242883,25.248340581368737,3.2136752136752307,25.226356122455876,0.35,5.0,0.05,
7.2941038600001775,REOPEN,0.0,0.0,24327.022596965,25.248340581368737,3.2136752136752307,25.229459366457853,0.35,5.0,0.05,
7.295643559999007,REOPEN,0.0,0.0,24327.022596965,25.261158159761962,2.803418803418822,25.231983810454516,0.35,5.0,0.05,
7.29697718999887,REOPEN,0.0,0.0,24327.022596965,25.261158159761962,2.803418803418822,25.235076092455095,0.35,5.0,0.05,
7.298680086998502,REOPEN,0.0,0.0,24327.022596965,25.276722362096592,2.1196581196581405,25.237819572454576,0.35,5.0,0.05,
7.300056855998264,REOPEN,0.0,0.0,24327.022596965,25.276722362096592,2.1196581196581405,25.24119380845743,0.35,5.0,0.05,
7.301449823000439,REOPEN,0.0,0.0,24327.022596965,25.276722362096592,2.1196581196581405,25.243927644458857,0.35,5.0,0.05,
7.303261172997736,REOPEN,0.0,0.0,24327.022596965,25.30144197756924,0.47863247863250535,25.246747786457966,0.35,5.0,0.05,
7.305400017998181,REOPEN,0.0,0.0,24327.022596965,25.30144197756924,0.47863247863250535,25.250255444460457,0.35,5.0,0.05,
7.30692925999756,REOPEN,0.0,0.0,24327.033902854,25.324330510414285,-0.6153846153846416,25.25460466645975,0.35,5.0,0.05,
7.308480839998083,REOPEN,0.0,0.0,24327.033902854,25.3325703822385,-1.299145299145323,25.257753016458558,0.35,5.0,0.05,
7.3097983519983245,REOPEN,0.0,0.0,24327.033902854,25.3325703822385,-1.299145299145323,25.26075951446048,0.35,5.0,0.05,
7.3114352759985195,REOPEN,0.0,0.0,24327.033902854,25.359121080338753,-2.6666666666666856,25.263393268457115,0.35,5.0,0.05,
7.312829700000293,REOPEN,0.0,0.0,24327.033902854,25.359121080338753,-2.6666666666666856,25.266713498460852,0.35,5.0,0.05,
7.314454012997885,REOPEN,0.0,0.0,24327.033902854,25.37376974135958,-4.444444444444457,25.26948623045839,0.35,5.0,0.05,
7.316036437998264,REOPEN,0.0,0.0,24327.044513951,25.37376974135958,-4.444444444444457,25.27327993845622,0.35,5.0,0.05,
7.317457190998539,REOPEN,0.0,0.0,24327.044513951,25.37376974135958,-4.444444444444457,25.275958964457935,0.35,5.0,0.05,
7.319251250999514,REOPEN,0.0,0.0,24327.044513951,25.3829251544976,-4.444444444444457,25.278727772458772,0.35,5.0,0.05,
7.320683088997612,REOPEN,0.0,0.0,24327.044513951,25.3829251544976,-4.444444444444457,25.28240697645608,0.35,5.0,0.05,
7.322329454000283,REOPEN,0.0,0.0,24327.044513951,25.390249485008013,-3.7606837606837757,25.285175142455522,0.35,5.0,0.05,
7.323710248998395,REOPEN,0.0,0.0,24327.044513951,25.390249485008013,-3.7606837606837757,25.28852668645643,0.35,5.0,0.05,
7.325072977000673,REOPEN,0.0,0.0,24327.044513951,25.390249485008013,-3.7606837606837757,25.291274962454303,0.35,5.0,0.05,
7.327395353000611,REOPEN,0.0,0.0,24327.055428879,25.387502861066608,-3.897435897435912,25.29408696246039,0.35,5.0,0.05,
7.328985138999997,REOPEN,0.0,0.0,24327.055428879,25.386587319752806,-3.6239316239316395,25.298624426456193,0.35,5.0,0.05,
7.330402651998156,REOPEN,0.0,0.0,24327.055428879,25.386587319752806,-3.6239316239316395,25.30188661245713,0.35,5.0,0.05,
7.332144095998956,REOPEN,0.0,0.0,24327.055428879,25.391165026321815,-2.1196581196581405,25.30468876445459,0.35,5.0,0.05,
7.333760060999339,REOPEN,0.0,0.0,24327.055428879,25.391165026321815,-2.1196581196581405,25.30832765045718,0.35,5.0,0.05,
7.335297102999903,REOPEN,0.0,0.0,24327.055428879,25.392080567635617,-2.1196581196581405,25.311388158459998,0.35,5.0,0.05,
7.336672050998459,REOPEN,0.0,0.0,24327.055428879,25.392080567635617,-2.1196581196581405,25.31445021445918,0.35,5.0,0.05,
7.338460456998291,REOPEN,0.0,0.0,24327.066803419,25.392080567635617,-2.1196581196581405,25.317975444459556,0.35,5.0,0.05,
7.340001233998919,REOPEN,0.0,0.0,24327.066803419,25.390249485008013,-1.1623931623931867,25.320723750456203,0.35,5.0,0.05,
7.341438930998265,REOPEN,0.0,0.0,24327.066803419,25.390249485008013,-1.1623931623931867,25.323989768456634,0.35,5.0,0.05,
7.342908291997446,REOPEN,0.0,0.0,24327.066803419,25.39299610894942,-0.20512820512823282,25.326570762454615,0.35,5.0,0.05,
7.344272202997672,REOPEN,0.0,0.0,24327.066803419,25.39299610894942,-0.20512820512823282,25.329666134459806,0.35,5.0,0.05,
7.345482623997668,REOPEN,0.0,0.0,24327.066803419,25.39299610894942,-0.20512820512823282,25.332209782458925,0.35,5.0,0.05,
7.3470746249986405,REOPEN,0.0,0.0,24327.066803419,25.39299610894942,-0.20512820512823282,25.334805108456315,0.35,5.0,0.05,
7.348420423000789,REOPEN,0.0,0.0,24327.066803419,25.39299610894942,-0.20512820512823282,25.338000544458303,0.35,5.0,0.05,
7.350048394000623,REOPEN,0.0,0.0,24327.078044004,25.39299610894942,0.47863247863250535,25.340709914455623,0.35,5.0,0.05,
7.351503508998576,REOPEN,0.0,0.0,24327.078044004,25.39299610894942,0.47863247863250535,25.34410312845514,0.35,5.0,0.05,
7.353073999998742,REOPEN,0.0,0.0,24327.078044004,25.39299610894942,0.47863247863250535,25.346980518460008,0.35,5.0,0.05,
7.354969317999348,REOPEN,0.0,0.0,24327.078044004,25.395742732890824,1.4358974358974592,25.350129348461017,0.35,5.0,0.05,
7.356387420997635,REOPEN,0.0,0.0,24327.078044004,25.395742732890824,1.4358974358974592,25.353784444460437,0.35,5.0,0.05,
7.358134302998224,REOPEN,0.0,0.0,24327.078044004,25.396658274204626,1.7094017094017318,25.35663018445714,0.35,5.0,0.05,
7.359603446999245,REOPEN,0.0,0.0,24327.078044004,25.396658274204626,1.7094017094017318,25.360162598454302,0.35,5.0,0.05,
7.361560413999541,REOPEN,0.0,0.0,24327.088911893,25.396658274204626,1.7094017094017318,25.364221988459143,0.35,5.0,0.05,
7.363225240998872,REOPEN,0.0,0.0,24327.088911893,25.39848935683223,2.6666666666666856,25.36693493645955,0.35,5.0,0.05,
7.364525798999239,REOPEN,0.0,0.0,24327.088911893,25.39848935683223,2.6666666666666856,25.3702232224555,0.35,5.0,0.05,
7.36611161899782,REOPEN,0.0,0.0,24327.088911893,25.401235980773635,2.940170940170958,25.37282394845763,0.35,5.0,0.05,
7.367442594997556,REOPEN,0.0,0.0,24327.088911893,25.401235980773635,2.940170940170958,25.376045764455306,0.35,5.0,0.05,
7.368811477997951,REOPEN,0.0,0.0,24327.088911893,25.401235980773635,2.940170940170958,25.378684682460992,0.35,5.0,0.05,
7.370631120000326,REOPEN,0.0,0.0,24327.088911893,25.40947585259785,3.2136752136752307,25.3814592544609,0.35,5.0,0.05,
7.37276071299857,REOPEN,0.0,0.0,24327.100107209,25.40947585259785,3.2136752136752307,25.38668928445488,0.35,5.0,0.05,
7.3743603420007275,REOPEN,0.0,0.0,24327.100107209,25.415884641794463,2.940170940170958,25.38929908045477,0.35,5.0,0.05,
7.375774868000008,REOPEN,0.0,0.0,24327.100107209,25.415884641794463,2.940170940170958,25.39254367845799,0.35,5.0,0.05,
7.377436291997583,REOPEN,0.0,0.0,24327.100107209,25.420462348363472,2.940170940170958,25.395424070457487,0.35,5.0,0.05,
7.378840304998448,REOPEN,0.0,0.0,24327.100107209,25.420462348363472,2.940170940170958,25.39874850645949,0.35,5.0,0.05,
7.38052483499996,REOPEN,0.0,0.0,24327.100107209,25.42504005493248,3.487179487179503,25.40153455445627,0.35,5.0,0.05,
7.382472679997591,REOPEN,0.0,0.0,24327.110791546,25.42504005493248,3.487179487179503,25.40590937045865,0.35,5.0,0.05,
7.383848004999891,REOPEN,0.0,0.0,24327.110791546,25.42504005493248,3.487179487179503,25.408813334458067,0.35,5.0,0.05,
7.3856932439994125,REOPEN,0.0,0.0,24327.110791546,25.432364385442895,3.487179487179503,25.411505134458388,0.35,5.0,0.05,
7.387131005998526,REOPEN,0.0,0.0,24327.110791546,25.432364385442895,3.487179487179503,25.415232628455236,0.35,5.0,0.05,
7.388981247000629,REOPEN,0.0,0.0,24327.110791546,25.433279926756697,3.897435897435912,25.418146022459517,0.35,5.0,0.05,
7.390355065999756,REOPEN,0.0,0.0,24327.110791546,25.433279926756697,3.897435897435912,25.421816156459066,0.35,5.0,0.05,
7.392062449998775,REOPEN,0.0,0.0,24327.110791546,25.433279926756697,3.897435897435912,25.424524852455328,0.35,5.0,0.05,
7.39406078599859,REOPEN,0.0,0.0,24327.121788947,25.438773174639508,4.71794871794873,25.428230256455684,0.35,5.0,0.05,
7.395894606997899,REOPEN,0.0,0.0,24327.121788947,25.43968871595331,4.581196581196593,25.432274508459635,0.35,5.0,0.05,
7.397409195000364,REOPEN,0.0,0.0,24327.121788947,25.43968871595331,4.581196581196593,25.435839600455914,0.35,5.0,0.05,
7.399074846998701,REOPEN,0.0,0.0,24327.121788947,25.44426642252232,4.854700854700866,25.438679004454137,0.35,5.0,0.05,
7.400379274997249,REOPEN,0.0,0.0,24327.121788947,25.44426642252232,4.854700854700866,25.44196810445512,0.35,5.0,0.05,
7.4017830599987064,REOPEN,0.0,0.0,24327.121788947,25.447928587777525,5.401709401709411,25.444482994457324,0.35,5.0,0.05,
7.403102378000767,REOPEN,0.0,0.0,24327.121788947,25.447928587777525,5.401709401709411,25.44732446045466,0.35,5.0,0.05,
7.404346674997214,REOPEN,0.0,0.0,24327.132791023,25.447928587777525,5.401709401709411,25.44996519646022,0.35,5.0,0.05,
7.406030702997668,REOPEN,0.0,0.0,24327.132791023,25.461661707484552,5.401709401709411,25.452430430460048,0.35,5.0,0.05,
7.407383151999966,REOPEN,0.0,0.0,24327.132791023,25.461661707484552,5.401709401709411,25.455931912455092,0.35,5.0,0.05,
7.408911946000444,REOPEN,0.0,0.0,24327.132791023,25.468986037994966,4.581196581196593,25.458537568456926,0.35,5.0,0.05,
7.410238828997535,REOPEN,0.0,0.0,24327.132791023,25.468986037994966,4.581196581196593,25.461622284458393,0.35,5.0,0.05,
7.411538945998473,REOPEN,0.0,0.0,24327.132791023,25.468986037994966,4.581196581196593,25.464269458456805,0.35,5.0,0.05,
7.41308410000056,REOPEN,0.0,0.0,24327.132791023,25.469901579308768,4.991452991453002,25.466864544456733,0.35,5.0,0.05,
7.414438176998374,REOPEN,0.0,0.0,24327.132791023,25.469901579308768,4.991452991453002,25.469910046459084,0.35,5.0,0.05,
7.416853442999127,REOPEN,0.0,0.0,24327.14389307,25.47173266193637,5.81196581196582,25.47426420045897,0.35,5.0,0.05,
7.418275763000565,REOPEN,0.0,0.0,24327.14389307,25.473563744563975,5.948717948717956,25.47751534045758,0.35,5.0,0.05,
7.419437975997425,REOPEN,0.0,0.0,24327.14389307,25.473563744563975,5.948717948717956,25.480202914458026,0.35,5.0,0.05,
7.4208016589982435,REOPEN,0.0,0.0,24327.14389307,25.479056992446786,5.6752136752136835,25.482566530454754,0.35,5.0,0.05,
7.422281421997468,REOPEN,0.0,0.0,24327.14389307,25.479056992446786,5.6752136752136835,25.485530058455446,0.35,5.0,0.05,
7.423904399998719,REOPEN,0.0,0.0,24327.14389307,25.484550240329597,5.948717948717956,25.48853290445779,0.35,5.0,0.05,
7.425300438000704,REOPEN,0.0,0.0,24327.14389307,25.484550240329597,5.948717948717956,25.491538738455823,0.35,5.0,0.05,
7.426764159998129,REOPEN,0.0,0.0,24327.154951343,25.484550240329597,5.948717948717956,25.494503592456134,0.35,5.0,0.05,
7.428556546998152,REOPEN,0.0,0.0,24327.154951343,25.495536736095218,5.6752136752136835,25.4974184584594,0.35,5.0,0.05,
7.4298295980006515,REOPEN,0.0,0.0,24327.154951343,25.495536736095218,5.6752136752136835,25.5008797884607,0.35,5.0,0.05,
7.4313431049995415,REOPEN,0.0,0.0,24327.154951343,25.502861066605632,5.538461538461547,25.503521714456404,0.35,5.0,0.05,
7.432545850999304,REOPEN,0.0,0.0,24327.154951343,25.502861066605632,5.538461538461547,25.506405754460978,0.35,5.0,0.05,
7.433779466999113,REOPEN,0.0,0.0,24327.154951343,25.502861066605632,5.538461538461547,25.508805962456357,0.35,5.0,0.05,
7.435310914999718,REOPEN,0.0,0.0,24327.154951343,25.519340810254064,5.128205128205138,25.511534450454313,0.35,5.0,0.05,
7.4365147030002845,REOPEN,0.0,0.0,24327.154951343,25.519340810254064,5.128205128205138,25.514318886455406,0.35,5.0,0.05,
7.437835986998834,REOPEN,0.0,0.0,24327.165537904,25.525749599450677,4.444444444444457,25.51674277245413,0.35,5.0,0.05,
7.439027702999738,REOPEN,0.0,0.0,24327.165537904,25.525749599450677,4.444444444444457,25.51938550445859,0.35,5.0,0.05,
7.4402421720005805,REOPEN,0.0,0.0,24327.165537904,25.525749599450677,4.444444444444457,25.52176254645976,0.35,5.0,0.05,
7.441606258998945,REOPEN,0.0,0.0,24327.165537904,25.545891508354316,4.307692307692321,25.52429189846091,0.35,5.0,0.05,
7.442794604998198,REOPEN,0.0,0.0,24327.165537904,25.545891508354316,4.307692307692321,25.52695713645746,0.35,5.0,0.05,
7.444087203999516,REOPEN,0.0,0.0,24327.165537904,25.55321583886473,3.350427350427367,25.529266700456468,0.35,5.0,0.05,
7.4452956179993635,REOPEN,0.0,0.0,24327.165537904,25.55321583886473,3.350427350427367,25.531942476455264,0.35,5.0,0.05,
7.446448696999141,REOPEN,0.0,0.0,24327.165537904,25.55321583886473,3.350427350427367,25.534264540454863,0.35,5.0,0.05,
7.447942440998304,REOPEN,0.0,0.0,24327.176362135,25.566948958571757,2.803418803418822,25.536972028460262,0.35,5.0,0.05,
7.449113269998634,REOPEN,0.0,0.0,24327.176362135,25.566948958571757,2.803418803418822,25.53959385445571,0.35,5.0,0.05,
7.450397168999189,REOPEN,0.0,0.0,24327.176362135,25.57335774776837,2.6666666666666856,25.54195205845692,0.35,5.0,0.05,
7.451556526000786,REOPEN,0.0,0.0,24327.176362135,25.57335774776837,2.6666666666666856,25.544464730456205,0.35,5.0,0.05,
7.452709653000056,REOPEN,0.0,0.0,24327.176362135,25.57335774776837,2.6666666666666856,25.546787132460416,0.35,5.0,0.05,
7.454051418997551,REOPEN,0.0,0.0,24327.176362135,25.585259784847793,2.5299145299145493,25.549149236454944,0.35,5.0,0.05,
7.45523817999856,REOPEN,0.0,0.0,24327.176362135,25.585259784847793,2.5299145299145493,25.551838890455222,0.35,5.0,0.05,
7.456554345997574,REOPEN,0.0,0.0,24327.176362135,25.59349965667201,2.256410256410277,25.554152806459136,0.35,5.0,0.05,
7.457816662998084,REOPEN,0.0,0.0,24327.176362135,25.59349965667201,2.256410256410277,25.556826598457086,0.35,5.0,0.05,
7.459324085000844,REOPEN,0.0,0.0,24327.187594723,25.59899290455482,1.5726495726495955,25.559478554454948,0.35,5.0,0.05,
7.4606455030007055,REOPEN,0.0,0.0,24327.187594723,25.59899290455482,1.5726495726495955,25.562447460457882,0.35,5.0,0.05,
7.462038039000618,REOPEN,0.0,0.0,24327.187594723,25.59899290455482,1.5726495726495955,25.565266760454072,0.35,5.0,0.05,
7.463582323998708,REOPEN,0.0,0.0,24327.187594723,25.610894941634243,1.9829059829060043,25.568029180455163,0.35,5.0,0.05,
7.464906008997787,REOPEN,0.0,0.0,24327.187594723,25.610894941634243,1.9829059829060043,25.57090721445504,0.35,5.0,0.05,
7.4665653689989995,REOPEN,0.0,0.0,24327.187594723,25.620965896086062,1.1623931623931867,25.573617210453925,0.35,5.0,0.05,
7.46791922400007,REOPEN,0.0,0.0,24327.187594723,25.620965896086062,1.1623931623931867,25.57698946645771,0.35,5.0,0.05,
7.469229508998978,REOPEN,0.0,0.0,24327.187594723,25.620965896086062,1.1623931623931867,25.579604478460645,0.35,5.0,0.05,
7.471002365000459,REOPEN,0.0,0.0,24327.198838812,25.622796978713666,1.1623931623931867,25.58234535245949,0.35,5.0,0.05,
7.472515826997551,REOPEN,0.0,0.0,24327.198838812,25.622796978713666,1.1623931623931867,25.585890340461013,0.35,5.0,0.05,
7.474263906999113,REOPEN,0.0,0.0,24327.198838812,25.628290226596476,2.1196581196581405,25.58893307245537,0.35,5.0,0.05,
7.475506775997928,REOPEN,0.0,0.0,24327.198838812,25.628290226596476,2.1196581196581405,25.59223176045864,0.35,5.0,0.05,
7.476884366999002,REOPEN,0.0,0.0,24327.198838812,25.628290226596476,2.1196581196581405,25.594857684455313,0.35,5.0,0.05,
7.478469710000354,REOPEN,0.0,0.0,24327.198838812,25.637445639734494,1.5726495726495955,25.597548772459525,0.35,5.0,0.05,
7.479912437000166,REOPEN,0.0,0.0,24327.198838812,25.637445639734494,1.5726495726495955,25.60077554645479,0.35,5.0,0.05,
7.481376584000827,REOPEN,0.0,0.0,24327.209441103,25.6411078049897,1.7094017094017318,25.603611302455214,0.35,5.0,0.05,
7.482817462998355,REOPEN,0.0,0.0,24327.209441103,25.6411078049897,1.7094017094017318,25.606590176454596,0.35,5.0,0.05,
7.484288349998678,REOPEN,0.0,0.0,24327.209441103,25.6411078049897,1.7094017094017318,25.609702776457674,0.35,5.0,0.05,
7.485890709998785,REOPEN,0.0,0.0,24327.209441103,25.649347676813917,1.9829059829060043,25.612465334454576,0.35,5.0,0.05,
7.487120030000369,REOPEN,0.0,0.0,24327.209441103,25.649347676813917,1.9829059829060043,25.61555646646095,0.35,5.0,0.05,
7.488396657998237,REOPEN,0.0,0.0,24327.209441103,25.657587548638134,1.9829059829060043,25.617939734455398,0.35,5.0,0.05,
7.489670630999171,REOPEN,0.0,0.0,24327.209441103,25.657587548638134,1.9829059829060043,25.620510354458496,0.35,5.0,0.05,
7.490925787999004,REOPEN,0.0,0.0,24327.209441103,25.657587548638134,1.9829059829060043,25.62317108045911,0.35,5.0,0.05,
7.492406485998799,REOPEN,0.0,0.0,24327.220355509,25.66582742046235,1.7094017094017318,25.625814490459128,0.35,5.0,0.05,
7.4936362209991785,REOPEN,0.0,0.0,24327.220355509,25.66582742046235,1.7094017094017318,25.628531418459282,0.35,5.0,0.05,
7.494901177000429,REOPEN,0.0,0.0,24327.220355509,25.669489585717557,1.7094017094017318,25.631023028460298,0.35,5.0,0.05,
7.496101568998711,REOPEN,0.0,0.0,24327.220355509,25.669489585717557,1.7094017094017318,25.63353446645717,0.35,5.0,0.05,
7.497444468997855,REOPEN,0.0,0.0,24327.220355509,25.669489585717557,1.7094017094017318,25.63612894645714,0.35,5.0,0.05,
7.49880012200083,REOPEN,0.0,0.0,24327.220355509,25.677729457541773,1.9829059829060043,25.638617470455323,0.35,5.0,0.05,
7.500028701000701,REOPEN,0.0,0.0,24327.220355509,25.677729457541773,1.9829059829060043,25.64136563645527,0.35,5.0,0.05,
7.501445514000807,REOPEN,0.0,0.0,24327.220355509,25.690547035934998,1.7094017094017318,25.64395468045634,0.35,5.0,0.05,
7.502881412998249,REOPEN,0.0,0.0,24327.231333791,25.690547035934998,1.7094017094017318,25.64703466245785,0.35,5.0,0.05,
7.504295873997762,REOPEN,0.0,0.0,24327.231333791,25.700617990386817,0.47863247863250535,25.649669662454947,0.35,5.0,0.05,
7.505586504998064,REOPEN,0.0,0.0,24327.231333791,25.700617990386817,0.47863247863250535,25.652476054458496,0.35,5.0,0.05,
7.506825312997535,REOPEN,0.0,0.0,24327.231333791,25.700617990386817,0.47863247863250535,25.65488151645925,0.35,5.0,0.05,
7.508322756999405,REOPEN,0.0,0.0,24327.231333791,25.710688944838637,0.7521367521367779,25.657624422458433,0.35,5.0,0.05,
7.50960666699757,REOPEN,0.0,0.0,24327.231333791,25.710688944838637,0.7521367521367779,25.66047034045416,0.35,5.0,0.05,
7.511033167000278,REOPEN,0.0,0.0,24327.231333791,25.72167544060426,0.6153846153846416,25.66295662845598,0.35,5.0,0.05,
7.512377857998217,REOPEN,0.0,0.0,24327.231333791,25.72167544060426,0.6153846153846416,25.66601279846011,0.35,5.0,0.05,
7.514258898998378,REOPEN,0.0,0.0,24327.231333791,25.72167544060426,0.6153846153846416,25.6684744204563,0.35,5.0,0.05,
7.515779052999278,REOPEN,0.0,0.0,24327.242762022,25.735408560311285,-0.47863247863250535,25.672547378455896,0.35,5.0,0.05,
7.517099599997891,REOPEN,0.0,0.0,24327.242762022,25.739070725566492,-0.6153846153846416,25.67529805845927,0.35,5.0,0.05,
7.518301845000678,REOPEN,0.0,0.0,24327.242762022,25.739070725566492,-0.6153846153846416,25.677906790459495,0.35,5.0,0.05,
7.519589609000832,REOPEN,0.0,0.0,24327.242762022,25.745479514763105,-0.7521367521367779,25.6802386724544,0.35,5.0,0.05,
7.520789445999981,REOPEN,0.0,0.0,24327.242762022,25.745479514763105,-0.7521367521367779,25.682850050458477,0.35,5.0,0.05,
7.522057701000449,REOPEN,0.0,0.0,24327.242762022,25.74914168001831,-0.6153846153846416,25.685265892456776,0.35,5.0,0.05,
7.523239295998792,REOPEN,0.0,0.0,24327.242762022,25.74914168001831,-0.6153846153846416,25.687832468460805,0.35,5.0,0.05,
7.524423454000498,REOPEN,0.0,0.0,24327.242762022,25.74914168001831,-0.6153846153846416,25.69017623445918,0.35,5.0,0.05,
7.525780610998481,REOPEN,0.0,0.0,24327.253767795,25.761959258411537,-0.3418803418803691,25.69252204245506,0.35,5.0,0.05,
7.526984323998477,REOPEN,0.0,0.0,24327.253767795,25.761959258411537,-0.3418803418803691,25.695264666459956,0.35,5.0,0.05,
7.528272633997403,REOPEN,0.0,0.0,24327.253767795,25.767452506294347,-0.8888888888889142,25.697662570457872,0.35,5.0,0.05,
7.529446124997776,REOPEN,0.0,0.0,24327.253767795,25.767452506294347,-0.8888888888889142,25.700224858456316,0.35,5.0,0.05,
7.530585093998525,REOPEN,0.0,0.0,24327.253767795,25.767452506294347,-0.8888888888889142,25.70256105645469,0.35,5.0,0.05,
7.5319435719975445,REOPEN,0.0,0.0,24327.253767795,25.770199130235753,-0.8888888888889142,25.704865436457588,0.35,5.0,0.05,
7.533122133998404,REOPEN,0.0,0.0,24327.253767795,25.770199130235753,-0.8888888888889142,25.707590496460874,0.35,5.0,0.05,
7.534430532999977,REOPEN,0.0,0.0,24327.253767795,25.772030212863356,-0.20512820512823282,25.70993534646052,0.35,5.0,0.05,
7.536087746000703,REOPEN,0.0,0.0,24327.253767795,25.772030212863356,-0.20512820512823282,25.712572842460325,0.35,5.0,0.05,
7.537570251999568,REOPEN,0.0,0.0,24327.264616598,25.772030212863356,-0.20512820512823282,25.716226738457884,0.35,5.0,0.05,
7.539036693997332,REOPEN,0.0,0.0,24327.264616598,25.77935454337377,0.06837606837609655,25.718943430455077,0.35,5.0,0.05,
7.540203081000072,REOPEN,0.0,0.0,24327.264616598,25.77935454337377,0.06837606837609655,25.72177994045571,0.35,5.0,0.05,
7.541509759998007,REOPEN,0.0,0.0,24327.264616598,25.78393224994278,-0.20512820512823282,25.72408669245717,0.35,5.0,0.05,
7.5426610139984405,REOPEN,0.0,0.0,24327.264616598,25.78393224994278,-0.20512820512823282,25.72669577446006,0.35,5.0,0.05,
7.54385167899818,REOPEN,0.0,0.0,24327.264616598,25.78393224994278,-0.20512820512823282,25.72901354045691,0.35,5.0,0.05,
7.545532264997746,REOPEN,0.0,0.0,24327.264616598,25.790341039139392,0.20512820512823282,25.73141723445817,0.35,5.0,0.05,
7.547061705998203,REOPEN,0.0,0.0,24327.275540944,25.790341039139392,0.20512820512823282,25.735341110458215,0.35,5.0,0.05,
7.548494094000489,REOPEN,0.0,0.0,24327.275540944,25.7949187457084,0.3418803418803691,25.737866496458558,0.35,5.0,0.05,
7.549730640999769,REOPEN,0.0,0.0,24327.275540944,25.7949187457084,0.3418803418803691,25.74075672645497,0.35,5.0,0.05,
7.551042143000814,REOPEN,0.0,0.0,24327.275540944,25.7949187457084,0.3418803418803691,25.743238318459156,0.35,5.0,0.05,
7.552567332997569,REOPEN,0.0,0.0,24327.275540944,25.798580910963608,0.3418803418803691,25.74584083045422,0.35,5.0,0.05,
7.553773807998368,REOPEN,0.0,0.0,24327.275540944,25.798580910963608,0.3418803418803691,25.748860970454665,0.35,5.0,0.05,
7.555082537997805,REOPEN,0.0,0.0,24327.275540944,25.80041199359121,1.1623931623931867,25.751247766459095,0.35,5.0,0.05,
7.556353920997935,REOPEN,0.0,0.0,24327.275540944,25.80041199359121,1.1623931623931867,25.75392137645624,0.35,5.0,0.05,
7.557877340997948,REOPEN,0.0,0.0,24327.275540944,25.802243076218815,1.4358974358974592,25.756509328459764,0.35,5.0,0.05,
7.559492304000742,REOPEN,0.0,0.0,24327.286914866,25.802243076218815,1.4358974358974592,25.76028153845484,0.35,5.0,0.05,
7.560682572999212,REOPEN,0.0,0.0,24327.286914866,25.802243076218815,1.4358974358974592,25.762730962460886,0.35,5.0,0.05,
7.562016700998356,REOPEN,0.0,0.0,24327.286914866,25.802243076218815,1.846153846153868,25.76506365245816,0.35,5.0,0.05,
7.563186477000272,REOPEN,0.0,0.0,24327.286914866,25.802243076218815,1.846153846153868,25.767733818460805,0.35,5.0,0.05,
7.564529821000178,REOPEN,0.0,0.0,24327.286914866,25.803158617532617,2.393162393162413,25.77005784846053,0.35,5.0,0.05,
7.56568837499799,REOPEN,0.0,0.0,24327.286914866,25.803158617532617,2.393162393162413,25.772763218456497,0.35,5.0,0.05,
7.566885209998873,REOPEN,0.0,0.0,24327.286914866,25.803158617532617,2.393162393162413,25.775083858456604,0.35,5.0,0.05,
7.568213885999285,REOPEN,0.0,0.0,24327.286914866,25.805905241474022,2.940170940170958,25.777472706455704,0.35,5.0,0.05,
7.569505330000538,REOPEN,0.0,0.0,24327.297833481,25.805905241474022,2.940170940170958,25.7802334524554,0.35,5.0,0.05,
7.5709828449980705,REOPEN,0.0,0.0,24327.297833481,25.80956740672923,3.0769230769230944,25.782785168458325,0.35,5.0,0.05,
7.572184168999229,REOPEN,0.0,0.0,24327.297833481,25.80956740672923,3.0769230769230944,25.785710934457278,0.35,5.0,0.05,
7.573696610998013,REOPEN,0.0,0.0,24327.297833481,25.80956740672923,3.0769230769230944,25.788396428457894,0.35,5.0,0.05,
7.5754754779991345,REOPEN,0.0,0.0,24327.297833481,25.812314030670635,3.487179487179503,25.79130120445418,0.35,5.0,0.05,
7.576887708997674,REOPEN,0.0,0.0,24327.297833481,25.812314030670635,3.487179487179503,25.794791512455525,0.35,5.0,0.05,
7.578543504998379,REOPEN,0.0,0.0,24327.297833481,25.816891737239644,3.897435897435912,25.797597926454294,0.35,5.0,0.05,
7.580131659000472,REOPEN,0.0,0.0,24327.308610616,25.816891737239644,3.897435897435912,25.801500630458143,0.35,5.0,0.05,
7.581348903997423,REOPEN,0.0,0.0,24327.308610616,25.816891737239644,3.897435897435912,25.803983110456578,0.35,5.0,0.05,
7.582935816997633,REOPEN,0.0,0.0,24327.308610616,25.82513160906386,3.7606837606837757,25.806390070460587,0.35,5.0,0.05,
7.584242999997514,REOPEN,0.0,0.0,24327.308610616,25.82513160906386,3.7606837606837757,25.809669290460555,0.35,5.0,0.05,
7.585649096999987,REOPEN,0.0,0.0,24327.308610616,25.834287022201877,3.897435897435912,25.81224721046103,0.35,5.0,0.05,
7.586901149999903,REOPEN,0.0,0.0,24327.308610616,25.834287022201877,3.897435897435912,25.815029554456963,0.35,5.0,0.05,
7.588195872998767,REOPEN,0.0,0.0,24327.308610616,25.834287022201877,3.897435897435912,25.81758690045765,0.35,5.0,0.05,
7.589662105998286,REOPEN,0.0,0.0,24327.308610616,25.847104600595102,3.2136752136752307,25.82016475845969,0.35,5.0,0.05,
7.591222103998007,REOPEN,0.0,0.0,24327.319762332,25.847104600595102,3.2136752136752307,25.823793796460926,0.35,5.0,0.05,
7.592563603997405,REOPEN,0.0,0.0,24327.319762332,25.852597848477913,2.940170940170958,25.82616357445888,0.35,5.0,0.05,
7.593757842998457,REOPEN,0.0,0.0,24327.319762332,25.852597848477913,2.940170940170958,25.828821362456914,0.35,5.0,0.05,
7.595077350000793,REOPEN,0.0,0.0,24327.319762332,25.852597848477913,2.940170940170958,25.831240176458344,0.35,5.0,0.05,
7.596566970998538,REOPEN,0.0,0.0,24327.319762332,25.86724650949874,2.940170940170958,25.833928558453884,0.35,5.0,0.05,
7.597752117999335,REOPEN,0.0,0.0,24327.319762332,25.86724650949874,2.940170940170958,25.83684801645952,0.35,5.0,0.05,
7.599216979997436,REOPEN,0.0,0.0,24327.319762332,25.875486381322958,2.1196581196581405,25.839258514456127,0.35,5.0,0.05,
7.600477365998813,REOPEN,0.0,0.0,24327.319762332,25.875486381322958,2.1196581196581405,25.842233300458723,0.35,5.0,0.05,
7.602313101997424,REOPEN,0.0,0.0,24327.319762332,25.88738841840238,1.9829059829060043,25.844645072460956,0.35,5.0,0.05,
7.603527030998521,REOPEN,0.0,0.0,24327.330928043,25.88738841840238,1.9829059829060043,25.848378794459244,0.35,5.0,0.05,
7.60468472699722,REOPEN,0.0,0.0,24327.330928043,25.88738841840238,1.9829059829060043,25.850734208458128,0.35,5.0,0.05,
7.605993045999639,REOPEN,0.0,0.0,24327.330928043,25.895628290226597,1.7094017094017318,25.85304658645557,0.35,5.0,0.05,
7.60717248599758,REOPEN,0.0,0.0,24327.330928043,25.895628290226597,1.7094017094017318,25.855697034460285,0.35,5.0,0.05,
7.608475142998941,REOPEN,0.0,0.0,24327.330928043,25.901121538109408,1.4358974358974592,25.85805139645756,0.35,5.0,0.05,
7.609634295997239,REOPEN,0.0,0.0,24327.330928043,25.901121538109408,1.4358974358974592,25.860632714453935,0.35,5.0,0.05,
7.61082340899884,REOPEN,0.0,0.0,24327.330928043,25.901121538109408,1.4358974358974592,25.862982332454088,0.35,5.0,0.05,
7.61228223299986,REOPEN,0.0,0.0,24327.330928043,25.915770199130236,1.4358974358974592,25.86537972245653,0.35,5.0,0.05,
7.613650218998373,REOPEN,0.0,0.0,24327.341756944,25.915770199130236,1.4358974358974592,25.868436904459053,0.35,5.0,0.05,
7.615173174999654,REOPEN,0.0,0.0,24327.341756944,25.92217898832685,1.0256410256410504,25.871113328454634,0.35,5.0,0.05,
7.616425805998006,REOPEN,0.0,0.0,24327.341756944,25.92217898832685,1.0256410256410504,25.874092904460234,0.35,5.0,0.05,
7.6176128549996065,REOPEN,0.0,0.0,24327.341756944,25.92217898832685,1.0256410256410504,25.876563676460613,0.35,5.0,0.05,
7.619122033000167,REOPEN,0.0,0.0,24327.341756944,25.930418860151065,0.6153846153846416,25.878970328458784,0.35,5.0,0.05,
7.620367406998412,REOPEN,0.0,0.0,24327.341756944,25.930418860151065,0.6153846153846416,25.88203609645509,0.35,5.0,0.05,
7.621658166997804,REOPEN,0.0,0.0,24327.341756944,25.93865873197528,0.7521367521367779,25.884427788458673,0.35,5.0,0.05,
7.622810131000733,REOPEN,0.0,0.0,24327.341756944,25.93865873197528,0.7521367521367779,25.887004428458134,0.35,5.0,0.05,
7.624081570000271,REOPEN,0.0,0.0,24327.352641947,25.93865873197528,0.7521367521367779,25.889521348459787,0.35,5.0,0.05,
7.625489973997901,REOPEN,0.0,0.0,24327.352641947,25.949645227740902,0.3418803418803691,25.891879886456557,0.35,5.0,0.05,
7.6267565739981364,REOPEN,0.0,0.0,24327.352641947,25.949645227740902,0.3418803418803691,25.894718138459687,0.35,5.0,0.05,
7.628108168999461,REOPEN,0.0,0.0,24327.352641947,25.95330739299611,0.06837606837609655,25.897242982459396,0.35,5.0,0.05,
7.629311348999181,REOPEN,0.0,0.0,24327.352641947,25.95330739299611,0.06837606837609655,25.89992841645519,0.35,5.0,0.05,
7.630453380999825,REOPEN,0.0,0.0,24327.352641947,25.95330739299611,0.06837606837609655,25.902230130459905,0.35,5.0,0.05,
7.631813660998887,REOPEN,0.0,0.0,24327.352641947,25.960631723506523,0.47863247863250535,25.90458473845731,0.35,5.0,0.05,
7.633006822998141,REOPEN,0.0,0.0,24327.352641947,25.960631723506523,0.47863247863250535,25.90735578245451,0.35,5.0,0.05,
7.634320826000476,REOPEN,0.0,0.0,24327.352641947,25.965209430075532,0.6153846153846416,25.909713016454155,0.35,5.0,0.05,
7.635518888997467,REOPEN,0.0,0.0,24327.363599092,25.965209430075532,0.6153846153846416,25.91233876245908,0.35,5.0,0.05,
7.636689318998833,REOPEN,0.0,0.0,24327.363599092,25.965209430075532,0.6153846153846416,25.914724440454414,0.35,5.0,0.05,
7.638078289997793,REOPEN,0.0,0.0,24327.363599092,25.971618219272145,0.3418803418803691,25.917083888455203,0.35,5.0,0.05,
7.639263114997448,REOPEN,0.0,0.0,24327.363599092,25.971618219272145,0.3418803418803691,25.919873940455112,0.35,5.0,0.05,
7.640601006998622,REOPEN,0.0,0.0,24327.363599092,25.976195925841154,0.47863247863250535,25.92225084446047,0.35,5.0,0.05,
7.641791982998257,REOPEN,0.0,0.0,24327.363599092,25.976195925841154,0.47863247863250535,25.924916266458716,0.35,5.0,0.05,
7.643166493999161,REOPEN,0.0,0.0,24327.363599092,25.987182421606775,0.6153846153846416,25.927264770458827,0.35,5.0,0.05,
7.644385914998566,REOPEN,0.0,0.0,24327.363599092,25.987182421606775,0.6153846153846416,25.930045978459496,0.35,5.0,0.05,
7.645546973999444,REOPEN,0.0,0.0,24327.363599092,25.987182421606775,0.6153846153846416,25.932469016459912,0.35,5.0,0.05,
7.6468956869975955,REOPEN,0.0,0.0,24327.374736717,25.993591210803388,0.3418803418803691,25.934775166455914,0.35,5.0,0.05,
7.648141421999753,REOPEN,0.0,0.0,24327.374736717,25.993591210803388,0.3418803418803691,25.93749551246085,0.35,5.0,0.05,
7.649469012998452,REOPEN,0.0,0.0,24327.374736717,25.996337834744793,0.20512820512823282,25.940001804456664,0.35,5.0,0.05,
7.650652117998106,REOPEN,0.0,0.0,24327.374736717,25.996337834744793,0.20512820512823282,25.94261997845981,0.35,5.0,0.05,
7.6518149500006984,REOPEN,0.0,0.0,24327.374736717,25.996337834744793,0.20512820512823282,25.944986218457892,0.35,5.0,0.05,
7.653172136997455,REOPEN,0.0,0.0,24327.374736717,25.998168917372396,0.7521367521367779,25.94733137445521,0.35,5.0,0.05,
7.654370131000178,REOPEN,0.0,0.0,24327.374736717,25.998168917372396,0.7521367521367779,25.950071278459767,0.35,5.0,0.05,
7.655610772999353,REOPEN,0.0,0.0,24327.374736717,26.000915541313802,1.1623931623931867,25.952413942456154,0.35,5.0,0.05,
7.657168293000723,REOPEN,0.0,0.0,24327.385650349,26.000915541313802,1.1623931623931867,25.955578682458984,0.35,5.0,0.05,
7.65838372899816,REOPEN,0.0,0.0,24327.385650349,26.000915541313802,1.1623931623931867,25.95805521245577,0.35,5.0,0.05,
7.659814651997294,REOPEN,0.0,0.0,24327.385650349,26.00457770656901,1.299145299145323,25.96045021445982,0.35,5.0,0.05,
7.661041531999217,REOPEN,0.0,0.0,24327.385650349,26.00457770656901,1.299145299145323,25.963364412457416,0.35,5.0,0.05,
7.6624053539999295,REOPEN,0.0,0.0,24327.385650349,26.009155413138018,1.5726495726495955,25.965804442460033,0.35,5.0,0.05,
7.663578265997785,REOPEN,0.0,0.0,24327.385650349,26.009155413138018,1.5726495726495955,25.96850100245731,0.35,5.0,0.05,
7.664770724000846,REOPEN,0.0,0.0,24327.385650349,26.009155413138018,1.5726495726495955,25.970847690458434,0.35,5.0,0.05,
7.666147165997245,REOPEN,0.0,0.0,24327.385650349,26.018310826276036,1.7094017094017318,25.973250046454744,0.35,5.0,0.05,
7.667342438999185,REOPEN,0.0,0.0,24327.385650349,26.018310826276036,1.7094017094017318,25.97601207645723,0.35,5.0,0.05,
7.668670432998624,REOPEN,0.0,0.0,24327.396796626,26.023804074158846,1.5726495726495955,25.97839170445743,0.35,5.0,0.05,
7.6698643029994855,REOPEN,0.0,0.0,24327.396796626,26.023804074158846,1.5726495726495955,25.98105389245986,0.35,5.0,0.05,
7.671070268999756,REOPEN,0.0,0.0,24327.396796626,26.023804074158846,1.5726495726495955,25.983435764459976,0.35,5.0,0.05,
7.672456918000535,REOPEN,0.0,0.0,24327.396796626,26.027466239414053,1.5726495726495955,25.985843678458444,0.35,5.0,0.05,
7.673632666999765,REOPEN,0.0,0.0,24327.396796626,26.027466239414053,1.5726495726495955,25.98859093246076,0.35,5.0,0.05,
7.674945473998378,REOPEN,0.0,0.0,24327.396796626,26.032043945983062,1.9829059829060043,25.9909727784566,0.35,5.0,0.05,
7.676133573000698,REOPEN,0.0,0.0,24327.396796626,26.032043945983062,1.9829059829060043,25.99359651045463,0.35,5.0,0.05,
7.677441399999225,REOPEN,0.0,0.0,24327.396796626,26.032043945983062,1.9829059829060043,25.99600657245403,0.35,5.0,0.05,
7.679270279000775,REOPEN,0.0,0.0,24327.396796626,26.038452735179675,2.1196581196581405,25.998627462455737,0.35,5.0,0.05,
7.680513217997941,REOPEN,0.0,0.0,24327.4078865,26.038452735179675,2.1196581196581405,26.00231592246066,0.35,5.0,0.05,
7.681868810999731,REOPEN,0.0,0.0,24327.4078865,26.043030441748684,1.9829059829060043,26.00471540446099,0.35,5.0,0.05,
7.68310233900047,REOPEN,0.0,0.0,24327.4078865,26.043030441748684,1.9829059829060043,26.007474082458906,0.35,5.0,0.05,
7.684475833000761,REOPEN,0.0,0.0,24327.4078865,26.0521858548867,1.9829059829060043,26.009925352455433,0.35,5.0,0.05,
7.6857086479976715,REOPEN,0.0,0.0,24327.4078865,26.0521858548867,1.9829059829060043,26.012651282459522,0.35,5.0,0.05,
7.686948325997946,REOPEN,0.0,0.0,24327.4078865,26.0521858548867,1.9829059829060043,26.015171934459907,0.35,5.0,0.05,
7.688343477999297,REOPEN,0.0,0.0,24327.4078865,26.059510185397116,1.9829059829060043,26.01760091245753,0.35,5.0,0.05,
7.689540744999249,REOPEN,0.0,0.0,24327.4078865,26.059510185397116,1.9829059829060043,26.02038996845888,0.35,5.0,0.05,
7.6909655689996725,REOPEN,0.0,0.0,24327.418745901,26.06683451590753,1.846153846153868,26.02294689445491,0.35,5.0,0.05,
7.692166409997299,REOPEN,0.0,0.0,24327.418745901,26.06683451590753,1.846153846153868,26.025653984458152,0.35,5.0,0.05,
7.69334344699746,REOPEN,0.0,0.0,24327.418745901,26.06683451590753,1.846153846153868,26.028020136460803,0.35,5.0,0.05,
7.694656644998759,REOPEN,0.0,0.0,24327.418745901,26.07141222247654,1.5726495726495955,26.030357320460574,0.35,5.0,0.05,
7.695847871000296,REOPEN,0.0,0.0,24327.418745901,26.07141222247654,1.5726495726495955,26.03302317045975,0.35,5.0,0.05,
7.697114880000299,REOPEN,0.0,0.0,24327.418745901,26.07232776379034,2.1196581196581405,26.035393208456775,0.35,5.0,0.05,
7.6982945799973095,REOPEN,0.0,0.0,24327.418745901,26.07232776379034,2.1196581196581405,26.03793216845454,0.35,5.0,0.05,
7.699464014000114,REOPEN,0.0,0.0,24327.418745901,26.07232776379034,2.1196581196581405,26.04024804845769,0.35,5.0,0.05,
7.700824734998605,REOPEN,0.0,0.0,24327.418745901,26.075074387731746,2.6666666666666856,26.04264774846026,0.35,5.0,0.05,
7.70264698399842,REOPEN,0.0,0.0,24327.430075653,26.075074387731746,2.6666666666666856,26.046600978460013,0.35,5.0,0.05,
7.70391569399726,REOPEN,0.0,0.0,24327.430075653,26.07782101167315,2.803418803418822,26.048966016455346,0.35,5.0,0.05,
7.705089635997865,REOPEN,0.0,0.0,24327.430075653,26.07782101167315,2.803418803418822,26.05153220845616,0.35,5.0,0.05,
7.706226119000348,REOPEN,0.0,0.0,24327.430075653,26.07782101167315,2.803418803418822,26.053843694457576,0.35,5.0,0.05,
7.7075449469994055,REOPEN,0.0,0.0,24327.430075653,26.083314259555962,3.0769230769230944,26.056139028458823,0.35,5.0,0.05,
7.708698048998485,REOPEN,0.0,0.0,24327.430075653,26.083314259555962,3.0769230769230944,26.058766316457444,0.35,5.0,0.05,
7.709980938998342,REOPEN,0.0,0.0,24327.430075653,26.088807507438773,3.2136752136752307,26.061097476459075,0.35,5.0,0.05,
7.711176746997808,REOPEN,0.0,0.0,24327.430075653,26.088807507438773,3.2136752136752307,26.063667012460904,0.35,5.0,0.05,
7.712372999998479,REOPEN,0.0,0.0,24327.440657016,26.088807507438773,3.2136752136752307,26.066077124460683,0.35,5.0,0.05,
7.713665821000177,REOPEN,0.0,0.0,24327.440657016,26.09796292057679,2.940170940170958,26.068410856455124,0.35,5.0,0.05,
7.714864124998712,REOPEN,0.0,0.0,24327.440657016,26.09796292057679,2.940170940170958,26.071037810458186,0.35,5.0,0.05,
7.716189154998574,REOPEN,0.0,0.0,24327.440657016,26.101625085831998,2.940170940170958,26.073433330459487,0.35,5.0,0.05,
7.71737806499732,REOPEN,0.0,0.0,24327.440657016,26.101625085831998,2.940170940170958,26.076083292459337,0.35,5.0,0.05,
7.718513422998512,REOPEN,0.0,0.0,24327.440657016,26.101625085831998,2.940170940170958,26.078420948457754,0.35,5.0,0.05,
7.7197885690002295,REOPEN,0.0,0.0,24327.440657016,26.10803387502861,3.2136752136752307,26.080688336458955,0.35,5.0,0.05,
7.720968724999693,REOPEN,0.0,0.0,24327.440657016,26.10803387502861,3.2136752136752307,26.083253898456427,0.35,5.0,0.05,
7.722368534999987,REOPEN,0.0,0.0,24327.440657016,26.11352712291142,3.2136752136752307,26.085649260460308,0.35,5.0,0.05,
7.723568317000172,REOPEN,0.0,0.0,24327.45209716,26.11352712291142,3.2136752136752307,26.088478436455738,0.35,5.0,0.05,
7.724927634997584,REOPEN,0.0,0.0,24327.45209716,26.120851453421835,2.940170940170958,26.090855112454413,0.35,5.0,0.05,
7.726136023997242,REOPEN,0.0,0.0,24327.45209716,26.120851453421835,2.940170940170958,26.093563474455117,0.35,5.0,0.05,
7.727329027999076,REOPEN,0.0,0.0,24327.45209716,26.120851453421835,2.940170940170958,26.095978346459127,0.35,5.0,0.05,
7.728629175999231,REOPEN,0.0,0.0,24327.45209716,26.126344701304646,2.940170940170958,26.098356738456026,0.35,5.0,0.05,
7.729935481998837,REOPEN,0.0,0.0,24327.45209716,26.126344701304646,2.940170940170958,26.100987748456213,0.35,5.0,0.05,
7.731464301999949,REOPEN,0.0,0.0,24327.45209716,26.13275349050126,3.0769230769230944,26.103651122454288,0.35,5.0,0.05,
7.732732922999276,REOPEN,0.0,0.0,24327.45209716,26.13275349050126,3.0769230769230944,26.10666775845541,0.35,5.0,0.05,
7.73413323099885,REOPEN,0.0,0.0,24327.462671645,26.13275349050126,3.0769230769230944,26.109592540453853,0.35,5.0,0.05,
7.735522339000454,REOPEN,0.0,0.0,24327.462671645,26.14465552758068,2.5299145299145493,26.112010042454607,0.35,5.0,0.05,
7.736694962997717,REOPEN,0.0,0.0,24327.462671645,26.14465552758068,2.5299145299145493,26.114732796459542,0.35,5.0,0.05,
7.737957178000215,REOPEN,0.0,0.0,24327.462671645,26.146486610208285,2.6666666666666856,26.117063448453813,0.35,5.0,0.05,
7.739141878999362,REOPEN,0.0,0.0,24327.462671645,26.146486610208285,2.6666666666666856,26.11961991245564,0.35,5.0,0.05,
7.740311935998761,REOPEN,0.0,0.0,24327.462671645,26.146486610208285,2.6666666666666856,26.121972616458628,0.35,5.0,0.05,
7.741580461999547,REOPEN,0.0,0.0,24327.462671645,26.150148775463492,3.2136752136752307,26.12420089845775,0.35,5.0,0.05,
7.742776621998928,REOPEN,0.0,0.0,24327.462671645,26.150148775463492,3.2136752136752307,26.126870020455065,0.35,5.0,0.05,
7.744417729998531,REOPEN,0.0,0.0,24327.462671645,26.152895399404898,3.487179487179503,26.129326006458108,0.35,5.0,0.05,
7.74567904399737,REOPEN,0.0,0.0,24327.473773269,26.152895399404898,3.487179487179503,26.13263258846066,0.35,5.0,0.05,
7.746872772000643,REOPEN,0.0,0.0,24327.473773269,26.152895399404898,3.487179487179503,26.13505753245638,0.35,5.0,0.05,
7.7482594739994965,REOPEN,0.0,0.0,24327.473773269,26.160219729915312,3.487179487179503,26.13744257845476,0.35,5.0,0.05,
7.749527914998907,REOPEN,0.0,0.0,24327.473773269,26.160219729915312,3.487179487179503,26.140228456456065,0.35,5.0,0.05,
7.751062866998836,REOPEN,0.0,0.0,24327.473773269,26.166628519111924,3.487179487179503,26.14286930845494,0.35,5.0,0.05,
7.752315747999091,REOPEN,0.0,0.0,24327.473773269,26.166628519111924,3.487179487179503,26.145884076455808,0.35,5.0,0.05,
7.753547925000021,REOPEN,0.0,0.0,24327.473773269,26.166628519111924,3.487179487179503,26.14835714445737,0.35,5.0,0.05,
7.75523749399872,REOPEN,0.0,0.0,24327.473773269,26.177615014877546,3.2136752136752307,26.15080228045783,0.35,5.0,0.05,
7.756566516000021,REOPEN,0.0,0.0,24327.484913249,26.177615014877546,3.2136752136752307,26.154402916460207,0.35,5.0,0.05,
7.757960334998643,REOPEN,0.0,0.0,24327.484913249,26.184023804074158,2.940170940170958,26.15691086245581,0.35,5.0,0.05,
7.7591660670004785,REOPEN,0.0,0.0,24327.484913249,26.184023804074158,2.940170940170958,26.159634392456176,0.35,5.0,0.05,
7.760363934998168,REOPEN,0.0,0.0,24327.484913249,26.184023804074158,2.940170940170958,26.162036264455786,0.35,5.0,0.05,
7.761740952999389,REOPEN,0.0,0.0,24327.484913249,26.19592584115358,2.940170940170958,26.16443640645823,0.35,5.0,0.05,
7.762947800998518,REOPEN,0.0,0.0,24327.484913249,26.19592584115358,2.940170940170958,26.167219636454796,0.35,5.0,0.05,
7.764246938000724,REOPEN,0.0,0.0,24327.484913249,26.203250171663996,2.393162393162413,26.169604904457195,0.35,5.0,0.05,
7.765466059998289,REOPEN,0.0,0.0,24327.484913249,26.203250171663996,2.393162393162413,26.17223634646009,0.35,5.0,0.05,
7.766973759000393,REOPEN,0.0,0.0,24327.484913249,26.218814373998626,1.9829059829060043,26.174628484458047,0.35,5.0,0.05,
7.768230173998745,REOPEN,0.0,0.0,24327.496291522,26.218814373998626,1.9829059829060043,26.177766458461086,0.35,5.0,0.05,
7.7694545759986795,REOPEN,0.0,0.0,24327.496291522,26.218814373998626,1.9829059829060043,26.18022669845461,0.35,5.0,0.05,
7.7707991619972745,REOPEN,0.0,0.0,24327.496291522,26.227969787136644,1.5726495726495955,26.182604220457982,0.35,5.0,0.05,
7.772005069997249,REOPEN,0.0,0.0,24327.496291522,26.227969787136644,1.5726495726495955,26.18530468045585,0.35,5.0,0.05,
7.773397393997584,REOPEN,0.0,0.0,24327.496291522,26.235294117647058,1.0256410256410504,26.187731574459143,0.35,5.0,0.05,
7.774592707999545,REOPEN,0.0,0.0,24327.496291522,26.235294117647058,1.0256410256410504,26.19049987045812,0.35,5.0,0.05,
7.775803710999753,REOPEN,0.0,0.0,24327.496291522,26.235294117647058,1.0256410256410504,26.192895978458658,0.35,5.0,0.05,
7.777589345998422,REOPEN,0.0,0.0,24327.496291522,26.25085831998169,0.7521367521367779,26.19536763645967,0.35,5.0,0.05,
7.779761719997623,REOPEN,0.0,0.0,24327.50690454,26.25085831998169,0.7521367521367779,26.20045179446108,0.35,5.0,0.05,
7.781456153999898,REOPEN,0.0,0.0,24327.50690454,26.2563515678645,0.3418803418803691,26.20343129645564,0.35,5.0,0.05,
7.782856284997251,REOPEN,0.0,0.0,24327.50690454,26.2563515678645,0.3418803418803691,26.206754386456417,0.35,5.0,0.05,
7.784598776997882,REOPEN,0.0,0.0,24327.50690454,26.264591439688715,0.3418803418803691,26.209723668459013,0.35,5.0,0.05,
7.786087344000407,REOPEN,0.0,0.0,24327.50690454,26.264591439688715,0.3418803418803691,26.213062530458522,0.35,5.0,0.05,
7.78788675299802,REOPEN,0.0,0.0,24327.50690454,26.27283131151293,0.3418803418803691,26.216276966459667,0.35,5.0,0.05,
7.789527885997813,REOPEN,0.0,0.0,24327.517928833,26.27283131151293,0.3418803418803691,26.220165862456746,0.35,5.0,0.05,
7.790884056998038,REOPEN,0.0,0.0,24327.517928833,26.27283131151293,0.3418803418803691,26.22297400045729,0.35,5.0,0.05,
7.792731776997243,REOPEN,0.0,0.0,24327.517928833,26.283817807278552,0.06837606837609655,26.2257996464564,0.35,5.0,0.05,
7.794145037998533,REOPEN,0.0,0.0,24327.517928833,26.283817807278552,0.06837606837609655,26.229337064457035,0.35,5.0,0.05,
7.795610672998009,REOPEN,0.0,0.0,24327.517928833,26.295719844357976,0.06837606837609655,26.232111524458126,0.35,5.0,0.05,
7.796890908997739,REOPEN,0.0,0.0,24327.517928833,26.295719844357976,0.06837606837609655,26.234948942454615,0.35,5.0,0.05,
7.798203955997451,REOPEN,0.0,0.0,24327.517928833,26.295719844357976,0.06837606837609655,26.2375936664562,0.35,5.0,0.05,
7.800223569000082,REOPEN,0.0,0.0,24327.517928833,26.305790798809795,-0.7521367521367779,26.240238286455245,0.35,5.0,0.05,
7.801484856998286,REOPEN,0.0,0.0,24327.528837823,26.305790798809795,-0.7521367521367779,26.244297080457294,0.35,5.0,0.05,
7.802781051999773,REOPEN,0.0,0.0,24327.528837823,26.319523918516822,-0.7521367521367779,26.24664334045749,0.35,5.0,0.05,
7.803982877998351,REOPEN,0.0,0.0,24327.528837823,26.319523918516822,-0.7521367521367779,26.249275934455476,0.35,5.0,0.05,
7.805177573998662,REOPEN,0.0,0.0,24327.528837823,26.319523918516822,-0.7521367521367779,26.251687662459993,0.35,5.0,0.05,
7.806571704997623,REOPEN,0.0,0.0,24327.528837823,26.33417257953765,-1.5726495726495955,26.254072940459558,0.35,5.0,0.05,
7.807757130998652,REOPEN,0.0,0.0,24327.528837823,26.33417257953765,-1.5726495726495955,26.256852690460185,0.35,5.0,0.05,
7.809135671999684,REOPEN,0.0,0.0,24327.528837823,26.341496910048065,-2.1196581196581405,26.259203258460296,0.35,5.0,0.05,
7.810462837998784,REOPEN,0.0,0.0,24327.528837823,26.341496910048065,-2.1196581196581405,26.262036832459238,0.35,5.0,0.05,
7.811705027997959,REOPEN,0.0,0.0,24327.539838426,26.341496910048065,-2.1196581196581405,26.264677574460187,0.35,5.0,0.05,
7.813102937998337,REOPEN,0.0,0.0,24327.539838426,26.34882124055848,-2.1196581196581405,26.267123860454852,0.35,5.0,0.05,
7.8143926249977085,REOPEN,0.0,0.0,24327.539838426,26.34882124055848,-2.1196581196581405,26.269984558459804,0.35,5.0,0.05,
7.8157757070002845,REOPEN,0.0,0.0,24327.539838426,26.353398947127488,-1.846153846153868,26.272508538454098,0.35,5.0,0.05,
7.817202456000814,REOPEN,0.0,0.0,24327.539838426,26.353398947127488,-1.846153846153868,26.275505938460377,0.35,5.0,0.05,
7.818649929999083,REOPEN,0.0,0.0,24327.539838426,26.353398947127488,-1.846153846153868,26.278344514454623,0.35,5.0,0.05,
7.820113677000336,REOPEN,0.0,0.0,24327.539838426,26.360723277637902,-1.5726495726495955,26.281093888459985,0.35,5.0,0.05,
7.821329793998302,REOPEN,0.0,0.0,24327.539838426,26.360723277637902,-1.5726495726495955,26.283951808460664,0.35,5.0,0.05,
7.822795719999704,REOPEN,0.0,0.0,24327.550755695,26.36530098420691,-1.5726495726495955,26.28645443245707,0.35,5.0,0.05,
7.824189835999277,REOPEN,0.0,0.0,24327.550755695,26.36530098420691,-1.5726495726495955,26.28956169845562,0.35,5.0,0.05,
7.825697291998949,REOPEN,0.0,0.0,24327.550755695,26.363469901579307,-1.4358974358974592,26.292202670456867,0.35,5.0,0.05,
7.826919243998418,REOPEN,0.0,0.0,24327.550755695,26.363469901579307,-1.4358974358974592,26.295131664456243,0.35,5.0,0.05,
7.828118720997736,REOPEN,0.0,0.0,24327.550755695,26.363469901579307,-1.4358974358974592,26.297563120455855,0.35,5.0,0.05,
7.829491699998471,REOPEN,0.0,0.0,24327.550755695,26.36530098420691,-0.3418803418803691,26.29994831445449,0.35,5.0,0.05,
7.830685200999142,REOPEN,0.0,0.0,24327.550755695,26.36530098420691,-0.3418803418803691,26.302711964456215,0.35,5.0,0.05,
7.832119809998403,REOPEN,0.0,0.0,24327.550755695,26.368963149462118,0.20512820512823282,26.305093426456118,0.35,5.0,0.05,
7.833402855998429,REOPEN,0.0,0.0,24327.561833147,26.368963149462118,0.20512820512823282,26.30809116646062,0.35,5.0,0.05,
7.834589211997809,REOPEN,0.0,0.0,24327.561833147,26.368963149462118,0.20512820512823282,26.31050436445596,0.35,5.0,0.05,
7.835986616999435,REOPEN,0.0,0.0,24327.561833147,26.368963149462118,0.20512820512823282,26.312867810457213,0.35,5.0,0.05,
7.83718626100017,REOPEN,0.0,0.0,24327.561833147,26.368963149462118,0.20512820512823282,26.315709532459117,0.35,5.0,0.05,
7.838601019997441,REOPEN,0.0,0.0,24327.561833147,26.36987869077592,0.6153846153846416,26.318133432456783,0.35,5.0,0.05,
7.83983309299947,REOPEN,0.0,0.0,24327.561833147,26.36987869077592,0.6153846153846416,26.320960948457035,0.35,5.0,0.05,
7.8410876559973985,REOPEN,0.0,0.0,24327.561833147,26.36987869077592,0.6153846153846416,26.323375674454404,0.35,5.0,0.05,
7.8425249360007,REOPEN,0.0,0.0,24327.561833147,26.373540856031127,1.5726495726495955,26.32591446845847,0.35,5.0,0.05,
7.843811355000071,REOPEN,0.0,0.0,24327.561833147,26.373540856031127,1.5726495726495955,26.328770294460377,0.35,5.0,0.05,
7.84518299499905,REOPEN,0.0,0.0,24327.572954996,26.376287479972532,1.5726495726495955,26.33136460045582,0.35,5.0,0.05,
7.84640376599782,REOPEN,0.0,0.0,24327.572954996,26.376287479972532,1.5726495726495955,26.334100932459954,0.35,5.0,0.05,
7.847564915999101,REOPEN,0.0,0.0,24327.572954996,26.376287479972532,1.5726495726495955,26.336487596456685,0.35,5.0,0.05,
7.84892489199774,REOPEN,0.0,0.0,24327.572954996,26.382696269169145,1.5726495726495955,26.338811208459923,0.35,5.0,0.05,
7.850107102000038,REOPEN,0.0,0.0,24327.572954996,26.382696269169145,1.5726495726495955,26.341557900459996,0.35,5.0,0.05,
7.851391935997526,REOPEN,0.0,0.0,24327.572954996,26.389105058365757,1.846153846153868,26.343890154460063,0.35,5.0,0.05,
7.85269504399912,REOPEN,0.0,0.0,24327.572954996,26.389105058365757,1.846153846153868,26.346419102456387,0.35,5.0,0.05,
7.854095365997637,REOPEN,0.0,0.0,24327.572954996,26.389105058365757,1.846153846153868,26.349270992456262,0.35,5.0,0.05,
7.8558864160004305,REOPEN,0.0,0.0,24327.583837478,26.398260471503775,1.5726495726495955,26.352029794458325,0.35,5.0,0.05,
7.857323034997535,REOPEN,0.0,0.0,24327.583837478,26.398260471503775,1.5726495726495955,26.355655248461083,0.35,5.0,0.05,
7.85893138100073,REOPEN,0.0,0.0,24327.583837478,26.40009155413138,1.299145299145323,26.358492656460406,0.35,5.0,0.05,
7.860315227997489,REOPEN,0.0,0.0,24327.583837478,26.40009155413138,1.299145299145323,26.361681354459982,0.35,5.0,0.05,
7.861660555998242,REOPEN,0.0,0.0,24327.583837478,26.40009155413138,1.299145299145323,26.364478818456085,0.35,5.0,0.05,
7.863377175999631,REOPEN,0.0,0.0,24327.583837478,26.401922636758982,2.393162393162413,26.367139866454202,0.35,5.0,0.05,
7.8646459550000145,REOPEN,0.0,0.0,24327.583837478,26.401922636758982,2.393162393162413,26.370518016456593,0.35,5.0,0.05,
7.866412285999104,REOPEN,0.0,0.0,24327.594659654,26.403753719386586,2.940170940170958,26.37356545245941,0.35,5.0,0.05,
7.867749929999263,REOPEN,0.0,0.0,24327.594659654,26.403753719386586,2.940170940170958,26.376572000454438,0.35,5.0,0.05,
7.86929881299875,REOPEN,0.0,0.0,24327.594659654,26.40650034332799,3.2136752136752307,26.37924862245793,0.35,5.0,0.05,
7.87055780800074,REOPEN,0.0,0.0,24327.594659654,26.40650034332799,3.2136752136752307,26.382375866460755,0.35,5.0,0.05,
7.871783023998432,REOPEN,0.0,0.0,24327.594659654,26.40650034332799,3.2136752136752307,26.384840836459738,0.35,5.0,0.05,
7.873210375000781,REOPEN,0.0,0.0,24327.594659654,26.408331425955595,3.7606837606837757,26.387329784457073,0.35,5.0,0.05,
7.874472183000762,REOPEN,0.0,0.0,24327.594659654,26.408331425955595,3.7606837606837757,26.390229404455134,0.35,5.0,0.05,
7.87584570999752,REOPEN,0.0,0.0,24327.594659654,26.413824673838405,4.1709401709401845,26.392660066458596,0.35,5.0,0.05,
7.877306064998265,REOPEN,0.0,0.0,24327.605771895,26.413824673838405,4.1709401709401845,26.395817240455038,0.35,5.0,0.05,
7.878603215998737,REOPEN,0.0,0.0,24327.605771895,26.413824673838405,4.1709401709401845,26.39839432645615,0.35,5.0,0.05,
7.880060150997451,REOPEN,0.0,0.0,24327.605771895,26.42206454566262,3.7606837606837757,26.40094223645658,0.35,5.0,0.05,
7.88141406199793,REOPEN,0.0,0.0,24327.605771895,26.42206454566262,3.7606837606837757,26.403942040461082,0.35,5.0,0.05,
7.883014144998015,REOPEN,0.0,0.0,24327.605771895,26.42664225223163,3.6239316239316395,26.406619304458694,0.35,5.0,0.05,
7.8843481250005425,REOPEN,0.0,0.0,24327.605771895,26.42664225223163,3.6239316239316395,26.409845068456455,0.35,5.0,0.05,
7.885667189999367,REOPEN,0.0,0.0,24327.605771895,26.42664225223163,3.6239316239316395,26.41246860245385,0.35,5.0,0.05,
7.887368371000775,REOPEN,0.0,0.0,24327.605771895,26.44129091325246,4.034188034188048,26.415124678455435,0.35,5.0,0.05,
7.888776022999082,REOPEN,0.0,0.0,24327.616794346,26.44129091325246,4.034188034188048,26.41862992045437,0.35,5.0,0.05,
7.890432678999787,REOPEN,0.0,0.0,24327.616794346,26.449530785076675,3.350427350427367,26.421439468455468,0.35,5.0,0.05,
7.8918443209986435,REOPEN,0.0,0.0,24327.616794346,26.449530785076675,3.350427350427367,26.424701414458944,0.35,5.0,0.05,
7.893363847997534,REOPEN,0.0,0.0,24327.616794346,26.449530785076675,3.350427350427367,26.42775026845859,0.35,5.0,0.05,
7.895075584998267,REOPEN,0.0,0.0,24327.616794346,26.455024032959486,2.940170940170958,26.430558320457315,0.35,5.0,0.05,
7.896871155000554,REOPEN,0.0,0.0,24327.616794346,26.455024032959486,2.940170940170958,26.43440488045828,0.35,5.0,0.05,
7.898654647000512,REOPEN,0.0,0.0,24327.616794346,26.466010528725107,3.6239316239316395,26.43795259046103,0.35,5.0,0.05,
7.8999276559989084,REOPEN,0.0,0.0,24327.628257117,26.466010528725107,3.6239316239316395,26.441088102454636,0.35,5.0,0.05,
7.9011335389986925,REOPEN,0.0,0.0,24327.628257117,26.466010528725107,3.6239316239316395,26.44359271446094,0.35,5.0,0.05,
7.902670569998008,REOPEN,0.0,0.0,24327.628257117,26.47699702449073,2.393162393162413,26.44598695045945,0.35,5.0,0.05,
7.9039391269980115,REOPEN,0.0,0.0,24327.628257117,26.47699702449073,2.393162393162413,26.449143050459064,0.35,5.0,0.05,
7.905305709999084,REOPEN,0.0,0.0,24327.628257117,26.47791256580453,2.940170940170958,26.451596088455084,0.35,5.0,0.05,
7.906532322998828,REOPEN,0.0,0.0,24327.628257117,26.47791256580453,2.940170940170958,26.45436323045808,0.35,5.0,0.05,
7.9077838949997385,REOPEN,0.0,0.0,24327.628257117,26.47791256580453,2.940170940170958,26.456778554459127,0.35,5.0,0.05,
7.909175053999206,REOPEN,0.0,0.0,24327.628257117,26.48340581368734,3.897435897435912,26.459284134458834,0.35,5.0,0.05,
7.910447199999908,REOPEN,0.0,0.0,24327.638809956,26.48340581368734,3.897435897435912,26.46221082245986,0.35,5.0,0.05,
7.911822574998951,REOPEN,0.0,0.0,24327.638809956,26.486152437628746,3.6239316239316395,26.464601810456337,0.35,5.0,0.05,
7.91302870599975,REOPEN,0.0,0.0,24327.638809956,26.486152437628746,3.6239316239316395,26.4673802464554,0.35,5.0,0.05,
7.9143546459999925,REOPEN,0.0,0.0,24327.638809956,26.48889906157015,3.897435897435912,26.46974648245898,0.35,5.0,0.05,
7.915625251000165,REOPEN,0.0,0.0,24327.638809956,26.48889906157015,3.897435897435912,26.4724157864571,0.35,5.0,0.05,
7.916859018998366,REOPEN,0.0,0.0,24327.638809956,26.48889906157015,3.897435897435912,26.475004622460368,0.35,5.0,0.05,
7.918325195998477,REOPEN,0.0,0.0,24327.638809956,26.49347676813916,4.307692307692321,26.47744535246104,0.35,5.0,0.05,
7.919569694000529,REOPEN,0.0,0.0,24327.638809956,26.49347676813916,4.307692307692321,26.480406378456358,0.35,5.0,0.05,
7.920935172998725,REOPEN,0.0,0.0,24327.638809956,26.49805447470817,4.444444444444457,26.482884672458134,0.35,5.0,0.05,
7.922156585998891,REOPEN,0.0,0.0,24327.650032086,26.49805447470817,4.444444444444457,26.485605546457485,0.35,5.0,0.05,
7.923352090998378,REOPEN,0.0,0.0,24327.650032086,26.49805447470817,4.444444444444457,26.4880292724579,0.35,5.0,0.05,
7.924700789000781,REOPEN,0.0,0.0,24327.650032086,26.504463263904782,4.307692307692321,26.49038298845928,0.35,5.0,0.05,
7.925891186998342,REOPEN,0.0,0.0,24327.650032086,26.504463263904782,4.307692307692321,26.49310902646041,0.35,5.0,0.05,
7.927180774997396,REOPEN,0.0,0.0,24327.650032086,26.50904097047379,4.581196581196593,26.49547839845993,0.35,5.0,0.05,
7.928364735998912,REOPEN,0.0,0.0,24327.650032086,26.50904097047379,4.581196581196593,26.498061068460196,0.35,5.0,0.05,
7.929511442998773,REOPEN,0.0,0.0,24327.650032086,26.50904097047379,4.581196581196593,26.50039821245675,0.35,5.0,0.05,
7.930842716999905,REOPEN,0.0,0.0,24327.650032086,26.516365300984205,4.581196581196593,26.502717330457493,0.35,5.0,0.05,
7.93229687100029,REOPEN,0.0,0.0,24327.660846574,26.516365300984205,4.581196581196593,26.505944090453816,0.35,5.0,0.05,
7.933650729999499,REOPEN,0.0,0.0,24327.660846574,26.517280842298007,4.581196581196593,26.508221074460856,0.35,5.0,0.05,
7.934849568999198,REOPEN,0.0,0.0,24327.660846574,26.517280842298007,4.581196581196593,26.51103395245675,0.35,5.0,0.05,
7.936031851000735,REOPEN,0.0,0.0,24327.660846574,26.517280842298007,4.581196581196593,26.513398948455254,0.35,5.0,0.05,
7.937566150998464,REOPEN,0.0,0.0,24327.660846574,26.51819638361181,5.401709401709411,26.515946844456742,0.35,5.0,0.05,
7.938840197999525,REOPEN,0.0,0.0,24327.660846574,26.51819638361181,5.401709401709411,26.5188845564576,0.35,5.0,0.05,
7.940368665000278,REOPEN,0.0,0.0,24327.660846574,26.520027466239412,5.81196581196582,26.52148749646087,0.35,5.0,0.05,
7.941772588997992,REOPEN,0.0,0.0,24327.660846574,26.520027466239412,5.81196581196582,26.524551064454975,0.35,5.0,0.05,
7.943325238000398,REOPEN,0.0,0.0,24327.671748171,26.520027466239412,5.81196581196582,26.52784979845685,0.35,5.0,0.05,
7.944929732999299,REOPEN,0.0,0.0,24327.671748171,26.522774090180818,6.085470085470092,26.530433968453984,0.35,5.0,0.05,
7.946330782997393,REOPEN,0.0,0.0,24327.671748171,26.522774090180818,6.085470085470092,26.533843914456632,0.35,5.0,0.05,
7.9478349719975085,REOPEN,0.0,0.0,24327.671748171,26.526436255436025,6.495726495726501,26.536500420460037,0.35,5.0,0.05,
7.949225510998076,REOPEN,0.0,0.0,24327.671748171,26.526436255436025,6.495726495726501,26.539642502454193,0.35,5.0,0.05,
7.950472088999959,REOPEN,0.0,0.0,24327.671748171,26.526436255436025,6.495726495726501,26.54225586846089,0.35,5.0,0.05,
7.951968790999672,REOPEN,0.0,0.0,24327.671748171,26.53376058594644,6.495726495726501,26.54466790845847,0.35,5.0,0.05,
7.953395995999017,REOPEN,0.0,0.0,24327.671748171,26.53376058594644,6.495726495726501,26.54795853245971,0.35,5.0,0.05,
7.9549429879989475,REOPEN,0.0,0.0,24327.682891068,26.54383154039826,6.495726495726501,26.550621168457404,0.35,5.0,0.05,
7.956382581000071,REOPEN,0.0,0.0,24327.682891068,26.54383154039826,6.495726495726501,26.55385357645948,0.35,5.0,0.05,
7.958026579999569,REOPEN,0.0,0.0,24327.682891068,26.556649118791483,5.6752136752136835,26.556565048459127,0.35,5.0,0.05,
7.9594362399984675,REOPEN,0.0,0.0,24327.682891068,26.556649118791483,5.6752136752136835,26.560041508457765,0.35,5.0,0.05,
7.960784503997274,REOPEN,0.0,0.0,24327.682891068,26.556649118791483,5.6752136752136835,26.56263940445435,0.35,5.0,0.05,
7.96228524199978,REOPEN,0.0,0.0,24327.682891068,26.571297779812312,5.264957264957275,26.56539835445667,0.35,5.0,0.05,
7.963635649997741,REOPEN,0.0,0.0,24327.682891068,26.571297779812312,5.264957264957275,26.568477078459658,0.35,5.0,0.05,
7.965549230997567,REOPEN,0.0,0.0,24327.693775334,26.58503089951934,4.581196581196593,26.572005746459148,0.35,5.0,0.05,
7.9668956069981505,REOPEN,0.0,0.0,24327.693775334,26.58503089951934,4.581196581196593,26.5748584684575,0.35,5.0,0.05,
7.968271731999266,REOPEN,0.0,0.0,24327.693775334,26.58503089951934,4.581196581196593,26.57777957446026,0.35,5.0,0.05,
7.969830183999875,REOPEN,0.0,0.0,24327.693775334,26.6161593041886,2.5299145299145493,26.580436910453976,0.35,5.0,0.05,
7.9711209149973,REOPEN,0.0,0.0,24327.693775334,26.6161593041886,2.5299145299145493,26.583425972460212,0.35,5.0,0.05,
7.9728164929983905,REOPEN,0.0,0.0,24327.693775334,26.63630121309224,1.0256410256410504,26.586262194456616,0.35,5.0,0.05,
7.97423079699729,REOPEN,0.0,0.0,24327.693775334,26.63630121309224,1.0256410256410504,26.58962630045655,0.35,5.0,0.05,
7.975711629998841,REOPEN,0.0,0.0,24327.693775334,26.63630121309224,1.0256410256410504,26.59252272045935,0.35,5.0,0.05,
7.977433943997312,REOPEN,0.0,0.0,24327.704953421,26.666514076447697,-0.7521367521367779,26.59551641045484,0.35,5.0,0.05,
7.978725557997677,REOPEN,0.0,0.0,24327.704953421,26.666514076447697,-0.7521367521367779,26.598649306457922,0.35,5.0,0.05,
7.980170030998124,REOPEN,0.0,0.0,24327.704953421,26.68299382009613,-1.9829059829060043,26.60127499445891,0.35,5.0,0.05,
7.98145833399758,REOPEN,0.0,0.0,24327.704953421,26.68299382009613,-1.9829059829060043,26.604116320459546,0.35,5.0,0.05,
7.982824224000069,REOPEN,0.0,0.0,24327.704953421,26.68299382009613,-1.9829059829060043,26.606671904456128,0.35,5.0,0.05,
7.984455354999227,REOPEN,0.0,0.0,24327.704953421,26.697642481116958,-2.803418803418822,26.609623308455888,0.35,5.0,0.05,
7.98582965300011,REOPEN,0.0,0.0,24327.704953421,26.697642481116958,-2.803418803418822,26.61279140045601,0.35,5.0,0.05,
7.987696480999148,REOPEN,0.0,0.0,24327.715888716,26.70405127031357,-2.803418803418822,26.616143418456453,0.35,5.0,0.05,
7.98904421199768,REOPEN,0.0,0.0,24327.715888716,26.70405127031357,-2.803418803418822,26.619247752455088,0.35,5.0,0.05,
7.990389337999659,REOPEN,0.0,0.0,24327.715888716,26.70405127031357,-2.803418803418822,26.621853406456033,0.35,5.0,0.05,
7.991918801999418,REOPEN,0.0,0.0,24327.715888716,26.711375600823985,-2.6666666666666856,26.624550434457454,0.35,5.0,0.05,
7.993307969998568,REOPEN,0.0,0.0,24327.715888716,26.711375600823985,-2.6666666666666856,26.627786330459024,0.35,5.0,0.05,
7.994823426997755,REOPEN,0.0,0.0,24327.715888716,26.71412222476539,-2.5299145299145493,26.63043700645587,0.35,5.0,0.05,
7.996305369997572,REOPEN,0.0,0.0,24327.715888716,26.71412222476539,-2.5299145299145493,26.633654036459596,0.35,5.0,0.05,
7.997718995000469,REOPEN,0.0,0.0,24327.715888716,26.71412222476539,-2.5299145299145493,26.636465564459762,0.35,5.0,0.05,
7.99951050099844,REOPEN,0.0,0.0,24327.727066255,26.7196154726482,-1.9829059829060043,26.639395888460534,0.35,5.0,0.05,
8.00091577099738,REOPEN,0.0,0.0,24327.727066255,26.7196154726482,-1.9829059829060043,26.642858668458324,0.35,5.0,0.05,
8.002562128000136,REOPEN,0.0,0.0,24327.727066255,26.72510872053101,-1.846153846153868,26.64583966845614,0.35,5.0,0.05,
8.00385219799864,REOPEN,0.0,0.0,24327.727066255,26.72510872053101,-1.846153846153868,26.648892702457054,0.35,5.0,0.05,
8.005324098998244,REOPEN,0.0,0.0,24327.727066255,26.73426413366903,-1.9829059829060043,26.651451068459686,0.35,5.0,0.05,
8.006745651997335,REOPEN,0.0,0.0,24327.727066255,26.73426413366903,-1.9829059829060043,26.654475356454462,0.35,5.0,0.05,
8.008066898000834,REOPEN,0.0,0.0,24327.727066255,26.73426413366903,-1.9829059829060043,26.657269442456275,0.35,5.0,0.05,
8.009541481998895,REOPEN,0.0,0.0,24327.737880426,26.73975738155184,-1.7094017094017318,26.66008433846084,0.35,5.0,0.05,
8.01078091099771,REOPEN,0.0,0.0,24327.737880426,26.73975738155184,-1.7094017094017318,26.66278418245431,0.35,5.0,0.05,
8.012104643999919,REOPEN,0.0,0.0,24327.737880426,26.741588464179443,-1.5726495726495955,26.66527552445998,0.35,5.0,0.05,
8.013297367000632,REOPEN,0.0,0.0,24327.737880426,26.741588464179443,-1.5726495726495955,26.66789202645534,0.35,5.0,0.05,
8.014673564997793,REOPEN,0.0,0.0,24327.737880426,26.741588464179443,-1.5726495726495955,26.670451724460257,0.35,5.0,0.05,
8.016186082000786,REOPEN,0.0,0.0,24327.737880426,26.742504005493245,-1.1623931623931867,26.67317989046071,0.35,5.0,0.05,
8.017481307997514,REOPEN,0.0,0.0,24327.737880426,26.742504005493245,-1.1623931623931867,26.67612473845886,0.35,5.0,0.05,
8.018919198999356,REOPEN,0.0,0.0,24327.737880426,26.743419546807047,-0.47863247863250535,26.67871623045587,0.35,5.0,0.05,
8.020415883998794,REOPEN,0.0,0.0,24327.74892523,26.743419546807047,-0.47863247863250535,26.682116242455344,0.35,5.0,0.05,
8.021792248997372,REOPEN,0.0,0.0,24327.74892523,26.743419546807047,-0.47863247863250535,26.684561840457285,0.35,5.0,0.05,
8.02346224899884,REOPEN,0.0,0.0,24327.74892523,26.746166170748452,-0.06837606837609655,26.687457158458095,0.35,5.0,0.05,
8.024781175998214,REOPEN,0.0,0.0,24327.74892523,26.746166170748452,-0.06837606837609655,26.690743130459417,0.35,5.0,0.05,
8.026267097000527,REOPEN,0.0,0.0,24327.74892523,26.747997253376056,0.6153846153846416,26.693384756460112,0.35,5.0,0.05,
8.027670431998558,REOPEN,0.0,0.0,24327.74892523,26.747997253376056,0.6153846153846416,26.696461860456587,0.35,5.0,0.05,
8.02901893300077,REOPEN,0.0,0.0,24327.74892523,26.747997253376056,0.6153846153846416,26.699222232457508,0.35,5.0,0.05,
8.030615461000707,REOPEN,0.0,0.0,24327.74892523,26.753490501258867,0.8888888888889142,26.702024656459365,0.35,5.0,0.05,
8.031916705000185,REOPEN,0.0,0.0,24327.760204235,26.753490501258867,0.8888888888889142,26.70497535045663,0.35,5.0,0.05,
8.03351732399824,REOPEN,0.0,0.0,24327.760204235,26.75989929045548,0.8888888888889142,26.707816280455994,0.35,5.0,0.05,
8.034997610000573,REOPEN,0.0,0.0,24327.760204235,26.75989929045548,0.8888888888889142,26.711045604456125,0.35,5.0,0.05,
8.03655751000042,REOPEN,0.0,0.0,24327.760204235,26.75989929045548,0.8888888888889142,26.714030192454196,0.35,5.0,0.05,
8.038231290000112,REOPEN,0.0,0.0,24327.760204235,26.768139162279695,0.7521367521367779,26.71696269845645,0.35,5.0,0.05,
8.039650136997807,REOPEN,0.0,0.0,24327.760204235,26.768139162279695,0.7521367521367779,26.720462520456316,0.35,5.0,0.05,
8.041270776997408,REOPEN,0.0,0.0,24327.760204235,26.771801327534902,1.0256410256410504,26.723138396455873,0.35,5.0,0.05,
8.042630662999727,REOPEN,0.0,0.0,24327.770943469,26.771801327534902,1.0256410256410504,26.72643519645728,0.35,5.0,0.05,
8.043987092998577,REOPEN,0.0,0.0,24327.770943469,26.771801327534902,1.0256410256410504,26.729059722458736,0.35,5.0,0.05,
8.045708439000009,REOPEN,0.0,0.0,24327.770943469,26.77546349279011,1.5726495726495955,26.732123728458212,0.35,5.0,0.05,
8.047057035997568,REOPEN,0.0,0.0,24327.770943469,26.77546349279011,1.5726495726495955,26.735243658457442,0.35,5.0,0.05,
8.048673588000383,REOPEN,0.0,0.0,24327.770943469,26.77637903410391,1.9829059829060043,26.738080684454438,0.35,5.0,0.05,
8.049980105999566,REOPEN,0.0,0.0,24327.770943469,26.77637903410391,1.9829059829060043,26.741123906455435,0.35,5.0,0.05,
8.05156622999857,REOPEN,0.0,0.0,24327.770943469,26.77637903410391,2.803418803418822,26.743848846456352,0.35,5.0,0.05,
8.05295605900028,REOPEN,0.0,0.0,24327.770943469,26.77637903410391,2.803418803418822,26.74690481445807,0.35,5.0,0.05,
8.054883033997612,REOPEN,0.0,0.0,24327.782110699,26.77637903410391,2.803418803418822,26.750877224456893,0.35,5.0,0.05,
8.056543332997535,REOPEN,0.0,0.0,24327.782110699,26.778210116731515,3.2136752136752307,26.753748002457108,0.35,5.0,0.05,
8.057980444998975,REOPEN,0.0,0.0,24327.782110699,26.778210116731515,3.2136752136752307,26.75692028245478,0.35,5.0,0.05,
8.059736393999628,REOPEN,0.0,0.0,24327.782110699,26.78004119935912,3.6239316239316395,26.760012688459504,0.35,5.0,0.05,
8.061121466998884,REOPEN,0.0,0.0,24327.782110699,26.78004119935912,3.6239316239316395,26.763370820454405,0.35,5.0,0.05,
8.062696869998035,REOPEN,0.0,0.0,24327.782110699,26.781872281986722,4.1709401709401845,26.76602262845929,0.35,5.0,0.05,
8.064428009998664,REOPEN,0.0,0.0,24327.782110699,26.781872281986722,4.1709401709401845,26.769197116455437,0.35,5.0,0.05,
8.065839645998494,REOPEN,0.0,0.0,24327.792969632,26.781872281986722,4.1709401709401845,26.77271741645611,0.35,5.0,0.05,
8.067719425998803,REOPEN,0.0,0.0,24327.792969632,26.78644998855573,4.581196581196593,26.775469716458723,0.35,5.0,0.05,
8.069104119000258,REOPEN,0.0,0.0,24327.792969632,26.78644998855573,4.581196581196593,26.77930135646104,0.35,5.0,0.05,
8.070864338998945,REOPEN,0.0,0.0,24327.792969632,26.79194323643854,4.71794871794873,26.782154902454316,0.35,5.0,0.05,
8.072359786998277,REOPEN,0.0,0.0,24327.792969632,26.79194323643854,4.71794871794873,26.785604866456673,0.35,5.0,0.05,
8.07372924000083,REOPEN,0.0,0.0,24327.792969632,26.79194323643854,4.71794871794873,26.78858915045796,0.35,5.0,0.05,
8.076472949000163,REOPEN,0.0,0.0,24327.792969632,26.800183108262758,4.854700854700866,26.79125015445836,0.35,5.0,0.05,
8.07784184099728,REOPEN,0.0,0.0,24327.805031195,26.800183108262758,4.854700854700866,26.796764720459144,0.35,5.0,0.05,
8.079461864999757,REOPEN,0.0,0.0,24327.805031195,26.809338521400775,4.71794871794873,26.79947396045693,0.35,5.0,0.05,
8.080906344999676,REOPEN,0.0,0.0,24327.805031195,26.809338521400775,4.71794871794873,26.802896974457802,0.35,5.0,0.05,
8.082415957000194,REOPEN,0.0,0.0,24327.805031195,26.814831769283586,4.307692307692321,26.80567591046067,0.35,5.0,0.05,
8.08361590200002,REOPEN,0.0,0.0,24327.805031195,26.814831769283586,4.307692307692321,26.80855392645983,0.35,5.0,0.05,
8.085000614999444,REOPEN,0.0,0.0,24327.805031195,26.81666285191119,4.854700854700866,26.810932134455037,0.35,5.0,0.05,
8.08648559699941,REOPEN,0.0,0.0,24327.814982799,26.81666285191119,4.854700854700866,26.814269590455773,0.35,5.0,0.05,
8.087666381998133,REOPEN,0.0,0.0,24327.814982799,26.81666285191119,4.854700854700866,26.81667373045868,0.35,5.0,0.05,
8.089051724997262,REOPEN,0.0,0.0,24327.814982799,26.8212405584802,5.538461538461547,26.81904852645905,0.35,5.0,0.05,
8.090242267000576,REOPEN,0.0,0.0,24327.814982799,26.8212405584802,5.538461538461547,26.82181571245976,0.35,5.0,0.05,
8.091580486998282,REOPEN,0.0,0.0,24327.814982799,26.824902723735406,5.538461538461547,26.82423130045438,0.35,5.0,0.05,
8.092790356000478,REOPEN,0.0,0.0,24327.814982799,26.824902723735406,5.538461538461547,26.82687962246066,0.35,5.0,0.05,
8.093970278998313,REOPEN,0.0,0.0,24327.814982799,26.824902723735406,5.538461538461547,26.82928398446031,0.35,5.0,0.05,
8.09534612599964,REOPEN,0.0,0.0,24327.814982799,26.831311512932018,5.81196581196582,26.831645616456193,0.35,5.0,0.05,
8.096556112999679,REOPEN,0.0,0.0,24327.814982799,26.831311512932018,5.81196581196582,26.83439052645783,0.35,5.0,0.05,
8.097911421999015,REOPEN,0.0,0.0,24327.826011188,26.83772030212863,5.6752136752136835,26.836863894454403,0.35,5.0,0.05,
8.099102038999263,REOPEN,0.0,0.0,24327.826011188,26.83772030212863,5.6752136752136835,26.839540516457895,0.35,5.0,0.05,
8.100287626999489,REOPEN,0.0,0.0,24327.826011188,26.83772030212863,5.6752136752136835,26.841906306459826,0.35,5.0,0.05,
8.101653664998594,REOPEN,0.0,0.0,24327.826011188,26.845960173952847,5.264957264957275,26.844240176457355,0.35,5.0,0.05,
8.10285186299734,REOPEN,0.0,0.0,24327.826011188,26.845960173952847,5.264957264957275,26.8470218724565,0.35,5.0,0.05,
8.104162921998068,REOPEN,0.0,0.0,24327.826011188,26.851453421835657,5.538461538461547,26.84941925645628,0.35,5.0,0.05,
8.10536316499929,REOPEN,0.0,0.0,24327.826011188,26.851453421835657,5.538461538461547,26.852052396456678,0.35,5.0,0.05,
8.106518096999935,REOPEN,0.0,0.0,24327.826011188,26.851453421835657,5.538461538461547,26.854398620455434,0.35,5.0,0.05,
8.10790925800029,REOPEN,0.0,0.0,24327.826011188,26.859693293659873,5.401709401709411,26.856715522454145,0.35,5.0,0.05,
8.109561307999684,REOPEN,0.0,0.0,24327.836995738,26.859693293659873,5.401709401709411,26.860435698460172,0.35,5.0,0.05,
8.110920996998175,REOPEN,0.0,0.0,24327.836995738,26.864271000228882,5.264957264957275,26.8628740104564,0.35,5.0,0.05,
8.112092851999478,REOPEN,0.0,0.0,24327.836995738,26.864271000228882,5.264957264957275,26.865538742461034,0.35,5.0,0.05,
8.113297465999494,REOPEN,0.0,0.0,24327.836995738,26.864271000228882,5.264957264957275,26.867903164459243,0.35,5.0,0.05,
8.114637926999421,REOPEN,0.0,0.0,24327.836995738,26.871595330739297,5.538461538461547,26.87024668645838,0.35,5.0,0.05,
8.11583666200022,REOPEN,0.0,0.0,24327.836995738,26.871595330739297,5.538461538461547,26.872993880455873,0.35,5.0,0.05,
8.117121287999908,REOPEN,0.0,0.0,24327.836995738,26.881666285191116,5.264957264957275,26.8753493764548,0.35,5.0,0.05,
8.11842099400019,REOPEN,0.0,0.0,24327.836995738,26.881666285191116,5.264957264957275,26.87802634245829,0.35,5.0,0.05,
8.119820629999595,REOPEN,0.0,0.0,24327.848030337,26.895399404898143,4.307692307692321,26.88061838445949,0.35,5.0,0.05,
8.12109543099723,REOPEN,0.0,0.0,24327.848030337,26.895399404898143,4.307692307692321,26.88340508245394,0.35,5.0,0.05,
8.122306234999996,REOPEN,0.0,0.0,24327.848030337,26.895399404898143,4.307692307692321,26.88593898446063,0.35,5.0,0.05,
8.123699872998259,REOPEN,0.0,0.0,24327.848030337,26.90455481803616,4.034188034188048,26.888321608460068,0.35,5.0,0.05,
8.124903976000496,REOPEN,0.0,0.0,24327.848030337,26.90455481803616,4.034188034188048,26.8911058084582,0.35,5.0,0.05,
8.126262434998353,REOPEN,0.0,0.0,24327.848030337,26.915541313801782,3.7606837606837757,26.89352088846001,0.35,5.0,0.05,
8.127463654000167,REOPEN,0.0,0.0,24327.848030337,26.915541313801782,3.7606837606837757,26.896238184456273,0.35,5.0,0.05,
8.128715134000231,REOPEN,0.0,0.0,24327.848030337,26.915541313801782,3.7606837606837757,26.89865653845711,0.35,5.0,0.05,
8.130104791998747,REOPEN,0.0,0.0,24327.848030337,26.932021057450214,2.803418803418822,26.901164690456902,0.35,5.0,0.05,
8.131427026997699,REOPEN,0.0,0.0,24327.859495153,26.932021057450214,2.803418803418822,26.904123948460004,0.35,5.0,0.05,
8.13274756499959,REOPEN,0.0,0.0,24327.859495153,26.938429846646827,2.393162393162413,26.906540636455723,0.35,5.0,0.05,
8.13403610000023,REOPEN,0.0,0.0,24327.859495153,26.938429846646827,2.393162393162413,26.909342342458807,0.35,5.0,0.05,
8.135213973000646,REOPEN,0.0,0.0,24327.859495153,26.938429846646827,2.393162393162413,26.91178331045605,0.35,5.0,0.05,
8.136615549999988,REOPEN,0.0,0.0,24327.859495153,26.95033188372625,2.256410256410277,26.91411917045709,0.35,5.0,0.05,
8.137876167998911,REOPEN,0.0,0.0,24327.859495153,26.95033188372625,2.256410256410277,26.916961464458403,0.35,5.0,0.05,
8.139224442998966,REOPEN,0.0,0.0,24327.859495153,26.959487296864268,1.9829059829060043,26.919467570458913,0.35,5.0,0.05,
8.140612744999089,REOPEN,0.0,0.0,24327.859495153,26.959487296864268,1.9829059829060043,26.92234859845714,0.35,5.0,0.05,
8.14186667299873,REOPEN,0.0,0.0,24327.870082849,26.959487296864268,1.9829059829060043,26.92501927645437,0.35,5.0,0.05,
8.143253713999002,REOPEN,0.0,0.0,24327.870082849,26.97138933394369,1.299145299145323,26.927424490454108,0.35,5.0,0.05,
8.144473155000014,REOPEN,0.0,0.0,24327.870082849,26.97138933394369,1.299145299145323,26.930245734455205,0.35,5.0,0.05,
8.145785364999028,REOPEN,0.0,0.0,24327.870082849,26.977798123140303,1.299145299145323,26.93262591446048,0.35,5.0,0.05,
8.146978707998642,REOPEN,0.0,0.0,24327.870082849,26.977798123140303,1.299145299145323,26.93528706845475,0.35,5.0,0.05,
8.148126729000069,REOPEN,0.0,0.0,24327.870082849,26.977798123140303,1.299145299145323,26.937625608460188,0.35,5.0,0.05,
8.149506079000275,REOPEN,0.0,0.0,24327.870082849,26.98695353627832,1.1623931623931867,26.939945768458095,0.35,5.0,0.05,
8.15069517399752,REOPEN,0.0,0.0,24327.870082849,26.98695353627832,1.1623931623931867,26.942700100461046,0.35,5.0,0.05,
8.152455046998512,REOPEN,0.0,0.0,24327.870082849,26.995193408102537,0.8888888888889142,26.945126590459516,0.35,5.0,0.05,
8.153770671997336,REOPEN,0.0,0.0,24327.881975871,26.995193408102537,0.8888888888889142,26.94868488045406,0.35,5.0,0.05,
8.15506355999969,REOPEN,0.0,0.0,24327.881975871,26.995193408102537,0.8888888888889142,26.9513188584556,0.35,5.0,0.05,
8.156550100000459,REOPEN,0.0,0.0,24327.881975871,27.00892652780957,0.20512820512823282,26.953879678456836,0.35,5.0,0.05,
8.15776395300054,REOPEN,0.0,0.0,24327.881975871,27.00892652780957,0.20512820512823282,26.956820866459132,0.35,5.0,0.05,
8.159123277000617,REOPEN,0.0,0.0,24327.881975871,27.015335317006183,0.06837606837609655,26.959250896458364,0.35,5.0,0.05,
8.16035927700068,REOPEN,0.0,0.0,24327.881975871,27.015335317006183,0.06837606837609655,26.961958538459406,0.35,5.0,0.05,
8.161696684997878,REOPEN,0.0,0.0,24327.881975871,27.027237354085607,0.20512820512823282,26.964439370460717,0.35,5.0,0.05,
8.162859992000449,REOPEN,0.0,0.0,24327.881975871,27.027237354085607,0.20512820512823282,26.967063270460606,0.35,5.0,0.05,
8.164063164000254,REOPEN,0.0,0.0,24327.892316022,27.027237354085607,0.20512820512823282,26.969420362455388,0.35,5.0,0.05,
8.165444186997775,REOPEN,0.0,0.0,24327.892316022,27.035477225909823,-0.20512820512823282,26.971838006461006,0.35,5.0,0.05,
8.166627045000496,REOPEN,0.0,0.0,24327.892316022,27.035477225909823,-0.20512820512823282,26.974581954457356,0.35,5.0,0.05,
8.167947261998052,REOPEN,0.0,0.0,24327.892316022,27.041886015106435,-0.6153846153846416,26.97695383445764,0.35,5.0,0.05,
8.169176665000123,REOPEN,0.0,0.0,24327.892316022,27.041886015106435,-0.6153846153846416,26.979618090454572,0.35,5.0,0.05,
8.170388684997306,REOPEN,0.0,0.0,24327.892316022,27.041886015106435,-0.6153846153846416,26.982099728457364,0.35,5.0,0.05,
8.17170654399888,REOPEN,0.0,0.0,24327.892316022,27.048294804303048,-0.47863247863250535,26.984445668460943,0.35,5.0,0.05,
8.172864010997728,REOPEN,0.0,0.0,24327.892316022,27.048294804303048,-0.47863247863250535,26.987089508455504,0.35,5.0,0.05,
8.174922799000342,REOPEN,0.0,0.0,24327.892316022,27.052872510872056,-0.3418803418803691,26.989444242457942,0.35,5.0,0.05,
8.17612334200021,REOPEN,0.0,0.0,24327.903489895,27.052872510872056,-0.3418803418803691,26.993552018454032,0.35,5.0,0.05,
8.177294414999778,REOPEN,0.0,0.0,24327.903489895,27.052872510872056,-0.3418803418803691,26.995934222456093,0.35,5.0,0.05,
8.178607801997714,REOPEN,0.0,0.0,24327.903489895,27.05928130006867,-0.3418803418803691,26.9982208524548,0.35,5.0,0.05,
8.17978042699906,REOPEN,0.0,0.0,24327.903489895,27.05928130006867,-0.3418803418803691,27.00090995245639,0.35,5.0,0.05,
8.18104740799754,REOPEN,0.0,0.0,24327.903489895,27.066605630579083,-0.20512820512823282,27.00324489645802,0.35,5.0,0.05,
8.1822226209988,REOPEN,0.0,0.0,24327.903489895,27.066605630579083,-0.20512820512823282,27.00579329445693,0.35,5.0,0.05,
8.183413937000296,REOPEN,0.0,0.0,24327.903489895,27.066605630579083,-0.20512820512823282,27.0081425184567,0.35,5.0,0.05,
8.184766194997792,REOPEN,0.0,0.0,24327.903489895,27.077592126344705,-0.47863247863250535,27.01056968045534,0.35,5.0,0.05,
8.185974792999332,REOPEN,0.0,0.0,24327.914395696,27.077592126344705,-0.47863247863250535,27.013242014460523,0.35,5.0,0.05,
8.18727054899864,REOPEN,0.0,0.0,24327.914395696,27.082169832913713,-0.7521367521367779,27.01564419846047,0.35,5.0,0.05,
8.18846427599783,REOPEN,0.0,0.0,24327.914395696,27.082169832913713,-0.7521367521367779,27.018221524459044,0.35,5.0,0.05,
8.189641557997675,REOPEN,0.0,0.0,24327.914395696,27.082169832913713,-0.7521367521367779,27.020597222459877,0.35,5.0,0.05,
8.190968992999842,REOPEN,0.0,0.0,24327.914395696,27.092240787365533,-0.7521367521367779,27.022991852458766,0.35,5.0,0.05,
8.192136000998289,REOPEN,0.0,0.0,24327.914395696,27.092240787365533,-0.7521367521367779,27.025631628459927,0.35,5.0,0.05,
8.19339703699734,REOPEN,0.0,0.0,24327.914395696,27.102311741817353,-1.0256410256410504,27.027956174456016,0.35,5.0,0.05,
8.194554130997858,REOPEN,0.0,0.0,24327.914395696,27.102311741817353,-1.0256410256410504,27.030462130455383,0.35,5.0,0.05,
8.19573378199857,REOPEN,0.0,0.0,24327.914395696,27.102311741817353,-1.0256410256410504,27.032804830460485,0.35,5.0,0.05,
8.197113669000828,REOPEN,0.0,0.0,24327.925272124,27.113298237582974,-1.846153846153868,27.03517881245582,0.35,5.0,0.05,
8.198302083997987,REOPEN,0.0,0.0,24327.925272124,27.113298237582974,-1.846153846153868,27.037935396454962,0.35,5.0,0.05,
8.199577789000614,REOPEN,0.0,0.0,24327.925272124,27.12153810940719,-1.846153846153868,27.040248046456803,0.35,5.0,0.05,
8.200751685999421,REOPEN,0.0,0.0,24327.925272124,27.12153810940719,-1.846153846153868,27.042845268459608,0.35,5.0,0.05,
8.202067117999832,REOPEN,0.0,0.0,24327.925272124,27.127946898603803,-1.846153846153868,27.045195712455573,0.35,5.0,0.05,
8.203232321997348,REOPEN,0.0,0.0,24327.925272124,27.127946898603803,-1.846153846153868,27.04783081246071,0.35,5.0,0.05,
8.204453219997959,REOPEN,0.0,0.0,24327.925272124,27.127946898603803,-1.846153846153868,27.05015417245388,0.35,5.0,0.05,
8.205744901999424,REOPEN,0.0,0.0,24327.925272124,27.130693522545208,-1.846153846153868,27.05259123645603,0.35,5.0,0.05,
8.20693313099764,REOPEN,0.0,0.0,24327.925272124,27.130693522545208,-1.846153846153868,27.055168060457184,0.35,5.0,0.05,
8.208272255000338,REOPEN,0.0,0.0,24327.936360468,27.134355687800415,-1.5726495726495955,27.05758576446035,0.35,5.0,0.05,
8.209456921998935,REOPEN,0.0,0.0,24327.936360468,27.134355687800415,-1.5726495726495955,27.060206644457615,0.35,5.0,0.05,
8.210630728997785,REOPEN,0.0,0.0,24327.936360468,27.134355687800415,-1.5726495726495955,27.062603750457605,0.35,5.0,0.05,
8.212034460997529,REOPEN,0.0,0.0,24327.936360468,27.14168001831083,-1.299145299145323,27.064956606455347,0.35,5.0,0.05,
8.21324030499818,REOPEN,0.0,0.0,24327.936360468,27.14168001831083,-1.299145299145323,27.06782888045793,0.35,5.0,0.05,
8.214553095000156,REOPEN,0.0,0.0,24327.936360468,27.144426642252235,-1.299145299145323,27.07020348845483,0.35,5.0,0.05,
8.215713850997417,REOPEN,0.0,0.0,24327.936360468,27.144426642252235,-1.299145299145323,27.072774730457716,0.35,5.0,0.05,
8.216899729999568,REOPEN,0.0,0.0,24327.936360468,27.144426642252235,-1.299145299145323,27.07512033845935,0.35,5.0,0.05,
8.218605246998777,REOPEN,0.0,0.0,24327.947047887,27.145342183566036,-0.8888888888889142,27.07747133845489,0.35,5.0,0.05,
8.219777253998473,REOPEN,0.0,0.0,24327.947047887,27.145342183566036,-0.8888888888889142,27.080884000456102,0.35,5.0,0.05,
8.221048052000697,REOPEN,0.0,0.0,24327.947047887,27.145342183566036,-0.06837606837609655,27.083251992453846,0.35,5.0,0.05,
8.222215437999694,REOPEN,0.0,0.0,24327.947047887,27.145342183566036,-0.06837606837609655,27.085788222454106,0.35,5.0,0.05,
8.223387280999304,REOPEN,0.0,0.0,24327.947047887,27.145342183566036,-0.06837606837609655,27.08811496845967,0.35,5.0,0.05,
8.224770632998116,REOPEN,0.0,0.0,24327.947047887,27.14717326619364,0.3418803418803691,27.090441530456268,0.35,5.0,0.05,
8.225996781999129,REOPEN,0.0,0.0,24327.947047887,27.14717326619364,0.3418803418803691,27.093294152453858,0.35,5.0,0.05,
8.227293192998332,REOPEN,0.0,0.0,24327.947047887,27.14717326619364,0.6153846153846416,27.095711576456345,0.35,5.0,0.05,
8.228497020998475,REOPEN,0.0,0.0,24327.947047887,27.14717326619364,0.6153846153846416,27.098337944461058,0.35,5.0,0.05,
8.229673436999292,REOPEN,0.0,0.0,24327.958168285,27.14717326619364,0.6153846153846416,27.100689950459603,0.35,5.0,0.05,
8.23103027400066,REOPEN,0.0,0.0,24327.958168285,27.149004348821244,1.4358974358974592,27.10305030445536,0.35,5.0,0.05,
8.232201872997393,REOPEN,0.0,0.0,24327.958168285,27.149004348821244,1.4358974358974592,27.105762822453947,0.35,5.0,0.05,
8.233552055000473,REOPEN,0.0,0.0,24327.958168285,27.149919890135045,1.846153846153868,27.108081794455323,0.35,5.0,0.05,
8.234753798999009,REOPEN,0.0,0.0,24327.958168285,27.149919890135045,1.846153846153868,27.110812846457087,0.35,5.0,0.05,
8.235970555997483,REOPEN,0.0,0.0,24327.958168285,27.149919890135045,1.846153846153868,27.11324192845725,0.35,5.0,0.05,
8.237473368000792,REOPEN,0.0,0.0,24327.958168285,27.15175097276265,2.256410256410277,27.115648714456732,0.35,5.0,0.05,
8.238661958999728,REOPEN,0.0,0.0,24327.958168285,27.15175097276265,2.256410256410277,27.11866317245815,0.35,5.0,0.05,
8.24001205499735,REOPEN,0.0,0.0,24327.958168285,27.153582055390252,2.6666666666666856,27.12099695045847,0.35,5.0,0.05,
8.241681462997803,REOPEN,0.0,0.0,24327.969143836,27.153582055390252,2.6666666666666856,27.124668176455565,0.35,5.0,0.05,
8.243009025998617,REOPEN,0.0,0.0,24327.969143836,27.15724422064546,3.2136752136752307,27.127058412459995,0.35,5.0,0.05,
8.244202817997575,REOPEN,0.0,0.0,24327.969143836,27.15724422064546,3.2136752136752307,27.129729398455787,0.35,5.0,0.05,
8.245412397998734,REOPEN,0.0,0.0,24327.969143836,27.15724422064546,3.2136752136752307,27.13213005246009,0.35,5.0,0.05,
8.24670844099819,REOPEN,0.0,0.0,24327.969143836,27.159990844586865,3.2136752136752307,27.13451691045568,0.35,5.0,0.05,
8.247890239999833,REOPEN,0.0,0.0,24327.969143836,27.159990844586865,3.2136752136752307,27.137112916456793,0.35,5.0,0.05,
8.249179767997703,REOPEN,0.0,0.0,24327.969143836,27.164568551155874,3.487179487179503,27.13947214246084,0.35,5.0,0.05,
8.250345649998053,REOPEN,0.0,0.0,24327.969143836,27.164568551155874,3.487179487179503,27.142033764454503,0.35,5.0,0.05,
8.251560116998007,REOPEN,0.0,0.0,24327.980102407,27.164568551155874,3.487179487179503,27.144475284456824,0.35,5.0,0.05,
8.252941910999652,REOPEN,0.0,0.0,24327.980102407,27.171892881666288,3.487179487179503,27.146796420458962,0.35,5.0,0.05,
8.254150650998781,REOPEN,0.0,0.0,24327.980102407,27.171892881666288,3.487179487179503,27.14959604445405,0.35,5.0,0.05,
8.255462213997816,REOPEN,0.0,0.0,24327.980102407,27.176470588235297,3.350427350427367,27.15199805245586,0.35,5.0,0.05,
8.256647586000327,REOPEN,0.0,0.0,24327.980102407,27.176470588235297,3.350427350427367,27.154643528456766,0.35,5.0,0.05,
8.257828066998627,REOPEN,0.0,0.0,24327.980102407,27.176470588235297,3.350427350427367,27.156990226455058,0.35,5.0,0.05,
8.259186774997943,REOPEN,0.0,0.0,24327.980102407,27.185626001373315,3.487179487179503,27.15935040445995,0.35,5.0,0.05,
8.260385485998995,REOPEN,0.0,0.0,24327.980102407,27.185626001373315,3.487179487179503,27.162077986455664,0.35,5.0,0.05,
8.261689450999256,REOPEN,0.0,0.0,24327.980102407,27.190203707942324,3.350427350427367,27.164442312454888,0.35,5.0,0.05,
8.262897702999908,REOPEN,0.0,0.0,24327.99122031,27.190203707942324,3.350427350427367,27.167086398456853,0.35,5.0,0.05,
8.264083539997955,REOPEN,0.0,0.0,24327.99122031,27.190203707942324,3.350427350427367,27.169477820456926,0.35,5.0,0.05,
8.265546979997453,REOPEN,0.0,0.0,24327.99122031,27.192034790569927,3.487179487179503,27.17189042045586,0.35,5.0,0.05,
8.266748341000493,REOPEN,0.0,0.0,24327.99122031,27.192034790569927,3.487179487179503,27.174790224455613,0.35,5.0,0.05,
8.268123615998775,REOPEN,0.0,0.0,24327.99122031,27.19386587319753,4.1709401709401845,27.177210462456536,0.35,5.0,0.05,
8.269382545000553,REOPEN,0.0,0.0,24327.99122031,27.19386587319753,4.1709401709401845,27.179974290457288,0.35,5.0,0.05,
8.270625556000596,REOPEN,0.0,0.0,24327.99122031,27.19386587319753,4.1709401709401845,27.182487832457376,0.35,5.0,0.05,
8.272084798998549,REOPEN,0.0,0.0,24327.99122031,27.197528038452738,4.444444444444457,27.185016558456958,0.35,5.0,0.05,
8.273981324997294,REOPEN,0.0,0.0,24328.002467821,27.197528038452738,4.444444444444457,27.189263784459875,0.35,5.0,0.05,
8.27531426600035,REOPEN,0.0,0.0,24328.002467821,27.200274662394143,4.581196581196593,27.191685668457033,0.35,5.0,0.05,
8.276483576999453,REOPEN,0.0,0.0,24328.002467821,27.200274662394143,4.581196581196593,27.19433316045845,0.35,5.0,0.05,
8.2776434970001,REOPEN,0.0,0.0,24328.002467821,27.200274662394143,4.581196581196593,27.196642088458724,0.35,5.0,0.05,
8.27912165700036,REOPEN,0.0,0.0,24328.002467821,27.20943007553216,4.854700854700866,27.198981270458283,0.35,5.0,0.05,
8.280345957999089,REOPEN,0.0,0.0,24328.002467821,27.20943007553216,4.854700854700866,27.201983868459614,0.35,5.0,0.05,
8.281742765997478,REOPEN,0.0,0.0,24328.002467821,27.21950102998398,4.71794871794873,27.20439507445783,0.35,5.0,0.05,
8.282975919999444,REOPEN,0.0,0.0,24328.002467821,27.21950102998398,4.71794871794873,27.207197674457824,0.35,5.0,0.05,
8.285305301000335,REOPEN,0.0,0.0,24328.002467821,27.228656443122,3.897435897435912,27.209821672457586,0.35,5.0,0.05,
8.286538484997436,REOPEN,0.0,0.0,24328.013862225,27.228656443122,3.897435897435912,27.21433704245512,0.35,5.0,0.05,
8.287727618997451,REOPEN,0.0,0.0,24328.013862225,27.228656443122,3.897435897435912,27.216771746456764,0.35,5.0,0.05,
8.289103126000555,REOPEN,0.0,0.0,24328.013862225,27.240558480201422,3.897435897435912,27.21915553045485,0.35,5.0,0.05,
8.29029331199854,REOPEN,0.0,0.0,24328.013862225,27.240558480201422,3.897435897435912,27.22190582445412,0.35,5.0,0.05,
8.291787580998061,REOPEN,0.0,0.0,24328.013862225,27.248798352025638,3.350427350427367,27.22424303845994,0.35,5.0,0.05,
8.29303440899821,REOPEN,0.0,0.0,24328.013862225,27.248798352025638,3.350427350427367,27.2273463144543,0.35,5.0,0.05,
8.294251603998418,REOPEN,0.0,0.0,24328.013862225,27.248798352025638,3.350427350427367,27.229794418456116,0.35,5.0,0.05,
8.296260168997833,REOPEN,0.0,0.0,24328.024473928,27.268024719615475,2.803418803418822,27.233278442460254,0.35,5.0,0.05,
8.29744513499827,REOPEN,0.0,0.0,24328.024473928,27.268024719615475,2.803418803418822,27.2362083844587,0.35,5.0,0.05,
8.298835437999514,REOPEN,0.0,0.0,24328.024473928,27.2808422980087,1.9829059829060043,27.23860230645598,0.35,5.0,0.05,
8.300072211997758,REOPEN,0.0,0.0,24328.024473928,27.2808422980087,1.9829059829060043,27.241388714459866,0.35,5.0,0.05,
8.30127703999824,REOPEN,0.0,0.0,24328.024473928,27.2808422980087,1.9829059829060043,27.243879152456906,0.35,5.0,0.05,
8.302672704998258,REOPEN,0.0,0.0,24328.024473928,27.297322041657132,1.0256410256410504,27.24623747045782,0.35,5.0,0.05,
8.30388107500039,REOPEN,0.0,0.0,24328.024473928,27.297322041657132,1.0256410256410504,27.249061326454942,0.35,5.0,0.05,
8.30518832999951,REOPEN,0.0,0.0,24328.024473928,27.307392996108952,0.6153846153846416,27.251463668459586,0.35,5.0,0.05,
8.306974942999659,REOPEN,0.0,0.0,24328.035441052,27.307392996108952,0.6153846153846416,27.255187546458295,0.35,5.0,0.05,
8.308170116000838,REOPEN,0.0,0.0,24328.035441052,27.307392996108952,0.6153846153846416,27.25764093445698,0.35,5.0,0.05,
8.309572910999123,REOPEN,0.0,0.0,24328.035441052,27.318379491874573,0.06837606837609655,27.260050122461074,0.35,5.0,0.05,
8.310781344000134,REOPEN,0.0,0.0,24328.035441052,27.318379491874573,0.06837606837609655,27.262853832459335,0.35,5.0,0.05,
8.312088193997624,REOPEN,0.0,0.0,24328.035441052,27.32204165712978,-0.06837606837609655,27.265261142458733,0.35,5.0,0.05,
8.313288930999988,REOPEN,0.0,0.0,24328.035441052,27.32204165712978,-0.06837606837609655,27.267889938457778,0.35,5.0,0.05,
8.314467514999706,REOPEN,0.0,0.0,24328.035441052,27.32204165712978,-0.06837606837609655,27.270241268454377,0.35,5.0,0.05,
8.315796746999695,REOPEN,0.0,0.0,24328.035441052,27.331197070267798,0.47863247863250535,27.272613636460413,0.35,5.0,0.05,
8.3170186440002,REOPEN,0.0,0.0,24328.035441052,27.331197070267798,0.47863247863250535,27.27529636445481,0.35,5.0,0.05,
8.318402001998038,REOPEN,0.0,0.0,24328.046441929,27.338521400778212,0.3418803418803691,27.277821054458876,0.35,5.0,0.05,
8.319582329997502,REOPEN,0.0,0.0,24328.046441929,27.338521400778212,0.3418803418803691,27.280506248457208,0.35,5.0,0.05,
8.32075814199925,REOPEN,0.0,0.0,24328.046441929,27.338521400778212,0.3418803418803691,27.282843146460912,0.35,5.0,0.05,
8.322165624998888,REOPEN,0.0,0.0,24328.046441929,27.34218356603342,-0.06837606837609655,27.285202332454467,0.35,5.0,0.05,
8.323433213998214,REOPEN,0.0,0.0,24328.046441929,27.34218356603342,-0.06837606837609655,27.288095388454643,0.35,5.0,0.05,
8.324733416000527,REOPEN,0.0,0.0,24328.046441929,27.34309910734722,0.3418803418803691,27.290563984456206,0.35,5.0,0.05,
8.325912709999102,REOPEN,0.0,0.0,24328.046441929,27.34309910734722,0.3418803418803691,27.293187248457365,0.35,5.0,0.05,
8.327190317999339,REOPEN,0.0,0.0,24328.046441929,27.349507896543834,1.0256410256410504,27.295513866457007,0.35,5.0,0.05,
8.328864064998925,REOPEN,0.0,0.0,24328.057338675,27.349507896543834,1.0256410256410504,27.29898939045463,0.35,5.0,0.05,
8.330071887998201,REOPEN,0.0,0.0,24328.057338675,27.349507896543834,1.0256410256410504,27.301436838456105,0.35,5.0,0.05,
8.331426946999272,REOPEN,0.0,0.0,24328.057338675,27.35774776836805,0.7521367521367779,27.303855450455124,0.35,5.0,0.05,
8.332589228997676,REOPEN,0.0,0.0,24328.057338675,27.35774776836805,0.7521367521367779,27.306530040458277,0.35,5.0,0.05,
8.333866291999584,REOPEN,0.0,0.0,24328.057338675,27.365072098878464,0.3418803418803691,27.308870118455637,0.35,5.0,0.05,
8.33503068400023,REOPEN,0.0,0.0,24328.057338675,27.365072098878464,0.3418803418803691,27.311402526460846,0.35,5.0,0.05,
8.336202087997663,REOPEN,0.0,0.0,24328.057338675,27.365072098878464,0.3418803418803691,27.313733256460658,0.35,5.0,0.05,
8.337530247998075,REOPEN,0.0,0.0,24328.057338675,27.370565346761275,0.3418803418803691,27.31607142045916,0.35,5.0,0.05,
8.338693637997494,REOPEN,0.0,0.0,24328.057338675,27.370565346761275,0.3418803418803691,27.318768948457112,0.35,5.0,0.05,
8.339947225998912,REOPEN,0.0,0.0,24328.068302438,27.376058594644086,0.7521367521367779,27.321049870459795,0.35,5.0,0.05,
8.34113495999918,REOPEN,0.0,0.0,24328.068302438,27.376058594644086,0.7521367521367779,27.32359676045828,0.35,5.0,0.05,
8.342295722999552,REOPEN,0.0,0.0,24328.068302438,27.376058594644086,0.7521367521367779,27.3259382424608,0.35,5.0,0.05,
8.343700878998789,REOPEN,0.0,0.0,24328.068302438,27.380636301213094,0.7521367521367779,27.32827904245871,0.35,5.0,0.05,
8.344897220998973,REOPEN,0.0,0.0,24328.068302438,27.380636301213094,0.7521367521367779,27.331138628457232,0.35,5.0,0.05,
8.346236526998837,REOPEN,0.0,0.0,24328.068302438,27.382467383840698,0.8888888888889142,27.333509008460645,0.35,5.0,0.05,
8.347456925999722,REOPEN,0.0,0.0,24328.068302438,27.382467383840698,0.8888888888889142,27.336218204460714,0.35,5.0,0.05,
8.348608436997893,REOPEN,0.0,0.0,24328.068302438,27.382467383840698,0.8888888888889142,27.338587832457527,0.35,5.0,0.05,
8.35013477299799,REOPEN,0.0,0.0,24328.068302438,27.3842984664683,1.5726495726495955,27.34108240645812,0.35,5.0,0.05,
8.351434426000196,REOPEN,0.0,0.0,24328.079302103,27.3842984664683,1.5726495726495955,27.343995898455,0.35,5.0,0.05,
8.352970642998116,REOPEN,0.0,0.0,24328.079302103,27.38796063172351,1.846153846153868,27.346653376460857,0.35,5.0,0.05,
8.354209768000146,REOPEN,0.0,0.0,24328.079302103,27.38796063172351,1.846153846153868,27.34972548045564,0.35,5.0,0.05,
8.355431438998494,REOPEN,0.0,0.0,24328.079302103,27.38796063172351,1.846153846153868,27.352137906457322,0.35,5.0,0.05,
8.356795666000835,REOPEN,0.0,0.0,24328.079302103,27.392538338292518,1.846153846153868,27.35455228446019,0.35,5.0,0.05,
8.357990009997593,REOPEN,0.0,0.0,24328.079302103,27.392538338292518,1.846153846153868,27.357295172458656,0.35,5.0,0.05,
8.359296386999631,REOPEN,0.0,0.0,24328.079302103,27.39894712748913,2.1196581196581405,27.35967786846097,0.35,5.0,0.05,
8.360540568999568,REOPEN,0.0,0.0,24328.079302103,27.39894712748913,2.1196581196581405,27.362215470459454,0.35,5.0,0.05,
8.361771538999164,REOPEN,0.0,0.0,24328.0901519,27.39894712748913,2.1196581196581405,27.364836364455662,0.35,5.0,0.05,
8.363119190998987,REOPEN,0.0,0.0,24328.0901519,27.410849164568553,1.9829059829060043,27.36722444245472,0.35,5.0,0.05,
8.364302532998408,REOPEN,0.0,0.0,24328.0901519,27.410849164568553,1.9829059829060043,27.369943900458132,0.35,5.0,0.05,
8.365606289997231,REOPEN,0.0,0.0,24328.0901519,27.415426871137562,1.5726495726495955,27.372244800457814,0.35,5.0,0.05,
8.366793492998113,REOPEN,0.0,0.0,24328.0901519,27.415426871137562,1.5726495726495955,27.37491352645386,0.35,5.0,0.05,
8.368146671997238,REOPEN,0.0,0.0,24328.0901519,27.418173495078968,1.846153846153868,27.377287928453846,0.35,5.0,0.05,
8.369394056997407,REOPEN,0.0,0.0,24328.0901519,27.418173495078968,1.846153846153868,27.380015520454002,0.35,5.0,0.05,
8.370565986999281,REOPEN,0.0,0.0,24328.0901519,27.418173495078968,1.846153846153868,27.382500472459036,0.35,5.0,0.05,
8.371933385999,REOPEN,0.0,0.0,24328.0901519,27.421835660334175,2.393162393162413,27.384802004455672,0.35,5.0,0.05,
8.373178813999402,REOPEN,0.0,0.0,24328.101563064,27.421835660334175,2.393162393162413,27.387618766459603,0.35,5.0,0.05,
8.374578426999506,REOPEN,0.0,0.0,24328.101563064,27.428244449530787,2.393162393162413,27.39008959845753,0.35,5.0,0.05,
8.375819888999104,REOPEN,0.0,0.0,24328.101563064,27.428244449530787,2.393162393162413,27.392876474458284,0.35,5.0,0.05,
8.37702016899857,REOPEN,0.0,0.0,24328.101563064,27.428244449530787,2.393162393162413,27.395377880459385,0.35,5.0,0.05,
8.378406562998862,REOPEN,0.0,0.0,24328.101563064,27.4355687800412,1.9829059829060043,27.39773403245865,0.35,5.0,0.05,
8.379666042997997,REOPEN,0.0,0.0,24328.101563064,27.4355687800412,1.9829059829060043,27.400527172455007,0.35,5.0,0.05,
8.381032002998836,REOPEN,0.0,0.0,24328.101563064,27.44014648661021,2.1196581196581405,27.403083910454846,0.35,5.0,0.05,
8.382213024997327,REOPEN,0.0,0.0,24328.101563064,27.44014648661021,2.1196581196581405,27.40577252245796,0.35,5.0,0.05,
8.383644475998153,REOPEN,0.0,0.0,24328.112192651,27.44014648661021,2.1196581196581405,27.408643190460246,0.35,5.0,0.05,
8.38508205999824,REOPEN,0.0,0.0,24328.112192651,27.44563973449302,2.5299145299145493,27.41099399845782,0.35,5.0,0.05,
8.386274926000624,REOPEN,0.0,0.0,24328.112192651,27.44563973449302,2.5299145299145493,27.413870002458246,0.35,5.0,0.05,
8.387574948999827,REOPEN,0.0,0.0,24328.112192651,27.448386358434426,2.6666666666666856,27.41623549846056,0.35,5.0,0.05,
8.388753126997472,REOPEN,0.0,0.0,24328.112192651,27.448386358434426,2.6666666666666856,27.418827990457906,0.35,5.0,0.05,
8.389959631000238,REOPEN,0.0,0.0,24328.112192651,27.448386358434426,2.6666666666666856,27.421260864454347,0.35,5.0,0.05,
8.391353040999093,REOPEN,0.0,0.0,24328.112192651,27.449301899748228,3.0769230769230944,27.423615736459872,0.35,5.0,0.05,
8.392548140000144,REOPEN,0.0,0.0,24328.112192651,27.449301899748228,3.0769230769230944,27.426420524456738,0.35,5.0,0.05,
8.393947201999254,REOPEN,0.0,0.0,24328.112192651,27.449301899748228,3.6239316239316395,27.428788600455412,0.35,5.0,0.05,
8.395152226999926,REOPEN,0.0,0.0,24328.12350557,27.449301899748228,3.6239316239316395,27.431610890455453,0.35,5.0,0.05,
8.396348472000682,REOPEN,0.0,0.0,24328.12350557,27.449301899748228,3.6239316239316395,27.434008626458784,0.35,5.0,0.05,
8.397755555997719,REOPEN,0.0,0.0,24328.12350557,27.452964065003435,4.1709401709401845,27.436381832458686,0.35,5.0,0.05,
8.398973439998372,REOPEN,0.0,0.0,24328.12350557,27.452964065003435,4.1709401709401845,27.439237760454965,0.35,5.0,0.05,
8.400295082999946,REOPEN,0.0,0.0,24328.12350557,27.45479514763104,4.444444444444457,27.441653082455126,0.35,5.0,0.05,
8.401485652997508,REOPEN,0.0,0.0,24328.12350557,27.45479514763104,4.444444444444457,27.444237950456703,0.35,5.0,0.05,
8.40265211500082,REOPEN,0.0,0.0,24328.12350557,27.45479514763104,4.444444444444457,27.446660050455215,0.35,5.0,0.05,
8.404013358998782,REOPEN,0.0,0.0,24328.12350557,27.456626230258642,4.854700854700866,27.44900606845706,0.35,5.0,0.05,
8.406168360997981,REOPEN,0.0,0.0,24328.12350557,27.456626230258642,4.854700854700866,27.45179776646048,0.35,5.0,0.05,
8.407589094000286,REOPEN,0.0,0.0,24328.134729038,27.46028839551385,5.128205128205138,27.45608719245731,0.35,5.0,0.05,
8.408903925999766,REOPEN,0.0,0.0,24328.134729038,27.462119478141453,5.128205128205138,27.458874798454893,0.35,5.0,0.05,
8.410172653999325,REOPEN,0.0,0.0,24328.134729038,27.462119478141453,5.128205128205138,27.461568158456906,0.35,5.0,0.05,
8.41153296199991,REOPEN,0.0,0.0,24328.134729038,27.467612726024264,5.128205128205138,27.46405578245551,0.35,5.0,0.05,
8.412680122997699,REOPEN,0.0,0.0,24328.134729038,27.467612726024264,5.128205128205138,27.46673968645566,0.35,5.0,0.05,
8.414021028998832,REOPEN,0.0,0.0,24328.134729038,27.47585259784848,5.128205128205138,27.469045430460504,0.35,5.0,0.05,
8.41525418799938,REOPEN,0.0,0.0,24328.134729038,27.47585259784848,5.128205128205138,27.471795652456898,0.35,5.0,0.05,
8.416949705999286,REOPEN,0.0,0.0,24328.145408594,27.47585259784848,5.128205128205138,27.475135086455815,0.35,5.0,0.05,
8.418422373000794,REOPEN,0.0,0.0,24328.145408594,27.488670176241705,4.71794871794873,27.477645250454337,0.35,5.0,0.05,
8.419578568998986,REOPEN,0.0,0.0,24328.145408594,27.488670176241705,4.71794871794873,27.480532204458108,0.35,5.0,0.05,
8.42084671399789,REOPEN,0.0,0.0,24328.145408594,27.495078965438317,4.307692307692321,27.482845238455887,0.35,5.0,0.05,
8.422019188998092,REOPEN,0.0,0.0,24328.145408594,27.495078965438317,4.307692307692321,27.485393322460844,0.35,5.0,0.05,
8.423184860999754,REOPEN,0.0,0.0,24328.145408594,27.495078965438317,4.307692307692321,27.48772384046108,0.35,5.0,0.05,
8.424622278998868,REOPEN,0.0,0.0,24328.145408594,27.50606546120394,4.444444444444457,27.4900662224559,0.35,5.0,0.05,
8.425825333997636,REOPEN,0.0,0.0,24328.145408594,27.50606546120394,4.444444444444457,27.49296656845629,0.35,5.0,0.05,
8.427390508997632,REOPEN,0.0,0.0,24328.145408594,27.515220874341956,3.897435897435912,27.495391018458143,0.35,5.0,0.05,
8.428594248998706,REOPEN,0.0,0.0,24328.156910078,27.515220874341956,3.897435897435912,27.498515280460673,0.35,5.0,0.05,
8.42977599599908,REOPEN,0.0,0.0,24328.156910078,27.515220874341956,3.897435897435912,27.500868554454904,0.35,5.0,0.05,
8.431218532998173,REOPEN,0.0,0.0,24328.156910078,27.528953994048983,3.350427350427367,27.50329940445456,0.35,5.0,0.05,
8.432443345998763,REOPEN,0.0,0.0,24328.156910078,27.528953994048983,3.350427350427367,27.506174304459385,0.35,5.0,0.05,
8.4337704569989,REOPEN,0.0,0.0,24328.156910078,27.539024948500803,3.0769230769230944,27.50860646245794,0.35,5.0,0.05,
8.43501195799763,REOPEN,0.0,0.0,24328.156910078,27.539024948500803,3.0769230769230944,27.511326456459322,0.35,5.0,0.05,
8.43619339900033,REOPEN,0.0,0.0,24328.156910078,27.539024948500803,3.0769230769230944,27.513734620459694,0.35,5.0,0.05,
8.437566778000473,REOPEN,0.0,0.0,24328.156910078,27.555504692149235,1.9829059829060043,27.516078750459677,0.35,5.0,0.05,
8.438996452998254,REOPEN,0.0,0.0,24328.167430225,27.555504692149235,1.9829059829060043,27.5192002404606,0.35,5.0,0.05,
8.440380313997593,REOPEN,0.0,0.0,24328.167430225,27.565575646601054,1.4358974358974592,27.52174001445612,0.35,5.0,0.05,
8.441661918997852,REOPEN,0.0,0.0,24328.167430225,27.565575646601054,1.4358974358974592,27.524480522459747,0.35,5.0,0.05,
8.44286650399954,REOPEN,0.0,0.0,24328.167430225,27.565575646601054,1.4358974358974592,27.52705676445705,0.35,5.0,0.05,
8.444229501998052,REOPEN,0.0,0.0,24328.167430225,27.58297093156329,0.6153846153846416,27.529432668454795,0.35,5.0,0.05,
8.445415103000414,REOPEN,0.0,0.0,24328.167430225,27.58297093156329,0.6153846153846416,27.532139658457275,0.35,5.0,0.05,
8.446715218000463,REOPEN,0.0,0.0,24328.167430225,27.590295262073703,0.20512820512823282,27.53452538245849,0.35,5.0,0.05,
8.447913676998724,REOPEN,0.0,0.0,24328.167430225,27.590295262073703,0.20512820512823282,27.537164314455843,0.35,5.0,0.05,
8.449298297997302,REOPEN,0.0,0.0,24328.167430225,27.603112840466927,0.20512820512823282,27.539502044458025,0.35,5.0,0.05,
8.450616262998665,REOPEN,0.0,0.0,24328.178595607,27.603112840466927,0.20512820512823282,27.542278444454972,0.35,5.0,0.05,
8.451902927998162,REOPEN,0.0,0.0,24328.178595607,27.603112840466927,0.20512820512823282,27.5450002144594,0.35,5.0,0.05,
8.453484139998181,REOPEN,0.0,0.0,24328.178595607,27.61043717097734,-0.20512820512823282,27.547594528458397,0.35,5.0,0.05,
8.454825960998278,REOPEN,0.0,0.0,24328.178595607,27.61043717097734,-0.20512820512823282,27.550808020454973,0.35,5.0,0.05,
8.45641834900016,REOPEN,0.0,0.0,24328.178595607,27.616845960173954,-0.47863247863250535,27.55113737945569,0.35,5.0,0.05,
8.457779188000131,REOPEN,0.0,0.0,24328.178595607,27.616845960173954,-0.47863247863250535,27.551536227204927,0.35,5.0,0.05,
8.459254036999482,REOPEN,0.0,0.0,24328.178595607,27.616845960173954,-0.47863247863250535,27.551881408205666,0.35,5.0,0.05,
8.460986080997827,REOPEN,0.0,0.0,24328.178595607,27.616845960173954,-0.47863247863250535,27.552259108955262,0.35,5.0,0.05,
8.463022381998599,REOPEN,0.0,0.0,24328.190715342,27.631494621194783,-0.7521367521367779,27.55274537570542,0.35,5.0,0.05,
8.464389766999375,REOPEN,0.0,0.0,24328.190715342,27.636987869077593,-1.7094017094017318,27.553190280705643,0.35,5.0,0.05,
8.465600977997383,REOPEN,0.0,0.0,24328.190715342,27.636987869077593,-1.7094017094017318,27.553522571955476,0.35,5.0,0.05,
8.466827491000004,REOPEN,0.0,0.0,24328.190715342,27.638818951705197,-2.256410256410277,27.553818301455543,0.35,5.0,0.05,
8.46820900199964,REOPEN,0.0,0.0,24328.190715342,27.638818951705197,-2.256410256410277,27.55413478370567,0.35,5.0,0.05,
8.469725069997367,REOPEN,0.0,0.0,24328.190715342,27.638818951705197,-1.846153846153868,27.55448415395542,0.35,5.0,0.05,
8.470984903997305,REOPEN,0.0,0.0,24328.190715342,27.638818951705197,-1.846153846153868,27.554863910955213,0.35,5.0,0.05,
8.472279541998432,REOPEN,0.0,0.0,24328.200221286,27.638818951705197,-1.846153846153868,27.555180477455472,0.35,5.0,0.05,
8.473539140999492,REOPEN,0.0,0.0,24328.200221286,27.6406500343328,-1.7094017094017318,27.5554809259552,0.35,5.0,0.05,
8.474723613999231,REOPEN,0.0,0.0,24328.200221286,27.6406500343328,-1.7094017094017318,27.555804425705468,0.35,5.0,0.05,
8.475939071999164,REOPEN,0.0,0.0,24328.200221286,27.6406500343328,-1.9829059829060043,27.556097926455116,0.35,5.0,0.05,
8.477119366998522,REOPEN,0.0,0.0,24328.200221286,27.6406500343328,-1.9829059829060043,27.556402160705623,0.35,5.0,0.05,
8.478264158999082,REOPEN,0.0,0.0,24328.200221286,27.6406500343328,-1.9829059829060043,27.556693215455674,0.35,5.0,0.05,
8.479473518000304,REOPEN,0.0,0.0,24328.200221286,27.6406500343328,-1.846153846153868,27.556981341955655,0.35,5.0,0.05,
8.480600028000481,REOPEN,0.0,0.0,24328.200221286,27.6406500343328,-1.846153846153868,27.5572857089551,0.35,5.0,0.05,
8.48176054799842,REOPEN,0.0,0.0,24328.200221286,27.641565575646602,-1.5726495726495955,27.557561468705465,0.35,5.0,0.05,
8.48290913999881,REOPEN,0.0,0.0,24328.211103867,27.641565575646602,-1.5726495726495955,27.557856255705268,0.35,5.0,0.05,
8.48402301799797,REOPEN,0.0,0.0,24328.211103867,27.641565575646602,-1.5726495726495955,27.55813968870509,0.35,5.0,0.05,
8.485258079999767,REOPEN,0.0,0.0,24328.211103867,27.641565575646602,-1.7094017094017318,27.558419408705525,0.35,5.0,0.05,
8.486452435998217,REOPEN,0.0,0.0,24328.211103867,27.641565575646602,-1.7094017094017318,27.558738279705288,0.35,5.0,0.05,
8.487620167998102,REOPEN,0.0,0.0,24328.211103867,27.6406500343328,-1.7094017094017318,27.55902548720544,0.35,5.0,0.05,
8.488739022999653,REOPEN,0.0,0.0,24328.211103867,27.6406500343328,-1.7094017094017318,27.559317683705125,0.35,5.0,0.05,
8.489905488000659,REOPEN,0.0,0.0,24328.211103867,27.6406500343328,-1.7094017094017318,27.559601854205106,0.35,5.0,0.05,
8.491166185998736,REOPEN,0.0,0.0,24328.211103867,27.641565575646602,-1.4358974358974592,27.55989317645483,0.35,5.0,0.05,
8.492347311999765,REOPEN,0.0,0.0,24328.211103867,27.641565575646602,-1.4358974358974592,27.560208863954834,0.35,5.0,0.05,
8.493835600998864,REOPEN,0.0,0.0,24328.222299793,27.642481116960404,-1.4358974358974592,27.56056786045567,0.35,5.0,0.05,
8.495045960000425,REOPEN,0.0,0.0,24328.222299793,27.642481116960404,-1.4358974358974592,27.560879124955612,0.35,5.0,0.05,
8.496172925999417,REOPEN,0.0,0.0,24328.222299793,27.642481116960404,-1.4358974358974592,27.561176071455087,0.35,5.0,0.05,
8.497463773997879,REOPEN,0.0,0.0,24328.222299793,27.641565575646602,-1.5726495726495955,27.561459420454888,0.35,5.0,0.05,
8.498588042999472,REOPEN,0.0,0.0,24328.222299793,27.641565575646602,-1.5726495726495955,27.56177938670546,0.35,5.0,0.05,
8.499782929997309,REOPEN,0.0,0.0,24328.222299793,27.641565575646602,-1.299145299145323,27.562060437454896,0.35,5.0,0.05,
8.500947213997279,REOPEN,0.0,0.0,24328.222299793,27.641565575646602,-1.299145299145323,27.56236307070551,0.35,5.0,0.05,
8.502226205997431,REOPEN,0.0,0.0,24328.222299793,27.643396658274206,-1.1623931623931867,27.56265366395521,0.35,5.0,0.05,
8.503390268997464,REOPEN,0.0,0.0,24328.222299793,27.643396658274206,-1.1623931623931867,27.562974233205317,0.35,5.0,0.05,
8.504766007998114,REOPEN,0.0,0.0,24328.233311071,27.643396658274206,-1.1623931623931867,27.563320925205083,0.35,5.0,0.05,
8.50604064700019,REOPEN,0.0,0.0,24328.233311071,27.641565575646602,-1.299145299145323,27.563609611205287,0.35,5.0,0.05,
8.507220920997497,REOPEN,0.0,0.0,24328.233311071,27.641565575646602,-1.299145299145323,27.563928800455436,0.35,5.0,0.05,
8.50853598699905,REOPEN,0.0,0.0,24328.233311071,27.641565575646602,-1.299145299145323,27.564225407955313,0.35,5.0,0.05,
8.509790121999686,REOPEN,0.0,0.0,24328.233311071,27.641565575646602,-1.299145299145323,27.56455086545568,0.35,5.0,0.05,
8.511041565998312,REOPEN,0.0,0.0,24328.233311071,27.641565575646602,-1.299145299145323,27.564877420705237,0.35,5.0,0.05,
8.512466643998778,REOPEN,0.0,0.0,24328.233311071,27.643396658274206,-0.8888888888889142,27.56518305745569,0.35,5.0,0.05,
8.513631393998367,REOPEN,0.0,0.0,24328.233311071,27.643396658274206,-0.8888888888889142,27.56553423545531,0.35,5.0,0.05,
8.514993081000284,REOPEN,0.0,0.0,24328.233311071,27.642481116960404,-1.0256410256410504,27.56582440720515,0.35,5.0,0.05,
8.516208474997256,REOPEN,0.0,0.0,24328.244251853,27.642481116960404,-1.0256410256410504,27.566172912205296,0.35,5.0,0.05,
8.517413302997738,REOPEN,0.0,0.0,24328.244251853,27.642481116960404,-1.0256410256410504,27.566471773955094,0.35,5.0,0.05,
8.518801435999194,REOPEN,0.0,0.0,24328.244251853,27.641565575646602,-1.0256410256410504,27.56677018520488,0.35,5.0,0.05,
8.519987338997453,REOPEN,0.0,0.0,24328.244251853,27.641565575646602,-1.0256410256410504,27.567118413704996,0.35,5.0,0.05,
8.521311939999578,REOPEN,0.0,0.0,24328.244251853,27.642481116960404,-0.7521367521367779,27.567422274705244,0.35,5.0,0.05,
8.522556700998393,REOPEN,0.0,0.0,24328.244251853,27.642481116960404,-0.7521367521367779,27.567749037204997,0.35,5.0,0.05,
8.523741860997688,REOPEN,0.0,0.0,24328.244251853,27.642481116960404,-0.7521367521367779,27.568058110704918,0.35,5.0,0.05,
8.52516837299845,REOPEN,0.0,0.0,24328.244251853,27.642481116960404,-0.8888888888889142,27.56835474445554,0.35,5.0,0.05,
8.526675777997298,REOPEN,0.0,0.0,24328.255201088,27.642481116960404,-0.8888888888889142,27.568790099454894,0.35,5.0,0.05,
8.528036805997544,REOPEN,0.0,0.0,24328.255201088,27.642481116960404,-0.8888888888889142,27.569089190954877,0.35,5.0,0.05,
8.529233868997835,REOPEN,0.0,0.0,24328.255201088,27.642481116960404,-0.8888888888889142,27.56943251020541,0.35,5.0,0.05,
8.530415117998928,REOPEN,0.0,0.0,24328.255201088,27.642481116960404,-0.8888888888889142,27.569727202454963,0.35,5.0,0.05,
8.531718782000098,REOPEN,0.0,0.0,24328.255201088,27.643396658274206,-0.47863247863250535,27.57001880370492,0.35,5.0,0.05,
8.532867304998945,REOPEN,0.0,0.0,24328.255201088,27.643396658274206,-0.47863247863250535,27.570345387455312,0.35,5.0,0.05,
8.534157229998527,REOPEN,0.0,0.0,24328.255201088,27.643396658274206,-0.6153846153846416,27.570634938455008,0.35,5.0,0.05,
8.535369490997255,REOPEN,0.0,0.0,24328.255201088,27.643396658274206,-0.6153846153846416,27.570956883455004,0.35,5.0,0.05,
8.536551416000293,REOPEN,0.0,0.0,24328.255201088,27.643396658274206,-0.6153846153846416,27.571267494205607,0.35,5.0,0.05,
8.53788196199821,REOPEN,0.0,0.0,24328.266189688,27.642481116960404,-0.6153846153846416,27.571557824205705,0.35,5.0,0.05,
8.539062945998012,REOPEN,0.0,0.0,24328.266189688,27.642481116960404,-0.6153846153846416,27.571890403955443,0.35,5.0,0.05,
8.540402575999906,REOPEN,0.0,0.0,24328.266189688,27.643396658274206,-0.3418803418803691,27.572180927455086,0.35,5.0,0.05,
8.541565863997675,REOPEN,0.0,0.0,24328.266189688,27.643396658274206,-0.3418803418803691,27.572518343954947,0.35,5.0,0.05,
8.542884354999842,REOPEN,0.0,0.0,24328.266189688,27.642481116960404,-0.3418803418803691,27.572807434205536,0.35,5.0,0.05,
8.54406329899939,REOPEN,0.0,0.0,24328.266189688,27.642481116960404,-0.3418803418803691,27.573137825205343,0.35,5.0,0.05,
8.54523390399845,REOPEN,0.0,0.0,24328.266189688,27.642481116960404,-0.3418803418803691,27.573434210455638,0.35,5.0,0.05,
8.546548323000025,REOPEN,0.0,0.0,24328.266189688,27.642481116960404,-0.3418803418803691,27.573728075205075,0.35,5.0,0.05,
8.547721783997986,REOPEN,0.0,0.0,24328.266189688,27.642481116960404,-0.3418803418803691,27.5740537744555,0.35,5.0,0.05,
8.549047177999455,REOPEN,0.0,0.0,24328.277235486,27.642481116960404,-0.20512820512823282,27.57435746870535,0.35,5.0,0.05,
8.550264670000615,REOPEN,0.0,0.0,24328.277235486,27.642481116960404,-0.20512820512823282,27.574684643705517,0.35,5.0,0.05,
8.551483655999618,REOPEN,0.0,0.0,24328.277235486,27.642481116960404,-0.20512820512823282,27.574986776205627,0.35,5.0,0.05,
8.552828015999694,REOPEN,0.0,0.0,24328.277235486,27.643396658274206,-0.06837606837609655,27.575289049205388,0.35,5.0,0.05,
8.554011779000575,REOPEN,0.0,0.0,24328.277235486,27.643396658274206,-0.06837606837609655,27.575626813455095,0.35,5.0,0.05,
8.555282064000494,REOPEN,0.0,0.0,24328.277235486,27.643396658274206,-0.20512820512823282,27.575921690454855,0.35,5.0,0.05,
8.556474531000276,REOPEN,0.0,0.0,24328.277235486,27.643396658274206,-0.20512820512823282,27.576233343705574,0.35,5.0,0.05,
8.557627697999123,REOPEN,0.0,0.0,24328.277235486,27.643396658274206,-0.20512820512823282,27.57653733995496,0.35,5.0,0.05,
8.558954816999176,REOPEN,0.0,0.0,24328.277235486,27.642481116960404,-0.06837606837609655,27.57682479645566,0.35,5.0,0.05,
8.560117798999272,REOPEN,0.0,0.0,24328.288196441,27.642481116960404,-0.06837606837609655,27.57715376470562,0.35,5.0,0.05,
8.561406671997247,REOPEN,0.0,0.0,24328.288196441,27.64522774090181,0.20512820512823282,27.57744668395528,0.35,5.0,0.05,
8.562571697999374,REOPEN,0.0,0.0,24328.288196441,27.64522774090181,0.20512820512823282,27.577772810705504,0.35,5.0,0.05,
8.563717250999616,REOPEN,0.0,0.0,24328.288196441,27.64522774090181,0.20512820512823282,27.57805723370486,0.35,5.0,0.05,
8.565096046997496,REOPEN,0.0,0.0,24328.288196441,27.644312199588008,-0.06837606837609655,27.57834664520535,0.35,5.0,0.05,
8.566255803998502,REOPEN,0.0,0.0,24328.288196441,27.644312199588008,-0.06837606837609655,27.578692841955238,0.35,5.0,0.05,
8.567556535999756,REOPEN,0.0,0.0,24328.288196441,27.643396658274206,-0.06837606837609655,27.578986625705078,0.35,5.0,0.05,
8.56872155900055,REOPEN,0.0,0.0,24328.288196441,27.643396658274206,-0.06837606837609655,27.57930477695529,0.35,5.0,0.05,
8.569891128998279,REOPEN,0.0,0.0,24328.288196441,27.643396658274206,-0.06837606837609655,27.579601170954923,0.35,5.0,0.05,
8.571187759000168,REOPEN,0.0,0.0,24328.299470604,27.64522774090181,0.3418803418803691,27.579891465954937,0.35,5.0,0.05,
8.572419699998136,REOPEN,0.0,0.0,24328.299470604,27.64522774090181,0.3418803418803691,27.580217103205108,0.35,5.0,0.05,
8.573723895999137,REOPEN,0.0,0.0,24328.299470604,27.64614328221561,0.20512820512823282,27.580523525205102,0.35,5.0,0.05,
8.574933973999578,REOPEN,0.0,0.0,24328.299470604,27.64614328221561,0.20512820512823282,27.580853739205416,0.35,5.0,0.05,
8.576099812999018,REOPEN,0.0,0.0,24328.299470604,27.64614328221561,0.20512820512823282,27.581152570205198,0.35,5.0,0.05,
8.577466315997299,REOPEN,0.0,0.0,24328.299470604,27.644312199588008,0.06837606837609655,27.581444486955228,0.35,5.0,0.05,
8.578633577999426,REOPEN,0.0,0.0,24328.299470604,27.644312199588008,0.06837606837609655,27.581784733455173,0.35,5.0,0.05,
8.579906311999366,REOPEN,0.0,0.0,24328.299470604,27.64614328221561,0.3418803418803691,27.582074236705488,0.35,5.0,0.05,
8.581100033999974,REOPEN,0.0,0.0,24328.299470604,27.64614328221561,0.3418803418803691,27.58239391970485,0.35,5.0,0.05,
8.582578096000361,REOPEN,0.0,0.0,24328.310464455,27.647058823529413,0.3418803418803691,27.582715244454924,0.35,5.0,0.05,
8.583766257997922,REOPEN,0.0,0.0,24328.310464455,27.647058823529413,0.3418803418803691,27.583065760205066,0.35,5.0,0.05,
8.584929482000007,REOPEN,0.0,0.0,24328.310464455,27.647058823529413,0.3418803418803691,27.58335926620523,0.35,5.0,0.05,
8.586202449998382,REOPEN,0.0,0.0,24328.310464455,27.64614328221561,0.06837606837609655,27.58365018345514,0.35,5.0,0.05,
8.587396883998736,REOPEN,0.0,0.0,24328.310464455,27.64614328221561,0.06837606837609655,27.583969220204857,0.35,5.0,0.05,
8.588670364999416,REOPEN,0.0,0.0,24328.310464455,27.647058823529413,0.20512820512823282,27.584264263704902,0.35,5.0,0.05,
8.589996882998093,REOPEN,0.0,0.0,24328.310464455,27.647058823529413,0.20512820512823282,27.584589417705068,0.35,5.0,0.05,
8.591242480997607,REOPEN,0.0,0.0,24328.310464455,27.647058823529413,0.20512820512823282,27.584928396955114,0.35,5.0,0.05,
8.593359059999784,REOPEN,0.0,0.0,24328.321566799,27.647974364843215,0.47863247863250535,27.585392279955634,0.35,5.0,0.05,
8.59464700999888,REOPEN,0.0,0.0,24328.321566799,27.647974364843215,0.3418803418803691,27.58576297195534,0.35,5.0,0.05,
8.5958355570001,REOPEN,0.0,0.0,24328.321566799,27.647974364843215,0.3418803418803691,27.586081677955484,0.35,5.0,0.05,
8.59710759600057,REOPEN,0.0,0.0,24328.321566799,27.648889906157017,0.3418803418803691,27.586373928205397,0.35,5.0,0.05,
8.598304851999274,REOPEN,0.0,0.0,24328.321566799,27.648889906157017,0.3418803418803691,27.586697378205393,0.35,5.0,0.05,
8.599566295997647,REOPEN,0.0,0.0,24328.321566799,27.64980544747082,0.3418803418803691,27.586991277455603,0.35,5.0,0.05,
8.600710940998397,REOPEN,0.0,0.0,24328.321566799,27.64980544747082,0.3418803418803691,27.58730659170535,0.35,5.0,0.05,
8.601902385998983,REOPEN,0.0,0.0,24328.321566799,27.64980544747082,0.3418803418803691,27.587596828955178,0.35,5.0,0.05,
8.603310316997522,REOPEN,0.0,0.0,24328.321566799,27.65072098878462,0.3418803418803691,27.5878953952056,0.35,5.0,0.05,
8.604508314998384,REOPEN,0.0,0.0,24328.332603294,27.65072098878462,0.3418803418803691,27.588247586455076,0.35,5.0,0.05,
8.605843508998078,REOPEN,0.0,0.0,24328.332603294,27.651636530098422,0.3418803418803691,27.58854813095561,0.35,5.0,0.05,
8.607017303998873,REOPEN,0.0,0.0,24328.332603294,27.651636530098422,0.3418803418803691,27.588880273454855,0.35,5.0,0.05,
8.608153138000489,REOPEN,0.0,0.0,24328.332603294,27.651636530098422,0.3418803418803691,27.589168818205074,0.35,5.0,0.05,
8.609437446000811,REOPEN,0.0,0.0,24328.332603294,27.653467612726025,0.20512820512823282,27.589455482204833,0.35,5.0,0.05,
8.610602798999025,REOPEN,0.0,0.0,24328.332603294,27.653467612726025,0.20512820512823282,27.58977492670558,0.35,5.0,0.05,
8.611874779999198,REOPEN,0.0,0.0,24328.332603294,27.654383154039827,0.20512820512823282,27.590070913705425,0.35,5.0,0.05,
8.613053461998788,REOPEN,0.0,0.0,24328.332603294,27.654383154039827,0.20512820512823282,27.590388003705378,0.35,5.0,0.05,
8.614807899997686,REOPEN,0.0,0.0,24328.332603294,27.654383154039827,0.20512820512823282,27.590681811705075,0.35,5.0,0.05,
8.616160474997741,REOPEN,0.0,0.0,24328.343396388,27.658045319295034,0.06837606837609655,27.591122146955534,0.35,5.0,0.05,
8.61736385399854,REOPEN,0.0,0.0,24328.343396388,27.658045319295034,0.06837606837609655,27.591459979705654,0.35,5.0,0.05,
8.618668127997807,REOPEN,0.0,0.0,24328.343396388,27.658960860608836,-0.06837606837609655,27.591758435205087,0.35,5.0,0.05,
8.619851288000064,REOPEN,0.0,0.0,24328.343396388,27.658960860608836,-0.06837606837609655,27.592087493204893,0.35,5.0,0.05,
8.621025210999505,REOPEN,0.0,0.0,24328.343396388,27.658960860608836,-0.06837606837609655,27.59238195095488,0.35,5.0,0.05,
8.622315371998411,REOPEN,0.0,0.0,24328.343396388,27.662623025864043,-0.20512820512823282,27.59267404395498,0.35,5.0,0.05,
8.623434319000808,REOPEN,0.0,0.0,24328.343396388,27.662623025864043,-0.20512820512823282,27.592982572954973,0.35,5.0,0.05,
8.62468914299825,REOPEN,0.0,0.0,24328.343396388,27.664454108491647,-0.3418803418803691,27.59327457995507,0.35,5.0,0.05,
8.625997634000669,REOPEN,0.0,0.0,24328.35452255,27.664454108491647,-0.3418803418803691,27.5936245742055,0.35,5.0,0.05,
8.627197473000706,REOPEN,0.0,0.0,24328.35452255,27.664454108491647,-0.3418803418803691,27.593916904205365,0.35,5.0,0.05,
8.628529408000759,REOPEN,0.0,0.0,24328.35452255,27.66628519111925,-0.47863247863250535,27.59421710045492,0.35,5.0,0.05,
8.629677379998611,REOPEN,0.0,0.0,24328.35452255,27.66628519111925,-0.47863247863250535,27.59454892295573,0.35,5.0,0.05,
8.630928571998083,REOPEN,0.0,0.0,24328.35452255,27.667200732433052,-0.6153846153846416,27.594834427455247,0.35,5.0,0.05,
8.632108357000106,REOPEN,0.0,0.0,24328.35452255,27.667200732433052,-0.6153846153846416,27.595151529705184,0.35,5.0,0.05,
8.63340584099933,REOPEN,0.0,0.0,24328.35452255,27.668116273746854,-0.47863247863250535,27.595444379454896,0.35,5.0,0.05,
8.634550250997563,REOPEN,0.0,0.0,24328.35452255,27.668116273746854,-0.47863247863250535,27.59576799195522,0.35,5.0,0.05,
8.635734669998783,REOPEN,0.0,0.0,24328.35452255,27.668116273746854,-0.47863247863250535,27.596059261955382,0.35,5.0,0.05,
8.637068205000105,REOPEN,0.0,0.0,24328.365369088,27.668116273746854,-0.47863247863250535,27.596353273205317,0.35,5.0,0.05,
8.638283498999954,REOPEN,0.0,0.0,24328.365369088,27.668116273746854,-0.47863247863250535,27.596688062455108,0.35,5.0,0.05,
8.63953683499858,REOPEN,0.0,0.0,24328.365369088,27.668116273746854,-0.47863247863250535,27.59698281995545,0.35,5.0,0.05,
8.640718491998996,REOPEN,0.0,0.0,24328.365369088,27.668116273746854,-0.47863247863250535,27.597304075955,0.35,5.0,0.05,
8.641862573000253,REOPEN,0.0,0.0,24328.365369088,27.668116273746854,-0.47863247863250535,27.5975944969555,0.35,5.0,0.05,
8.643191518000094,REOPEN,0.0,0.0,24328.365369088,27.668116273746854,-0.47863247863250535,27.59788465020531,0.35,5.0,0.05,
8.644403328999033,REOPEN,0.0,0.0,24328.365369088,27.668116273746854,-0.47863247863250535,27.598215494455438,0.35,5.0,0.05,
8.645693414997368,REOPEN,0.0,0.0,24328.365369088,27.669031815060656,-0.3418803418803691,27.598518359705416,0.35,5.0,0.05,
8.646855975999642,REOPEN,0.0,0.0,24328.365369088,27.669031815060656,-0.3418803418803691,27.59883969770501,0.35,5.0,0.05,
8.648145344999648,REOPEN,0.0,0.0,24328.376629991,27.669031815060656,-0.3418803418803691,27.599150270955327,0.35,5.0,0.05,
8.649514778000594,REOPEN,0.0,0.0,24328.376629991,27.669031815060656,-0.3418803418803691,27.599456040455628,0.35,5.0,0.05,
8.650731049998285,REOPEN,0.0,0.0,24328.376629991,27.669031815060656,-0.3418803418803691,27.599796278205325,0.35,5.0,0.05,
8.652038713000366,REOPEN,0.0,0.0,24328.376629991,27.669031815060656,-0.3418803418803691,27.600102784705562,0.35,5.0,0.05,
8.65320605099987,REOPEN,0.0,0.0,24328.376629991,27.669031815060656,-0.3418803418803691,27.600428920705347,0.35,5.0,0.05,
8.654374499998085,REOPEN,0.0,0.0,24328.376629991,27.669031815060656,-0.3418803418803691,27.600717965704938,0.35,5.0,0.05,
8.655780179997237,REOPEN,0.0,0.0,24328.376629991,27.669031815060656,-0.20512820512823282,27.60100349870529,0.35,5.0,0.05,
8.657077985997603,REOPEN,0.0,0.0,24328.376629991,27.669031815060656,-0.20512820512823282,27.60137506320509,0.35,5.0,0.05,
8.659368559998256,REOPEN,0.0,0.0,24328.376629991,27.67086289768826,-0.06837606837609655,27.601698868455536,0.35,5.0,0.05,
8.660596948997409,REOPEN,0.0,0.0,24328.38790342,27.67086289768826,-0.06837606837609655,27.602265627204837,0.35,5.0,0.05,
8.661889599999995,REOPEN,0.0,0.0,24328.38790342,27.669947356374458,-0.06837606837609655,27.602567127705264,0.35,5.0,0.05,
8.663071872000728,REOPEN,0.0,0.0,24328.38790342,27.669947356374458,-0.06837606837609655,27.602892209955392,0.35,5.0,0.05,
8.664366549997794,REOPEN,0.0,0.0,24328.38790342,27.669947356374458,-0.20512820512823282,27.603183723955702,0.35,5.0,0.05,
8.665523720999772,REOPEN,0.0,0.0,24328.38790342,27.669947356374458,-0.20512820512823282,27.603508144205556,0.35,5.0,0.05,
8.666757994000363,REOPEN,0.0,0.0,24328.38790342,27.67086289768826,-0.06837606837609655,27.603796018955585,0.35,5.0,0.05,
8.667927631999191,REOPEN,0.0,0.0,24328.38790342,27.67086289768826,-0.06837606837609655,27.604108407705574,0.35,5.0,0.05,
8.669056397000531,REOPEN,0.0,0.0,24328.38790342,27.67086289768826,-0.06837606837609655,27.60439733895557,0.35,5.0,0.05,
8.67043946099875,REOPEN,0.0,0.0,24328.398616393,27.67086289768826,0.06837606837609655,27.604683429705368,0.35,5.0,0.05,
8.671646416998556,REOPEN,0.0,0.0,24328.398616393,27.67086289768826,0.06837606837609655,27.605029022205166,0.35,5.0,0.05,
8.672972208998544,REOPEN,0.0,0.0,24328.398616393,27.67086289768826,-0.06837606837609655,27.605331234205117,0.35,5.0,0.05,
8.67414090300008,REOPEN,0.0,0.0,24328.398616393,27.67086289768826,-0.06837606837609655,27.605660897455458,0.35,5.0,0.05,
8.675345137999102,REOPEN,0.0,0.0,24328.398616393,27.67086289768826,-0.06837606837609655,27.605955653455133,0.35,5.0,0.05,
8.676832760000252,REOPEN,0.0,0.0,24328.398616393,27.67086289768826,0.06837606837609655,27.606256869205502,0.35,5.0,0.05,
8.67804897699898,REOPEN,0.0,0.0,24328.398616393,27.67086289768826,0.06837606837609655,27.606635327204934,0.35,5.0,0.05,
8.679365195999708,REOPEN,0.0,0.0,24328.398616393,27.672693980315863,0.20512820512823282,27.606930848955493,0.35,5.0,0.05,
8.681124386999727,REOPEN,0.0,0.0,24328.409574678,27.672693980315863,0.20512820512823282,27.607392864455072,0.35,5.0,0.05,
8.682351373998245,REOPEN,0.0,0.0,24328.409574678,27.672693980315863,0.20512820512823282,27.6077061419551,0.35,5.0,0.05,
8.683744996000314,REOPEN,0.0,0.0,24328.409574678,27.67177843900206,0.20512820512823282,27.60800760970553,0.35,5.0,0.05,
8.684941101000732,REOPEN,0.0,0.0,24328.409574678,27.67177843900206,0.20512820512823282,27.608355540705382,0.35,5.0,0.05,
8.686228563998156,REOPEN,0.0,0.0,24328.409574678,27.672693980315863,0.20512820512823282,27.608653090955634,0.35,5.0,0.05,
8.687514486999135,REOPEN,0.0,0.0,24328.409574678,27.672693980315863,0.20512820512823282,27.60898814845543,0.35,5.0,0.05,
8.688697610999952,REOPEN,0.0,0.0,24328.409574678,27.672693980315863,0.20512820512823282,27.60929856395571,0.35,5.0,0.05,
8.690211435998208,REOPEN,0.0,0.0,24328.409574678,27.673609521629665,0.3418803418803691,27.609595524455038,0.35,5.0,0.05,
8.692188697998063,REOPEN,0.0,0.0,24328.420679258,27.673609521629665,0.3418803418803691,27.61016867920491,0.35,5.0,0.05,
8.693538576997526,REOPEN,0.0,0.0,24328.420679258,27.673609521629665,0.3418803418803691,27.610467320705105,0.35,5.0,0.05,
8.694710815998405,REOPEN,0.0,0.0,24328.420679258,27.673609521629665,0.3418803418803691,27.61080184370487,0.35,5.0,0.05,
8.695900792998145,REOPEN,0.0,0.0,24328.420679258,27.673609521629665,0.3418803418803691,27.611096195204958,0.35,5.0,0.05,
8.697260963999724,REOPEN,0.0,0.0,24328.420679258,27.673609521629665,0.3418803418803691,27.611395815455147,0.35,5.0,0.05,
8.698454305998894,REOPEN,0.0,0.0,24328.420679258,27.673609521629665,0.3418803418803691,27.61173620845559,0.35,5.0,0.05,
8.699815837997448,REOPEN,0.0,0.0,24328.420679258,27.673609521629665,0.47863247863250535,27.61203350470489,0.35,5.0,0.05,
8.701016520000849,REOPEN,0.0,0.0,24328.420679258,27.673609521629665,0.47863247863250535,27.61237417970508,0.35,5.0,0.05,
8.70267938699908,REOPEN,0.0,0.0,24328.420679258,27.674525062943466,0.47863247863250535,27.612678737455575,0.35,5.0,0.05,
8.70396159899974,REOPEN,0.0,0.0,24328.432114131,27.674525062943466,0.47863247863250535,27.613098153455688,0.35,5.0,0.05,
8.705205280999508,REOPEN,0.0,0.0,24328.432114131,27.674525062943466,0.47863247863250535,27.61341594920534,0.35,5.0,0.05,
8.706659027997375,REOPEN,0.0,0.0,24328.432114131,27.674525062943466,0.47863247863250535,27.613722114955202,0.35,5.0,0.05,
8.707876784999826,REOPEN,0.0,0.0,24328.432114131,27.674525062943466,0.47863247863250535,27.614088564955203,0.35,5.0,0.05,
8.709166880998964,REOPEN,0.0,0.0,24328.432114131,27.674525062943466,0.6153846153846416,27.61438642420537,0.35,5.0,0.05,
8.710409105999133,REOPEN,0.0,0.0,24328.432114131,27.674525062943466,0.6153846153846416,27.61470976845569,0.35,5.0,0.05,
8.711681246997614,REOPEN,0.0,0.0,24328.432114131,27.674525062943466,0.6153846153846416,27.615027224955632,0.35,5.0,0.05,
8.713345684998785,REOPEN,0.0,0.0,24328.432114131,27.67544060425727,0.6153846153846416,27.615344821955226,0.35,5.0,0.05,
8.714681505000044,REOPEN,0.0,0.0,24328.442985925,27.67544060425727,0.6153846153846416,27.615766766955424,0.35,5.0,0.05,
8.71606714799782,REOPEN,0.0,0.0,24328.442985925,27.67635614557107,0.6153846153846416,27.61609688620549,0.35,5.0,0.05,
8.717234784999164,REOPEN,0.0,0.0,24328.442985925,27.67635614557107,0.6153846153846416,27.616434554955525,0.35,5.0,0.05,
8.718520796999655,REOPEN,0.0,0.0,24328.442985925,27.67635614557107,0.6153846153846416,27.616734645705513,0.35,5.0,0.05,
8.719901222000772,REOPEN,0.0,0.0,24328.442985925,27.67635614557107,0.6153846153846416,27.61705473995564,0.35,5.0,0.05,
8.72108619699793,REOPEN,0.0,0.0,24328.442985925,27.67635614557107,0.6153846153846416,27.617396375204883,0.35,5.0,0.05,
8.7223607119995,REOPEN,0.0,0.0,24328.442985925,27.677271686884872,0.7521367521367779,27.617690930705542,0.35,5.0,0.05,
8.723703491999913,REOPEN,0.0,0.0,24328.442985925,27.677271686884872,0.7521367521367779,27.618010086455364,0.35,5.0,0.05,
8.725118648999342,REOPEN,0.0,0.0,24328.453595275,27.677271686884872,0.7521367521367779,27.61839087220553,0.35,5.0,0.05,
8.726514884998323,REOPEN,0.0,0.0,24328.453595275,27.679102769512475,0.6153846153846416,27.61870026020508,0.35,5.0,0.05,
8.727861994997511,REOPEN,0.0,0.0,24328.453595275,27.679102769512475,0.6153846153846416,27.619049393204953,0.35,5.0,0.05,
8.729369090997352,REOPEN,0.0,0.0,24328.453595275,27.679102769512475,0.6153846153846416,27.619402027205545,0.35,5.0,0.05,
8.730588999998872,REOPEN,0.0,0.0,24328.453595275,27.679102769512475,0.6153846153846416,27.619764532705197,0.35,5.0,0.05,
8.731848227998853,REOPEN,0.0,0.0,24328.453595275,27.679102769512475,0.6153846153846416,27.620070806455736,0.35,5.0,0.05,
8.733251390000078,REOPEN,0.0,0.0,24328.453595275,27.680018310826277,0.7521367521367779,27.620389719455055,0.35,5.0,0.05,
8.734461590000137,REOPEN,0.0,0.0,24328.453595275,27.680018310826277,0.7521367521367779,27.620739548955065,0.35,5.0,0.05,
8.736073470998235,REOPEN,0.0,0.0,24328.464452041,27.68093385214008,0.7521367521367779,27.621104781205325,0.35,5.0,0.05,
8.73725774599734,REOPEN,0.0,0.0,24328.464452041,27.68093385214008,0.7521367521367779,27.62143991495534,0.35,5.0,0.05,
8.73847812099848,REOPEN,0.0,0.0,24328.464452041,27.68093385214008,0.7521367521367779,27.621737325705475,0.35,5.0,0.05,
8.739918164999835,REOPEN,0.0,0.0,24328.464452041,27.683680476081484,0.47863247863250535,27.62203772120531,0.35,5.0,0.05,
8.74112874599814,REOPEN,0.0,0.0,24328.464452041,27.683680476081484,0.47863247863250535,27.62240311895541,0.35,5.0,0.05,
8.742428940000536,REOPEN,0.0,0.0,24328.464452041,27.684596017395286,0.3418803418803691,27.622703015705632,0.35,5.0,0.05,
8.743589345998771,REOPEN,0.0,0.0,24328.464452041,27.684596017395286,0.3418803418803691,27.62302344970569,0.35,5.0,0.05,
8.745010932998412,REOPEN,0.0,0.0,24328.464452041,27.688258182650493,0.3418803418803691,27.62331425270488,0.35,5.0,0.05,
8.746239921998495,REOPEN,0.0,0.0,24328.464452041,27.688258182650493,0.3418803418803691,27.62367637545551,0.35,5.0,0.05,
8.747450495997327,REOPEN,0.0,0.0,24328.475527088,27.688258182650493,0.3418803418803691,27.623984495205626,0.35,5.0,0.05,
8.748779123998247,REOPEN,0.0,0.0,24328.475527088,27.6919203479057,0.06837606837609655,27.624280721455328,0.35,5.0,0.05,
8.750007865997759,REOPEN,0.0,0.0,24328.475527088,27.6919203479057,0.06837606837609655,27.62461433595538,0.35,5.0,0.05,
8.751439313997253,REOPEN,0.0,0.0,24328.475527088,27.69649805447471,-0.3418803418803691,27.62492394345511,0.35,5.0,0.05,
8.752616791000037,REOPEN,0.0,0.0,24328.475527088,27.69649805447471,-0.3418803418803691,27.625279484955648,0.35,5.0,0.05,
8.753809933998127,REOPEN,0.0,0.0,24328.475527088,27.69649805447471,-0.3418803418803691,27.625573131705572,0.35,5.0,0.05,
8.755190137999307,REOPEN,0.0,0.0,24328.475527088,27.701075761043718,-0.8888888888889142,27.625871143205153,0.35,5.0,0.05,
8.756387594999978,REOPEN,0.0,0.0,24328.475527088,27.701075761043718,-0.8888888888889142,27.6262177107051,0.35,5.0,0.05,
8.757718188000581,REOPEN,0.0,0.0,24328.475527088,27.70290684367132,-1.0256410256410504,27.626514290705494,0.35,5.0,0.05,
8.758942309999838,REOPEN,0.0,0.0,24328.487160498,27.70290684367132,-1.0256410256410504,27.62685204595484,0.35,5.0,0.05,
8.76012326399723,REOPEN,0.0,0.0,24328.487160498,27.70290684367132,-1.0256410256410504,27.627155498954856,0.35,5.0,0.05,
8.761480596000183,REOPEN,0.0,0.0,24328.487160498,27.70290684367132,-0.8888888888889142,27.627449151954828,0.35,5.0,0.05,
8.762685114998021,REOPEN,0.0,0.0,24328.487160498,27.70290684367132,-0.8888888888889142,27.627788039455048,0.35,5.0,0.05,
8.763971006999782,REOPEN,0.0,0.0,24328.487160498,27.703822384985124,-0.8888888888889142,27.628090035455465,0.35,5.0,0.05,
8.765153746000578,REOPEN,0.0,0.0,24328.487160498,27.703822384985124,-0.8888888888889142,27.62841150470515,0.35,5.0,0.05,
8.76633083699926,REOPEN,0.0,0.0,24328.487160498,27.703822384985124,-0.8888888888889142,27.62870754320513,0.35,5.0,0.05,
8.767833934998635,REOPEN,0.0,0.0,24328.487160498,27.703822384985124,-0.7521367521367779,27.62900400670562,0.35,5.0,0.05,
8.769246321997343,REOPEN,0.0,0.0,24328.497734495,27.703822384985124,-0.7521367521367779,27.62942895720564,0.35,5.0,0.05,
8.770666886997788,REOPEN,0.0,0.0,24328.497734495,27.703822384985124,-0.7521367521367779,27.629744297955334,0.35,5.0,0.05,
8.771874300997297,REOPEN,0.0,0.0,24328.497734495,27.703822384985124,-0.7521367521367779,27.63009072520483,0.35,5.0,0.05,
8.773090819999197,REOPEN,0.0,0.0,24328.497734495,27.703822384985124,-0.7521367521367779,27.63039230295501,0.35,5.0,0.05,
8.77449947399873,REOPEN,0.0,0.0,24328.497734495,27.703822384985124,-0.6153846153846416,27.630696202455077,0.35,5.0,0.05,
8.77566276899961,REOPEN,0.0,0.0,24328.497734495,27.703822384985124,-0.6153846153846416,27.631042546205684,0.35,5.0,0.05,
8.776960584000335,REOPEN,0.0,0.0,24328.497734495,27.703822384985124,-0.6153846153846416,27.6313345234553,0.35,5.0,0.05,
8.778138309997303,REOPEN,0.0,0.0,24328.497734495,27.703822384985124,-0.6153846153846416,27.6316596099555,0.35,5.0,0.05,
8.779418662998069,REOPEN,0.0,0.0,24328.497734495,27.703822384985124,-0.6153846153846416,27.63196872445544,0.35,5.0,0.05,
8.780720532999112,REOPEN,0.0,0.0,24328.508688951,27.704737926298925,-0.47863247863250535,27.632271247705397,0.35,5.0,0.05,
8.781910185000015,REOPEN,0.0,0.0,24328.508688951,27.704737926298925,-0.47863247863250535,27.632599884955674,0.35,5.0,0.05,
8.783217152998986,REOPEN,0.0,0.0,24328.508688951,27.703822384985124,-0.47863247863250535,27.63289843420491,0.35,5.0,0.05,
8.78441044399733,REOPEN,0.0,0.0,24328.508688951,27.703822384985124,-0.47863247863250535,27.633224028455082,0.35,5.0,0.05,
8.785716165999474,REOPEN,0.0,0.0,24328.508688951,27.704737926298925,-0.47863247863250535,27.633517959704953,0.35,5.0,0.05,
8.786899998998706,REOPEN,0.0,0.0,24328.508688951,27.704737926298925,-0.47863247863250535,27.63384947520492,0.35,5.0,0.05,
8.788079583999206,REOPEN,0.0,0.0,24328.508688951,27.704737926298925,-0.47863247863250535,27.63414353070541,0.35,5.0,0.05,
8.789400296998792,REOPEN,0.0,0.0,24328.508688951,27.704737926298925,-0.3418803418803691,27.634440242455206,0.35,5.0,0.05,
8.791245062999224,REOPEN,0.0,0.0,24328.519717645,27.704737926298925,-0.3418803418803691,27.63493496995536,0.35,5.0,0.05,
8.7925841819997,REOPEN,0.0,0.0,24328.519717645,27.704737926298925,-0.20512820512823282,27.635228782705347,0.35,5.0,0.05,
8.793747979998443,REOPEN,0.0,0.0,24328.519717645,27.704737926298925,-0.20512820512823282,27.63556385270524,0.35,5.0,0.05,
8.79492015699725,REOPEN,0.0,0.0,24328.519717645,27.704737926298925,-0.20512820512823282,27.63585565195492,0.35,5.0,0.05,
8.796256195997557,REOPEN,0.0,0.0,24328.519717645,27.704737926298925,-0.20512820512823282,27.63614805120553,0.35,5.0,0.05,
8.7974185139974,REOPEN,0.0,0.0,24328.519717645,27.704737926298925,-0.20512820512823282,27.636482117455238,0.35,5.0,0.05,
8.798698490998504,REOPEN,0.0,0.0,24328.519717645,27.704737926298925,-0.20512820512823282,27.63677098645487,0.35,5.0,0.05,
8.799897196997335,REOPEN,0.0,0.0,24328.519717645,27.704737926298925,-0.20512820512823282,27.63709766895547,0.35,5.0,0.05,
8.801077465999697,REOPEN,0.0,0.0,24328.519717645,27.704737926298925,-0.20512820512823282,27.637393289705436,0.35,5.0,0.05,
8.802585671997804,REOPEN,0.0,0.0,24328.530832055,27.705653467612727,0.06837606837609655,27.63771021945515,0.35,5.0,0.05,
8.803796247997525,REOPEN,0.0,0.0,24328.530832055,27.705653467612727,0.06837606837609655,27.638068805705664,0.35,5.0,0.05,
8.805137014998763,REOPEN,0.0,0.0,24328.530832055,27.704737926298925,-0.06837606837609655,27.638368904455568,0.35,5.0,0.05,
8.806330747000175,REOPEN,0.0,0.0,24328.530832055,27.704737926298925,-0.06837606837609655,27.638705215205412,0.35,5.0,0.05,
8.8074891139986,REOPEN,0.0,0.0,24328.530832055,27.704737926298925,-0.06837606837609655,27.639001016205405,0.35,5.0,0.05,
8.808783345997654,REOPEN,0.0,0.0,24328.530832055,27.704737926298925,0.06837606837609655,27.639287688705302,0.35,5.0,0.05,
8.809969721998641,REOPEN,0.0,0.0,24328.530832055,27.704737926298925,0.06837606837609655,27.639615420205267,0.35,5.0,0.05,
8.811260897997272,REOPEN,0.0,0.0,24328.530832055,27.705653467612727,0.20512820512823282,27.639911523955128,0.35,5.0,0.05,
8.812516218000383,REOPEN,0.0,0.0,24328.530832055,27.705653467612727,0.20512820512823282,27.640237687455304,0.35,5.0,0.05,
8.813701295999635,REOPEN,0.0,0.0,24328.541817255,27.705653467612727,0.20512820512823282,27.640546660955373,0.35,5.0,0.05,
8.815092987999378,REOPEN,0.0,0.0,24328.541817255,27.705653467612727,0.20512820512823282,27.640845073704917,0.35,5.0,0.05,
8.816268111000682,REOPEN,0.0,0.0,24328.541817255,27.705653467612727,0.20512820512823282,27.64119308020556,0.35,5.0,0.05,
8.817578569000034,REOPEN,0.0,0.0,24328.541817255,27.705653467612727,0.20512820512823282,27.64148288545541,0.35,5.0,0.05,
8.81884410999919,REOPEN,0.0,0.0,24328.541817255,27.705653467612727,0.20512820512823282,27.641818290955165,0.35,5.0,0.05,
8.820077582997328,REOPEN,0.0,0.0,24328.541817255,27.705653467612727,0.20512820512823282,27.64213604020508,0.35,5.0,0.05,
8.821518968998134,REOPEN,0.0,0.0,24328.541817255,27.705653467612727,0.3418803418803691,27.642441715955577,0.35,5.0,0.05,
8.822876104997704,REOPEN,0.0,0.0,24328.541817255,27.705653467612727,0.3418803418803691,27.642822866705067,0.35,5.0,0.05,
8.82426277599734,REOPEN,0.0,0.0,24328.552545654,27.705653467612727,0.47863247863250535,27.64314366145529,0.35,5.0,0.05,
8.82551102999787,REOPEN,0.0,0.0,24328.552545654,27.705653467612727,0.47863247863250535,27.643484901455416,0.35,5.0,0.05,
8.826902126998903,REOPEN,0.0,0.0,24328.552545654,27.705653467612727,0.47863247863250535,27.643797808205385,0.35,5.0,0.05,
8.8281167799978,REOPEN,0.0,0.0,24328.552545654,27.705653467612727,0.47863247863250535,27.644144853954934,0.35,5.0,0.05,
8.829288376000477,REOPEN,0.0,0.0,24328.552545654,27.705653467612727,0.47863247863250535,27.64444762570522,0.35,5.0,0.05,
8.830595264000294,REOPEN,0.0,0.0,24328.552545654,27.705653467612727,0.47863247863250535,27.644732670705274,0.35,5.0,0.05,
8.831785610000225,REOPEN,0.0,0.0,24328.552545654,27.705653467612727,0.47863247863250535,27.64506985770506,0.35,5.0,0.05,
8.833083428999089,REOPEN,0.0,0.0,24328.552545654,27.70656900892653,0.6153846153846416,27.645366150205085,0.35,5.0,0.05,
8.83429113499733,REOPEN,0.0,0.0,24328.552545654,27.70656900892653,0.6153846153846416,27.64570108070486,0.35,5.0,0.05,
8.835485321000306,REOPEN,0.0,0.0,24328.563416854,27.70656900892653,0.6153846153846416,27.645988689454974,0.35,5.0,0.05,
8.836898189998465,REOPEN,0.0,0.0,24328.563416854,27.70656900892653,0.6153846153846416,27.646289443955105,0.35,5.0,0.05,
8.838070301000698,REOPEN,0.0,0.0,24328.563416854,27.70656900892653,0.6153846153846416,27.646643252455327,0.35,5.0,0.05,
8.839383647999057,REOPEN,0.0,0.0,24328.563416854,27.70656900892653,0.6153846153846416,27.646936436205145,0.35,5.0,0.05,
8.840535131999786,REOPEN,0.0,0.0,24328.563416854,27.70656900892653,0.6153846153846416,27.647261962205015,0.35,5.0,0.05,
8.841674416999012,REOPEN,0.0,0.0,24328.563416854,27.70656900892653,0.6153846153846416,27.647548510705313,0.35,5.0,0.05,
8.843008640000335,REOPEN,0.0,0.0,24328.563416854,27.70656900892653,0.7521367521367779,27.64783580370524,0.35,5.0,0.05,
8.844178944000305,REOPEN,0.0,0.0,24328.563416854,27.70656900892653,0.7521367521367779,27.648170450205292,0.35,5.0,0.05,
8.845544833999156,REOPEN,0.0,0.0,24328.563416854,27.70748455024033,0.8888888888889142,27.648460118955448,0.35,5.0,0.05,
8.846711359998153,REOPEN,0.0,0.0,24328.574875741,27.70748455024033,0.8888888888889142,27.648804409455373,0.35,5.0,0.05,
8.84790623599838,REOPEN,0.0,0.0,24328.574875741,27.70748455024033,0.8888888888889142,27.649096348705392,0.35,5.0,0.05,
8.849281164999411,REOPEN,0.0,0.0,24328.574875741,27.70748455024033,0.7521367521367779,27.64939738995556,0.35,5.0,0.05,
8.850435844997264,REOPEN,0.0,0.0,24328.574875741,27.70748455024033,0.7521367521367779,27.649732668955515,0.35,5.0,0.05,
8.851717869998538,REOPEN,0.0,0.0,24328.574875741,27.70748455024033,0.8888888888889142,27.650025579454926,0.35,5.0,0.05,
8.852905828000075,REOPEN,0.0,0.0,24328.574875741,27.70748455024033,0.8888888888889142,27.650349268455578,0.35,5.0,0.05,
8.854084705999412,REOPEN,0.0,0.0,24328.574875741,27.70748455024033,0.8888888888889142,27.65064499195571,0.35,5.0,0.05,
8.855413291999866,REOPEN,0.0,0.0,24328.574875741,27.70748455024033,1.0256410256410504,27.65093916320486,0.35,5.0,0.05,
8.857175901997834,REOPEN,0.0,0.0,24328.585645317,27.70748455024033,1.0256410256410504,27.651414306705668,0.35,5.0,0.05,
8.858477621997736,REOPEN,0.0,0.0,24328.585645317,27.70748455024033,1.0256410256410504,27.651710649455275,0.35,5.0,0.05,
8.859656181997707,REOPEN,0.0,0.0,24328.585645317,27.70748455024033,1.0256410256410504,27.65203641895507,0.35,5.0,0.05,
8.860815145999368,REOPEN,0.0,0.0,24328.585645317,27.70748455024033,1.0256410256410504,27.652330617455412,0.35,5.0,0.05,
8.862216002999048,REOPEN,0.0,0.0,24328.585645317,27.70748455024033,1.0256410256410504,27.65262111245513,0.35,5.0,0.05,
8.863421632999234,REOPEN,0.0,0.0,24328.585645317,27.70748455024033,1.0256410256410504,27.652973724955267,0.35,5.0,0.05,
8.86481623399959,REOPEN,0.0,0.0,24328.585645317,27.708400091554132,1.1623931623931867,27.653275517955556,0.35,5.0,0.05,
8.866155686999264,REOPEN,0.0,0.0,24328.585645317,27.708400091554132,1.1623931623931867,27.65363728645527,0.35,5.0,0.05,
8.86770020199765,REOPEN,0.0,0.0,24328.585645317,27.708400091554132,1.1623931623931867,27.653965470705337,0.35,5.0,0.05,
8.868950639000104,REOPEN,0.0,0.0,24328.597126865,27.708400091554132,1.1623931623931867,27.654347295955198,0.35,5.0,0.05,
8.870167473000038,REOPEN,0.0,0.0,24328.597126865,27.708400091554132,1.1623931623931867,27.65465823470506,0.35,5.0,0.05,
8.871527037998021,REOPEN,0.0,0.0,24328.597126865,27.709315632867934,1.1623931623931867,27.654964328455684,0.35,5.0,0.05,
8.872826790997351,REOPEN,0.0,0.0,24328.597126865,27.709315632867934,1.1623931623931867,27.65530277395512,0.35,5.0,0.05,
8.874275924998074,REOPEN,0.0,0.0,24328.597126865,27.708400091554132,1.299145299145323,27.655640041455193,0.35,5.0,0.05,
8.875470765997306,REOPEN,0.0,0.0,24328.597126865,27.708400091554132,1.299145299145323,27.655988239455404,0.35,5.0,0.05,
8.876741968000715,REOPEN,0.0,0.0,24328.597126865,27.708400091554132,1.299145299145323,27.656290037205075,0.35,5.0,0.05,
8.878205840999726,REOPEN,0.0,0.0,24328.597126865,27.709315632867934,1.299145299145323,27.656611105454907,0.35,5.0,0.05,
8.879410808000102,REOPEN,0.0,0.0,24328.607656896,27.709315632867934,1.299145299145323,27.656969998455246,0.35,5.0,0.05,
8.880808907997562,REOPEN,0.0,0.0,24328.607656896,27.709315632867934,1.1623931623931867,27.657274855454965,0.35,5.0,0.05,
8.88200740100001,REOPEN,0.0,0.0,24328.607656896,27.709315632867934,1.1623931623931867,27.65762742870495,0.35,5.0,0.05,
8.883204940000724,REOPEN,0.0,0.0,24328.607656896,27.709315632867934,1.1623931623931867,27.657921094705237,0.35,5.0,0.05,
8.884562380000716,REOPEN,0.0,0.0,24328.607656896,27.710231174181736,1.299145299145323,27.65821914770506,0.35,5.0,0.05,
8.885820462997799,REOPEN,0.0,0.0,24328.607656896,27.710231174181736,1.299145299145323,27.658560096955192,0.35,5.0,0.05,
8.887258535,REOPEN,0.0,0.0,24328.607656896,27.711146715495538,1.4358974358974592,27.65888698270512,0.35,5.0,0.05,
8.888470271998813,REOPEN,0.0,0.0,24328.607656896,27.711146715495538,1.4358974358974592,27.659236724955484,0.35,5.0,0.05,
8.890304987999116,REOPEN,0.0,0.0,24328.618791948,27.711146715495538,1.4358974358974592,27.659692913705406,0.35,5.0,0.05,
8.89187142800074,REOPEN,0.0,0.0,24328.618791948,27.711146715495538,1.299145299145323,27.660003661955237,0.35,5.0,0.05,
8.893151915999624,REOPEN,0.0,0.0,24328.618791948,27.711146715495538,1.299145299145323,27.66039844420495,0.35,5.0,0.05,
8.89456035799958,REOPEN,0.0,0.0,24328.618791948,27.711146715495538,1.4358974358974592,27.660711145705612,0.35,5.0,0.05,
8.895805909000046,REOPEN,0.0,0.0,24328.618791948,27.711146715495538,1.4358974358974592,27.661067843955173,0.35,5.0,0.05,
8.897006662999047,REOPEN,0.0,0.0,24328.618791948,27.711146715495538,1.4358974358974592,27.66137362620568,0.35,5.0,0.05,
8.898450117998436,REOPEN,0.0,0.0,24328.618791948,27.71297779812314,1.4358974358974592,27.661669080955583,0.35,5.0,0.05,
8.899639342998853,REOPEN,0.0,0.0,24328.618791948,27.71297779812314,1.4358974358974592,27.66203248145532,0.35,5.0,0.05,
8.901578540997434,REOPEN,0.0,0.0,24328.629886649,27.71297779812314,1.4358974358974592,27.662475098455182,0.35,5.0,0.05,
8.902792412998679,REOPEN,0.0,0.0,24328.629886649,27.71297779812314,1.4358974358974592,27.662815522454842,0.35,5.0,0.05,
8.903964450997591,REOPEN,0.0,0.0,24328.629886649,27.71297779812314,1.4358974358974592,27.663115460955417,0.35,5.0,0.05,
8.905306098997244,REOPEN,0.0,0.0,24328.629886649,27.713893339436943,1.4358974358974592,27.663411025454955,0.35,5.0,0.05,
8.90645815699827,REOPEN,0.0,0.0,24328.629886649,27.713893339436943,1.4358974358974592,27.663738864705486,0.35,5.0,0.05,
8.907740602000558,REOPEN,0.0,0.0,24328.629886649,27.714808880750745,1.4358974358974592,27.6640305812057,0.35,5.0,0.05,
8.9089148009989,REOPEN,0.0,0.0,24328.629886649,27.714808880750745,1.4358974358974592,27.664352403205633,0.35,5.0,0.05,
8.910325875000126,REOPEN,0.0,0.0,24328.629886649,27.715724422064547,1.4358974358974592,27.66465035745525,0.35,5.0,0.05,
8.912379403998784,REOPEN,0.0,0.0,24328.629886649,27.715724422064547,1.4358974358974592,27.665015018205416,0.35,5.0,0.05,
8.913542914997379,REOPEN,0.0,0.0,24328.640931188,27.715724422064547,1.4358974358974592,27.665512082205645,0.35,5.0,0.05,
8.914914099997986,REOPEN,0.0,0.0,24328.640931188,27.71663996337835,1.4358974358974592,27.665803980704844,0.35,5.0,0.05,
8.916135409999697,REOPEN,0.0,0.0,24328.640931188,27.71663996337835,1.4358974358974592,27.666151922454922,0.35,5.0,0.05,
8.917466242997762,REOPEN,0.0,0.0,24328.640931188,27.71755550469215,1.4358974358974592,27.666453578455297,0.35,5.0,0.05,
8.918632356999296,REOPEN,0.0,0.0,24328.640931188,27.71755550469215,1.4358974358974592,27.66678323345561,0.35,5.0,0.05,
8.919985410000663,REOPEN,0.0,0.0,24328.640931188,27.718471046005952,1.299145299145323,27.667080141205155,0.35,5.0,0.05,
8.921181137997337,REOPEN,0.0,0.0,24328.640931188,27.718471046005952,1.299145299145323,27.66741823970508,0.35,5.0,0.05,
8.922474376999162,REOPEN,0.0,0.0,24328.640931188,27.718471046005952,1.299145299145323,27.66772581745547,0.35,5.0,0.05,
8.923866458997509,REOPEN,0.0,0.0,24328.651961194,27.719386587319754,1.299145299145323,27.668040481705724,0.35,5.0,0.05,
8.92509781300032,REOPEN,0.0,0.0,24328.651961194,27.719386587319754,1.299145299145323,27.668387794455633,0.35,5.0,0.05,
8.926470146998327,REOPEN,0.0,0.0,24328.651961194,27.72213321126116,1.299145299145323,27.66869518120486,0.35,5.0,0.05,
8.927654781997262,REOPEN,0.0,0.0,24328.651961194,27.72213321126116,1.299145299145323,27.669035712454864,0.35,5.0,0.05,
8.928845506998186,REOPEN,0.0,0.0,24328.651961194,27.72213321126116,1.299145299145323,27.66933345120517,0.35,5.0,0.05,
8.93020545499894,REOPEN,0.0,0.0,24328.651961194,27.723964293888763,1.0256410256410504,27.66963036770496,0.35,5.0,0.05,
8.931410468998365,REOPEN,0.0,0.0,24328.651961194,27.723964293888763,1.0256410256410504,27.66997092720569,0.35,5.0,0.05,
8.932707238000148,REOPEN,0.0,0.0,24328.651961194,27.725795376516366,0.8888888888889142,27.670269403705355,0.35,5.0,0.05,
8.934416304000479,REOPEN,0.0,0.0,24328.662830909,27.725795376516366,0.8888888888889142,27.67072241145572,0.35,5.0,0.05,
8.935578128999623,REOPEN,0.0,0.0,24328.662830909,27.725795376516366,0.8888888888889142,27.671021403705275,0.35,5.0,0.05,
8.936998688997846,REOPEN,0.0,0.0,24328.662830909,27.729457541771573,0.8888888888889142,27.67131183220547,0.35,5.0,0.05,
8.938199551997968,REOPEN,0.0,0.0,24328.662830909,27.729457541771573,0.8888888888889142,27.67167035270497,0.35,5.0,0.05,
8.939568568999675,REOPEN,0.0,0.0,24328.662830909,27.731288624399177,0.6153846153846416,27.671967298705134,0.35,5.0,0.05,
8.94076972699986,REOPEN,0.0,0.0,24328.662830909,27.731288624399177,0.6153846153846416,27.672311717455635,0.35,5.0,0.05,
8.941966970000067,REOPEN,0.0,0.0,24328.662830909,27.731288624399177,0.6153846153846416,27.672613225704957,0.35,5.0,0.05,
8.943397306000406,REOPEN,0.0,0.0,24328.662830909,27.735866330968186,0.3418803418803691,27.672911945455347,0.35,5.0,0.05,
8.94537028799823,REOPEN,0.0,0.0,24328.673825217,27.735866330968186,0.3418803418803691,27.673460679955063,0.35,5.0,0.05,
8.946736533998774,REOPEN,0.0,0.0,24328.673825217,27.736781872281988,0.20512820512823282,27.673761052455596,0.35,5.0,0.05,
8.947953522998432,REOPEN,0.0,0.0,24328.673825217,27.736781872281988,0.20512820512823282,27.674105653455193,0.35,5.0,0.05,
8.949145098998997,REOPEN,0.0,0.0,24328.673825217,27.736781872281988,0.20512820512823282,27.674407319955684,0.35,5.0,0.05,
8.950499305999983,REOPEN,0.0,0.0,24328.673825217,27.739528496223393,0.06837606837609655,27.674702712455222,0.35,5.0,0.05,
8.95168996799839,REOPEN,0.0,0.0,24328.673825217,27.739528496223393,0.06837606837609655,27.675045610204982,0.35,5.0,0.05,
8.952977732998988,REOPEN,0.0,0.0,24328.673825217,27.740444037537195,0.06837606837609655,27.67534215220487,0.35,5.0,0.05,
8.954180888998962,REOPEN,0.0,0.0,24328.673825217,27.740444037537195,0.06837606837609655,27.675663911705236,0.35,5.0,0.05,
8.955578270000842,REOPEN,0.0,0.0,24328.673825217,27.740444037537195,0.06837606837609655,27.675971339955616,0.35,5.0,0.05,
8.956783702000394,REOPEN,0.0,0.0,24328.684910301,27.740444037537195,0.06837606837609655,27.67631519795534,0.35,5.0,0.05,
8.957956577000004,REOPEN,0.0,0.0,24328.684910301,27.740444037537195,0.06837606837609655,27.676614498455386,0.35,5.0,0.05,
8.959265888999653,REOPEN,0.0,0.0,24328.684910301,27.740444037537195,0.20512820512823282,27.67690843020548,0.35,5.0,0.05,
8.96044626100047,REOPEN,0.0,0.0,24328.684910301,27.740444037537195,0.20512820512823282,27.67723952845565,0.35,5.0,0.05,
8.96166952099884,REOPEN,0.0,0.0,24328.684910301,27.740444037537195,0.20512820512823282,27.677525708955294,0.35,5.0,0.05,
8.962819747997855,REOPEN,0.0,0.0,24328.684910301,27.740444037537195,0.20512820512823282,27.677832354205314,0.35,5.0,0.05,
8.963976931998332,REOPEN,0.0,0.0,24328.684910301,27.740444037537195,0.20512820512823282,27.6781225752052,0.35,5.0,0.05,
8.96531388999938,REOPEN,0.0,0.0,24328.684910301,27.740444037537195,0.20512820512823282,27.678412553705606,0.35,5.0,0.05,
8.966556354000204,REOPEN,0.0,0.0,24328.684910301,27.740444037537195,0.20512820512823282,27.678755717705393,0.35,5.0,0.05,
8.967911129999266,REOPEN,0.0,0.0,24328.695884657,27.741359578850997,0.3418803418803691,27.67906253645517,0.35,5.0,0.05,
8.96912460599924,REOPEN,0.0,0.0,24328.695884657,27.741359578850997,0.3418803418803691,27.679395459205374,0.35,5.0,0.05,
8.970308805997774,REOPEN,0.0,0.0,24328.695884657,27.741359578850997,0.3418803418803691,27.67970167120486,0.35,5.0,0.05,
8.971588383999915,REOPEN,0.0,0.0,24328.695884657,27.7422751201648,0.47863247863250535,27.67998703870537,0.35,5.0,0.05,
8.972765476999484,REOPEN,0.0,0.0,24328.695884657,27.7422751201648,0.47863247863250535,27.680315028455446,0.35,5.0,0.05,
8.974029999000777,REOPEN,0.0,0.0,24328.695884657,27.7422751201648,0.3418803418803691,27.680609156205286,0.35,5.0,0.05,
8.975196872997913,REOPEN,0.0,0.0,24328.695884657,27.7422751201648,0.3418803418803691,27.680926171955,0.35,5.0,0.05,
8.976348572999996,REOPEN,0.0,0.0,24328.695884657,27.7422751201648,0.3418803418803691,27.681213746705474,0.35,5.0,0.05,
8.978133918997628,REOPEN,0.0,0.0,24328.695884657,27.741359578850997,0.47863247863250535,27.681506537955578,0.35,5.0,0.05,
8.979350465000607,REOPEN,0.0,0.0,24328.706735231,27.741359578850997,0.47863247863250535,27.68195553220496,0.35,5.0,0.05,
8.980665538998437,REOPEN,0.0,0.0,24328.706735231,27.7422751201648,0.6153846153846416,27.682254841205143,0.35,5.0,0.05,
8.98186209800042,REOPEN,0.0,0.0,24328.706735231,27.7422751201648,0.6153846153846416,27.682587148455717,0.35,5.0,0.05,
8.983038275997387,REOPEN,0.0,0.0,24328.706735231,27.7422751201648,0.6153846153846416,27.68288484595498,0.35,5.0,0.05,
8.984380564997991,REOPEN,0.0,0.0,24328.706735231,27.7422751201648,0.6153846153846416,27.68317890145547,0.35,5.0,0.05,
8.985532165999757,REOPEN,0.0,0.0,24328.706735231,27.7422751201648,0.6153846153846416,27.68351087045496,0.35,5.0,0.05,
8.986775116998615,REOPEN,0.0,0.0,24328.706735231,27.7422751201648,0.47863247863250535,27.683798077454888,0.35,5.0,0.05,
8.987943749998522,REOPEN,0.0,0.0,24328.706735231,27.7422751201648,0.47863247863250535,27.684113935455137,0.35,5.0,0.05,
8.989134749997902,REOPEN,0.0,0.0,24328.717438487,27.7422751201648,0.47863247863250535,27.6844061539555,0.35,5.0,0.05,
8.990500813997642,REOPEN,0.0,0.0,24328.717438487,27.7431906614786,0.6153846153846416,27.684699562705212,0.35,5.0,0.05,
8.991658852999535,REOPEN,0.0,0.0,24328.717438487,27.7431906614786,0.6153846153846416,27.68504241495568,0.35,5.0,0.05,
8.993039726999996,REOPEN,0.0,0.0,24328.717438487,27.7431906614786,0.7521367521367779,27.685333918705076,0.35,5.0,0.05,
8.99423738599944,REOPEN,0.0,0.0,24328.717438487,27.7431906614786,0.7521367521367779,27.685681489454986,0.35,5.0,0.05,
8.995644791000814,REOPEN,0.0,0.0,24328.717438487,27.7431906614786,0.6153846153846416,27.68598431095554,0.35,5.0,0.05,
8.996830875999876,REOPEN,0.0,0.0,24328.717438487,27.7431906614786,0.6153846153846416,27.686331084455126,0.35,5.0,0.05,
8.99807652600066,REOPEN,0.0,0.0,24328.717438487,27.7431906614786,0.6153846153846416,27.68663165145565,0.35,5.0,0.05,
8.999498209999729,REOPEN,0.0,0.0,24328.717438487,27.7431906614786,0.7521367521367779,27.68694058270514,0.35,5.0,0.05,
9.000691507000738,REOPEN,0.0,0.0,24328.728615402,27.7431906614786,0.7521367521367779,27.687295468205342,0.35,5.0,0.05,
9.002000516997214,REOPEN,0.0,0.0,24328.728615402,27.745021744106204,0.8888888888889142,27.687593450954886,0.35,5.0,0.05,
9.003197729998647,REOPEN,0.0,0.0,24328.728615402,27.745021744106204,0.8888888888889142,27.687918535705215,0.35,5.0,0.05,
9.004399777000799,REOPEN,0.0,0.0,24328.728615402,27.745021744106204,0.8888888888889142,27.68822140045497,0.35,5.0,0.05,
9.00568765099888,REOPEN,0.0,0.0,24328.728615402,27.745021744106204,0.7521367521367779,27.688515221955207,0.35,5.0,0.05,
9.006859438999527,REOPEN,0.0,0.0,24328.728615402,27.745021744106204,0.7521367521367779,27.688840091955647,0.35,5.0,0.05,
9.008130853999319,REOPEN,0.0,0.0,24328.728615402,27.745021744106204,0.7521367521367779,27.689132717705,0.35,5.0,0.05,
9.009326062998298,REOPEN,0.0,0.0,24328.728615402,27.745021744106204,0.7521367521367779,27.689449742705186,0.35,5.0,0.05,
9.01089604599838,REOPEN,0.0,0.0,24328.728615402,27.745021744106204,0.7521367521367779,27.689754403455048,0.35,5.0,0.05,
9.012244540997926,REOPEN,0.0,0.0,24328.739486066,27.745021744106204,1.0256410256410504,27.690146848205153,0.35,5.0,0.05,
9.01346175800063,REOPEN,0.0,0.0,24328.739486066,27.745021744106204,1.0256410256410504,27.6904874184552,0.35,5.0,0.05,
9.01473695399909,REOPEN,0.0,0.0,24328.739486066,27.745937285420005,1.0256410256410504,27.69078066395516,0.35,5.0,0.05,
9.015919944999041,REOPEN,0.0,0.0,24328.739486066,27.745937285420005,1.0256410256410504,27.691104109454976,0.35,5.0,0.05,
9.017095365998102,REOPEN,0.0,0.0,24328.739486066,27.745937285420005,1.0256410256410504,27.69139748270529,0.35,5.0,0.05,
9.018401171000733,REOPEN,0.0,0.0,24328.739486066,27.745937285420005,0.8888888888889142,27.69169072295565,0.35,5.0,0.05,
9.019548743999621,REOPEN,0.0,0.0,24328.739486066,27.745937285420005,0.8888888888889142,27.692015687455317,0.35,5.0,0.05,
9.020887979997497,REOPEN,0.0,0.0,24328.739486066,27.746852826733807,1.0256410256410504,27.692301879954833,0.35,5.0,0.05,
9.022072501000366,REOPEN,0.0,0.0,24328.750515457,27.746852826733807,1.0256410256410504,27.692641834455138,0.35,5.0,0.05,
9.023286743999051,REOPEN,0.0,0.0,24328.750515457,27.746852826733807,1.0256410256410504,27.6929377687052,0.35,5.0,0.05,
9.024628249997477,REOPEN,0.0,0.0,24328.750515457,27.746852826733807,1.0256410256410504,27.693237198205246,0.35,5.0,0.05,
9.02581102199838,REOPEN,0.0,0.0,24328.750515457,27.746852826733807,1.0256410256410504,27.69357633070515,0.35,5.0,0.05,
9.027051580000261,REOPEN,0.0,0.0,24328.750515457,27.74776836804761,1.0256410256410504,27.693867612455072,0.35,5.0,0.05,
9.028223441997397,REOPEN,0.0,0.0,24328.750515457,27.74776836804761,1.0256410256410504,27.694181758705348,0.35,5.0,0.05,
9.029376839000179,REOPEN,0.0,0.0,24328.750515457,27.74776836804761,1.0256410256410504,27.69447068420552,0.35,5.0,0.05,
9.030648117997771,REOPEN,0.0,0.0,24328.750515457,27.746852826733807,1.0256410256410504,27.694758381205723,0.35,5.0,0.05,
9.031826351998461,REOPEN,0.0,0.0,24328.750515457,27.746852826733807,1.0256410256410504,27.695079982705032,0.35,5.0,0.05,
9.033124907997262,REOPEN,0.0,0.0,24328.761517262,27.74776836804761,1.1623931623931867,27.695376137205606,0.35,5.0,0.05,
9.03433162500005,REOPEN,0.0,0.0,24328.761517262,27.74776836804761,1.1623931623931867,27.69570098545548,0.35,5.0,0.05,
9.035666750998644,REOPEN,0.0,0.0,24328.761517262,27.74868390936141,1.1623931623931867,27.696001793205618,0.35,5.0,0.05,
9.036871034000796,REOPEN,0.0,0.0,24328.761517262,27.74868390936141,1.1623931623931867,27.69633707595542,0.35,5.0,0.05,
9.038067547000537,REOPEN,0.0,0.0,24328.761517262,27.74868390936141,1.1623931623931867,27.69663814720527,0.35,5.0,0.05,
9.039345171997411,REOPEN,0.0,0.0,24328.761517262,27.74868390936141,1.1623931623931867,27.696934427955533,0.35,5.0,0.05,
9.040533478997531,REOPEN,0.0,0.0,24328.761517262,27.74868390936141,1.1623931623931867,27.697260493454927,0.35,5.0,0.05,
9.041773832999752,REOPEN,0.0,0.0,24328.761517262,27.749599450675213,1.1623931623931867,27.69754802495529,0.35,5.0,0.05,
9.04290690400012,REOPEN,0.0,0.0,24328.761517262,27.749599450675213,1.1623931623931867,27.697858792955707,0.35,5.0,0.05,
9.044209678999323,REOPEN,0.0,0.0,24328.772740754,27.749599450675213,1.1623931623931867,27.69817825945531,0.35,5.0,0.05,
9.045497159997467,REOPEN,0.0,0.0,24328.772740754,27.750514991989014,1.299145299145323,27.69847039570552,0.35,5.0,0.05,
9.046648248997371,REOPEN,0.0,0.0,24328.772740754,27.750514991989014,1.299145299145323,27.69878893345551,0.35,5.0,0.05,
9.047910221997881,REOPEN,0.0,0.0,24328.772740754,27.750514991989014,1.299145299145323,27.699080034205075,0.35,5.0,0.05,
9.049080610999226,REOPEN,0.0,0.0,24328.772740754,27.750514991989014,1.299145299145323,27.699396078455287,0.35,5.0,0.05,
9.050244203997863,REOPEN,0.0,0.0,24328.772740754,27.750514991989014,1.299145299145323,27.699688191205063,0.35,5.0,0.05,
9.051569595998444,REOPEN,0.0,0.0,24328.772740754,27.751430533302816,1.299145299145323,27.69997932720573,0.35,5.0,0.05,
9.052729294999153,REOPEN,0.0,0.0,24328.772740754,27.751430533302816,1.299145299145323,27.70030782420556,0.35,5.0,0.05,
9.054044025997428,REOPEN,0.0,0.0,24328.772740754,27.751430533302816,1.299145299145323,27.700600402954954,0.35,5.0,0.05,
9.05531307199999,REOPEN,0.0,0.0,24328.783852584,27.751430533302816,1.299145299145323,27.700956643955145,0.35,5.0,0.05,
9.056460133000655,REOPEN,0.0,0.0,24328.783852584,27.751430533302816,1.299145299145323,27.7012404647053,0.35,5.0,0.05,
9.057783313997788,REOPEN,0.0,0.0,24328.783852584,27.752346074616618,1.299145299145323,27.70153027245535,0.35,5.0,0.05,
9.058977008997317,REOPEN,0.0,0.0,24328.783852584,27.752346074616618,1.299145299145323,27.701866967704994,0.35,5.0,0.05,
9.06025974899967,REOPEN,0.0,0.0,24328.783852584,27.75326161593042,1.299145299145323,27.702162702954887,0.35,5.0,0.05,
9.061457149997295,REOPEN,0.0,0.0,24328.783852584,27.75326161593042,1.299145299145323,27.702487803705047,0.35,5.0,0.05,
9.062623767000332,REOPEN,0.0,0.0,24328.783852584,27.75326161593042,1.299145299145323,27.702781287955553,0.35,5.0,0.05,
9.07226799899945,REOPEN,0.0,0.0,24328.795153001,27.75326161593042,1.299145299145323,27.705126315454912,0.35,5.0,0.05,
9.073447891998512,REOPEN,0.0,0.0,24328.795153001,27.75326161593042,1.299145299145323,27.70548938120512,0.35,5.0,0.05,
9.07458760299778,REOPEN,0.0,0.0,24328.795153001,27.75326161593042,1.299145299145323,27.705777200204942,0.35,5.0,0.05,
9.076073357999121,REOPEN,0.0,0.0,24328.795153001,27.75783932249943,1.0256410256410504,27.706067245955204,0.35,5.0,0.05,
9.077559247998579,REOPEN,0.0,0.0,24328.806082819,27.75783932249943,1.0256410256410504,27.706513422955616,0.35,5.0,0.05,
9.078891895998822,REOPEN,0.0,0.0,24328.806082819,27.75783932249943,1.299145299145323,27.70680741595563,0.35,5.0,0.05,
9.08016427199982,REOPEN,0.0,0.0,24328.806082819,27.75783932249943,1.299145299145323,27.707148925205296,0.35,5.0,0.05,
9.081367850998504,REOPEN,0.0,0.0,24328.806082819,27.75783932249943,1.299145299145323,27.707465795204847,0.35,5.0,0.05,
9.082726422999258,REOPEN,0.0,0.0,24328.806082819,27.761501487754636,1.0256410256410504,27.707750309455626,0.35,5.0,0.05,
9.083936606999487,REOPEN,0.0,0.0,24328.806082819,27.761501487754636,1.0256410256410504,27.70810302745533,0.35,5.0,0.05,
9.085367349998705,REOPEN,0.0,0.0,24328.806082819,27.76424811169604,0.7521367521367779,27.708407112204917,0.35,5.0,0.05,
9.08655796200037,REOPEN,0.0,0.0,24328.806082819,27.76424811169604,0.7521367521367779,27.708761614204853,0.35,5.0,0.05,
9.08883723499821,REOPEN,0.0,0.0,24328.817320109,27.76424811169604,0.7521367521367779,27.709331111955656,0.35,5.0,0.05,
9.090194590997271,REOPEN,0.0,0.0,24328.817320109,27.769741359578852,0.47863247863250535,27.70962654420557,0.35,5.0,0.05,
9.091444256999239,REOPEN,0.0,0.0,24328.817320109,27.769741359578852,0.47863247863250535,27.709970887455277,0.35,5.0,0.05,
9.09277891599777,REOPEN,0.0,0.0,24328.817320109,27.77431906614786,0.06837606837609655,27.710282587454934,0.35,5.0,0.05,
9.09395802599829,REOPEN,0.0,0.0,24328.817320109,27.77431906614786,0.06837606837609655,27.710612901955322,0.35,5.0,0.05,
9.095306323997647,REOPEN,0.0,0.0,24328.817320109,27.777065690089266,-0.20512820512823282,27.710909270455453,0.35,5.0,0.05,
9.096512698997685,REOPEN,0.0,0.0,24328.817320109,27.777065690089266,-0.20512820512823282,27.71124922345509,0.35,5.0,0.05,
9.097699760997784,REOPEN,0.0,0.0,24328.817320109,27.777065690089266,-0.20512820512823282,27.71154734545555,0.35,5.0,0.05,
9.09950798600039,REOPEN,0.0,0.0,24328.827722792,27.77981231403067,-0.3418803418803691,27.711926068955584,0.35,5.0,0.05,
9.100745911997365,REOPEN,0.0,0.0,24328.827722792,27.77981231403067,-0.3418803418803691,27.712298913705602,0.35,5.0,0.05,
9.10213020199808,REOPEN,0.0,0.0,24328.827722792,27.780727855344473,-0.47863247863250535,27.71260867670528,0.35,5.0,0.05,
9.10335091199886,REOPEN,0.0,0.0,24328.827722792,27.780727855344473,-0.47863247863250535,27.712954732455295,0.35,5.0,0.05,
9.104529399999592,REOPEN,0.0,0.0,24328.827722792,27.780727855344473,-0.47863247863250535,27.713256599955024,0.35,5.0,0.05,
9.105942856000183,REOPEN,0.0,0.0,24328.827722792,27.780727855344473,-0.47863247863250535,27.713551334455154,0.35,5.0,0.05,
9.107167657999526,REOPEN,0.0,0.0,24328.827722792,27.780727855344473,-0.47863247863250535,27.71391035145509,0.35,5.0,0.05,
9.10853601800045,REOPEN,0.0,0.0,24328.827722792,27.781643396658275,-0.20512820512823282,27.71421571120529,0.35,5.0,0.05,
9.110509895999712,REOPEN,0.0,0.0,24328.838930236,27.781643396658275,-0.20512820512823282,27.71474264820565,0.35,5.0,0.05,
9.111681733000296,REOPEN,0.0,0.0,24328.838930236,27.781643396658275,-0.20512820512823282,27.715046976205052,0.35,5.0,0.05,
9.113053130997287,REOPEN,0.0,0.0,24328.838930236,27.781643396658275,-0.20512820512823282,27.715337689955525,0.35,5.0,0.05,
9.114216433998081,REOPEN,0.0,0.0,24328.838930236,27.781643396658275,-0.20512820512823282,27.715680053205254,0.35,5.0,0.05,
9.115534665997984,REOPEN,0.0,0.0,24328.838930236,27.781643396658275,-0.20512820512823282,27.715973425205014,0.35,5.0,0.05,
9.116704149997531,REOPEN,0.0,0.0,24328.838930236,27.781643396658275,-0.20512820512823282,27.716299757705677,0.35,5.0,0.05,
9.117864605999785,REOPEN,0.0,0.0,24328.838930236,27.781643396658275,-0.20512820512823282,27.71659264795519,0.35,5.0,0.05,
9.119202448997385,REOPEN,0.0,0.0,24328.838930236,27.781643396658275,-0.06837606837609655,27.716885382954864,0.35,5.0,0.05,
9.120436509998399,REOPEN,0.0,0.0,24328.838930236,27.781643396658275,-0.06837606837609655,27.717220223705702,0.35,5.0,0.05,
9.121677856997849,REOPEN,0.0,0.0,24328.849738103,27.781643396658275,0.06837606837609655,27.7175243492052,0.35,5.0,0.05,
9.122873124997568,REOPEN,0.0,0.0,24328.849738103,27.781643396658275,0.06837606837609655,27.71783604820532,0.35,5.0,0.05,
9.124062378999952,REOPEN,0.0,0.0,24328.849738103,27.781643396658275,0.06837606837609655,27.71813842920485,0.35,5.0,0.05,
9.125415100999817,REOPEN,0.0,0.0,24328.849738103,27.781643396658275,0.06837606837609655,27.718434920705043,0.35,5.0,0.05,
9.126569337997353,REOPEN,0.0,0.0,24328.849738103,27.781643396658275,0.06837606837609655,27.718769741205072,0.35,5.0,0.05,
9.127894043998822,REOPEN,0.0,0.0,24328.849738103,27.781643396658275,0.06837606837609655,27.719059186705202,0.35,5.0,0.05,
9.129091744998732,REOPEN,0.0,0.0,24328.849738103,27.781643396658275,0.06837606837609655,27.719394139205654,0.35,5.0,0.05,
9.130480980998982,REOPEN,0.0,0.0,24328.849738103,27.782558937972077,0.20512820512823282,27.71969338770534,0.35,5.0,0.05,
9.132502609998483,REOPEN,0.0,0.0,24328.860999182,27.782558937972077,0.20512820512823282,27.72025084245572,0.35,5.0,0.05,
9.133657690999826,REOPEN,0.0,0.0,24328.860999182,27.782558937972077,0.20512820512823282,27.72054312795492,0.35,5.0,0.05,
9.134967865000363,REOPEN,0.0,0.0,24328.860999182,27.78347447928588,0.20512820512823282,27.720832944205107,0.35,5.0,0.05,
9.136155255997437,REOPEN,0.0,0.0,24328.860999182,27.78347447928588,0.20512820512823282,27.721162909705093,0.35,5.0,0.05,
9.137468678000005,REOPEN,0.0,0.0,24328.860999182,27.782558937972077,0.20512820512823282,27.7214619639549,0.35,5.0,0.05,
9.13861264499792,REOPEN,0.0,0.0,24328.860999182,27.782558937972077,0.20512820512823282,27.721782794954855,0.35,5.0,0.05,
9.139752277998923,REOPEN,0.0,0.0,24328.860999182,27.782558937972077,0.20512820512823282,27.72206776295527,0.35,5.0,0.05,
9.141104766000353,REOPEN,0.0,0.0,24328.860999182,27.78347447928588,0.3418803418803691,27.722356803954902,0.35,5.0,0.05,
9.142269504998694,REOPEN,0.0,0.0,24328.860999182,27.78347447928588,0.3418803418803691,27.72269660070517,0.35,5.0,0.05,
9.143597598998895,REOPEN,0.0,0.0,24328.871593044,27.78347447928588,0.3418803418803691,27.722987837705226,0.35,5.0,0.05,
9.144784525000432,REOPEN,0.0,0.0,24328.871593044,27.78347447928588,0.3418803418803691,27.723319079955694,0.35,5.0,0.05,
9.145954847997928,REOPEN,0.0,0.0,24328.871593044,27.78347447928588,0.3418803418803691,27.723614033955094,0.35,5.0,0.05,
9.14730881200012,REOPEN,0.0,0.0,24328.871593044,27.78347447928588,0.47863247863250535,27.723907524205536,0.35,5.0,0.05,
9.148494285000197,REOPEN,0.0,0.0,24328.871593044,27.78347447928588,0.47863247863250535,27.72424764570544,0.35,5.0,0.05,
9.149823457999446,REOPEN,0.0,0.0,24328.871593044,27.78347447928588,0.47863247863250535,27.72454124870503,0.35,5.0,0.05,
9.15102496399777,REOPEN,0.0,0.0,24328.871593044,27.78347447928588,0.47863247863250535,27.72487661670541,0.35,5.0,0.05,
9.152204374997382,REOPEN,0.0,0.0,24328.871593044,27.78347447928588,0.47863247863250535,27.72517633895543,0.35,5.0,0.05,
9.153630527998757,REOPEN,0.0,0.0,24328.871593044,27.78439002059968,0.47863247863250535,27.725467663955463,0.35,5.0,0.05,
9.154795711998304,REOPEN,0.0,0.0,24328.882972728,27.78439002059968,0.47863247863250535,27.725825968955654,0.35,5.0,0.05,
9.156077371997526,REOPEN,0.0,0.0,24328.882972728,27.785305561913482,0.47863247863250535,27.72611522570562,0.35,5.0,0.05,
9.157310792998032,REOPEN,0.0,0.0,24328.882972728,27.785305561913482,0.47863247863250535,27.72644073820495,0.35,5.0,0.05,
9.158492631999252,REOPEN,0.0,0.0,24328.882972728,27.785305561913482,0.47863247863250535,27.726748171455732,0.35,5.0,0.05,
9.159807957999874,REOPEN,0.0,0.0,24328.882972728,27.785305561913482,0.6153846153846416,27.72703885195508,0.35,5.0,0.05,
9.16099329699864,REOPEN,0.0,0.0,24328.882972728,27.785305561913482,0.6153846153846416,27.727370927205378,0.35,5.0,0.05,
9.162319671999285,REOPEN,0.0,0.0,24328.882972728,27.785305561913482,0.6153846153846416,27.727667174705424,0.35,5.0,0.05,
9.163507678000315,REOPEN,0.0,0.0,24328.882972728,27.785305561913482,0.6153846153846416,27.728001246205643,0.35,5.0,0.05,
9.16471874600029,REOPEN,0.0,0.0,24328.882972728,27.785305561913482,0.6153846153846416,27.728293730705012,0.35,5.0,0.05,
9.16612533299849,REOPEN,0.0,0.0,24328.894303221,27.785305561913482,0.6153846153846416,27.728604689954885,0.35,5.0,0.05,
9.167312039000535,REOPEN,0.0,0.0,24328.894303221,27.785305561913482,0.6153846153846416,27.728952120455254,0.35,5.0,0.05,
9.168639005998557,REOPEN,0.0,0.0,24328.894303221,27.786221103227284,0.7521367521367779,27.729246877705485,0.35,5.0,0.05,
9.169836837998446,REOPEN,0.0,0.0,24328.894303221,27.786221103227284,0.7521367521367779,27.729579367455266,0.35,5.0,0.05,
9.171227861999796,REOPEN,0.0,0.0,24328.894303221,27.786221103227284,0.6153846153846416,27.72987863395567,0.35,5.0,0.05,
9.172519984000246,REOPEN,0.0,0.0,24328.894303221,27.786221103227284,0.6153846153846416,27.730235751455005,0.35,5.0,0.05,
9.17374441100037,REOPEN,0.0,0.0,24328.894303221,27.786221103227284,0.6153846153846416,27.73055529270507,0.35,5.0,0.05,
9.17531054599749,REOPEN,0.0,0.0,24328.894303221,27.786221103227284,0.7521367521367779,27.73088559195505,0.35,5.0,0.05,
9.17661491599938,REOPEN,0.0,0.0,24328.904818522,27.786221103227284,0.7521367521367779,27.731267339205736,0.35,5.0,0.05,
9.17809506499907,REOPEN,0.0,0.0,24328.904818522,27.787136644541086,0.8888888888889142,27.731577865705297,0.35,5.0,0.05,
9.179350373000489,REOPEN,0.0,0.0,24328.904818522,27.787136644541086,0.8888888888889142,27.73195526495558,0.35,5.0,0.05,
9.180511401998956,REOPEN,0.0,0.0,24328.904818522,27.787136644541086,0.8888888888889142,27.732254744204987,0.35,5.0,0.05,
9.181846408999263,REOPEN,0.0,0.0,24328.904818522,27.788052185854887,0.7521367521367779,27.732544238454942,0.35,5.0,0.05,
9.18303777699839,REOPEN,0.0,0.0,24328.904818522,27.788052185854887,0.7521367521367779,27.732882219455426,0.35,5.0,0.05,
9.1843566489988,REOPEN,0.0,0.0,24328.904818522,27.788052185854887,0.7521367521367779,27.733178854205583,0.35,5.0,0.05,
9.185521701998368,REOPEN,0.0,0.0,24328.904818522,27.788052185854887,0.7521367521367779,27.73350626045569,0.35,5.0,0.05,
9.187081056999887,REOPEN,0.0,0.0,24328.915573813,27.788052185854887,0.7521367521367779,27.733884109954964,0.35,5.0,0.05,
9.188463761998719,REOPEN,0.0,0.0,24328.915573813,27.78988326848249,0.8888888888889142,27.734192475705207,0.35,5.0,0.05,
9.189632465000614,REOPEN,0.0,0.0,24328.915573813,27.78988326848249,0.8888888888889142,27.73453435570493,0.35,5.0,0.05,
9.190898433000257,REOPEN,0.0,0.0,24328.915573813,27.78988326848249,0.7521367521367779,27.734824003704965,0.35,5.0,0.05,
9.192079202999594,REOPEN,0.0,0.0,24328.915573813,27.78988326848249,0.7521367521367779,27.735141719455463,0.35,5.0,0.05,
9.193258095998317,REOPEN,0.0,0.0,24328.915573813,27.78988326848249,0.7521367521367779,27.73544094345518,0.35,5.0,0.05,
9.194567504000588,REOPEN,0.0,0.0,24328.915573813,27.791714351110095,0.7521367521367779,27.735736235954867,0.35,5.0,0.05,
9.195716099999117,REOPEN,0.0,0.0,24328.915573813,27.791714351110095,0.7521367521367779,27.736056982205376,0.35,5.0,0.05,
9.197059668000293,REOPEN,0.0,0.0,24328.915573813,27.791714351110095,0.7521367521367779,27.736348088455564,0.35,5.0,0.05,
9.198264359998575,REOPEN,0.0,0.0,24328.926498629,27.791714351110095,0.7521367521367779,27.73669122495496,0.35,5.0,0.05,
9.19942187199922,REOPEN,0.0,0.0,24328.926498629,27.791714351110095,0.7521367521367779,27.736982963705053,0.35,5.0,0.05,
9.20070013700024,REOPEN,0.0,0.0,24328.926498629,27.7944609750515,0.7521367521367779,27.73727002095486,0.35,5.0,0.05,
9.201866892999533,REOPEN,0.0,0.0,24328.926498629,27.7944609750515,0.7521367521367779,27.737590969955384,0.35,5.0,0.05,
9.20313115799945,REOPEN,0.0,0.0,24328.926498629,27.7953765163653,0.6153846153846416,27.73788372570518,0.35,5.0,0.05,
9.204302905000077,REOPEN,0.0,0.0,24328.926498629,27.7953765163653,0.6153846153846416,27.738201301955563,0.35,5.0,0.05,
9.20540412599803,REOPEN,0.0,0.0,24328.926498629,27.7953765163653,0.6153846153846416,27.738481539955067,0.35,5.0,0.05,
9.206677285998012,REOPEN,0.0,0.0,24328.926498629,27.797207598992905,0.6153846153846416,27.738765730704948,0.35,5.0,0.05,
9.20791717999964,REOPEN,0.0,0.0,24328.926498629,27.797207598992905,0.6153846153846416,27.739088848705727,0.35,5.0,0.05,
9.20915771,REOPEN,0.0,0.0,24328.937560233,27.79903868162051,0.47863247863250535,27.7393961329549,0.35,5.0,0.05,
9.21036288599862,REOPEN,0.0,0.0,24328.937560233,27.79903868162051,0.47863247863250535,27.739709386455182,0.35,5.0,0.05,
9.211636922998878,REOPEN,0.0,0.0,24328.937560233,27.801785305561914,0.20512820512823282,27.74000574120557,0.35,5.0,0.05,
9.21282921799866,REOPEN,0.0,0.0,24328.937560233,27.801785305561914,0.20512820512823282,27.740326184455192,0.35,5.0,0.05,
9.21400206799808,REOPEN,0.0,0.0,24328.937560233,27.801785305561914,0.20512820512823282,27.740623123955196,0.35,5.0,0.05,
9.215461463998508,REOPEN,0.0,0.0,24328.937560233,27.80453192950332,0.06837606837609655,27.74091964495485,0.35,5.0,0.05,
9.216637076999177,REOPEN,0.0,0.0,24328.937560233,27.80453192950332,0.06837606837609655,27.741287603705608,0.35,5.0,0.05,
9.217883476998395,REOPEN,0.0,0.0,24328.937560233,27.808194094758527,-0.20512820512823282,27.741574099205103,0.35,5.0,0.05,
9.21911011499833,REOPEN,0.0,0.0,24328.937560233,27.808194094758527,-0.20512820512823282,27.741887314205563,0.35,5.0,0.05,
9.220550335998269,REOPEN,0.0,0.0,24328.949062283,27.808194094758527,-0.20512820512823282,27.742259005455274,0.35,5.0,0.05,
9.221941036998032,REOPEN,0.0,0.0,24328.949062283,27.811856260013734,-0.47863247863250535,27.74256074770485,0.35,5.0,0.05,
9.223127954999654,REOPEN,0.0,0.0,24328.949062283,27.811856260013734,-0.47863247863250535,27.742906062955193,0.35,5.0,0.05,
9.22445001199958,REOPEN,0.0,0.0,24328.949062283,27.81460288395514,-0.6153846153846416,27.743197541705307,0.35,5.0,0.05,
9.225609400000394,REOPEN,0.0,0.0,24328.949062283,27.81460288395514,-0.6153846153846416,27.743529929455256,0.35,5.0,0.05,
9.226795217997278,REOPEN,0.0,0.0,24328.949062283,27.81460288395514,-0.6153846153846416,27.743821273705656,0.35,5.0,0.05,
9.228129134000483,REOPEN,0.0,0.0,24328.949062283,27.816433966582743,-0.8888888888889142,27.744115629955125,0.35,5.0,0.05,
9.229288671998802,REOPEN,0.0,0.0,24328.949062283,27.816433966582743,-0.8888888888889142,27.744450136205636,0.35,5.0,0.05,
9.230579712999315,REOPEN,0.0,0.0,24328.949062283,27.816433966582743,-0.8888888888889142,27.744733549955093,0.35,5.0,0.05,
9.232647223998356,REOPEN,0.0,0.0,24328.960091461,27.816433966582743,-0.8888888888889142,27.74528513620546,0.35,5.0,0.05,
9.233925098000327,REOPEN,0.0,0.0,24328.960091461,27.816433966582743,-0.6153846153846416,27.745580783205263,0.35,5.0,0.05,
9.235119819000829,REOPEN,0.0,0.0,24328.960091461,27.816433966582743,-0.6153846153846416,27.74589808695557,0.35,5.0,0.05,
9.236488877999363,REOPEN,0.0,0.0,24328.960091461,27.816433966582743,-0.6153846153846416,27.746203386205273,0.35,5.0,0.05,
9.23764077099986,REOPEN,0.0,0.0,24328.960091461,27.816433966582743,-0.6153846153846416,27.746539375455107,0.35,5.0,0.05,
9.238907678998658,REOPEN,0.0,0.0,24328.960091461,27.816433966582743,-0.6153846153846416,27.74682905045531,0.35,5.0,0.05,
9.240144397997938,REOPEN,0.0,0.0,24328.960091461,27.816433966582743,-0.6153846153846416,27.747150354205154,0.35,5.0,0.05,
9.24135036199732,REOPEN,0.0,0.0,24328.960091461,27.816433966582743,-0.6153846153846416,27.74745656370535,0.35,5.0,0.05,
9.242671485997562,REOPEN,0.0,0.0,24328.970911929,27.817349507896544,-0.47863247863250535,27.747753716205374,0.35,5.0,0.05,
9.243875832999038,REOPEN,0.0,0.0,24328.970911929,27.817349507896544,-0.47863247863250535,27.748088079705234,0.35,5.0,0.05,
9.245195032999618,REOPEN,0.0,0.0,24328.970911929,27.817349507896544,-0.47863247863250535,27.748388367455412,0.35,5.0,0.05,
9.246390991000226,REOPEN,0.0,0.0,24328.970911929,27.817349507896544,-0.47863247863250535,27.74871844870497,0.35,5.0,0.05,
9.247532613000658,REOPEN,0.0,0.0,24328.970911929,27.817349507896544,-0.47863247863250535,27.749012154954947,0.35,5.0,0.05,
9.24879510699975,REOPEN,0.0,0.0,24328.970911929,27.817349507896544,-0.47863247863250535,27.74929795545497,0.35,5.0,0.05,
9.249960016997647,REOPEN,0.0,0.0,24328.970911929,27.817349507896544,-0.47863247863250535,27.74961701545501,0.35,5.0,0.05,
9.251197844998387,REOPEN,0.0,0.0,24328.970911929,27.818265049210346,-0.3418803418803691,27.74990773745551,0.35,5.0,0.05,
9.252448330000334,REOPEN,0.0,0.0,24328.970911929,27.818265049210346,-0.3418803418803691,27.75022250045506,0.35,5.0,0.05,
9.253696380998008,REOPEN,0.0,0.0,24328.981750168,27.818265049210346,-0.3418803418803691,27.750533391705652,0.35,5.0,0.05,
9.25507490399832,REOPEN,0.0,0.0,24328.981750168,27.819180590524148,-0.20512820512823282,27.750847143955546,0.35,5.0,0.05,
9.25628947199948,REOPEN,0.0,0.0,24328.981750168,27.819180590524148,-0.20512820512823282,27.751195124455556,0.35,5.0,0.05,
9.257568900997285,REOPEN,0.0,0.0,24328.981750168,27.818265049210346,-0.20512820512823282,27.751489087454978,0.35,5.0,0.05,
9.258714214000065,REOPEN,0.0,0.0,24328.981750168,27.818265049210346,-0.20512820512823282,27.75180842945567,0.35,5.0,0.05,
9.259880259000056,REOPEN,0.0,0.0,24328.981750168,27.818265049210346,-0.20512820512823282,27.752096275954976,0.35,5.0,0.05,
9.261195909999515,REOPEN,0.0,0.0,24328.981750168,27.818265049210346,-0.20512820512823282,27.752387717955138,0.35,5.0,0.05,
9.26237815299828,REOPEN,0.0,0.0,24328.981750168,27.818265049210346,-0.20512820512823282,27.75271808570553,0.35,5.0,0.05,
9.2637903979994,REOPEN,0.0,0.0,24328.981750168,27.818265049210346,-0.06837606837609655,27.75301139420528,0.35,5.0,0.05,
9.265127760998439,REOPEN,0.0,0.0,24328.993183433,27.818265049210346,-0.06837606837609655,27.753393466704914,0.35,5.0,0.05,
9.266316534998623,REOPEN,0.0,0.0,24328.993183433,27.818265049210346,-0.06837606837609655,27.753705125455348,0.35,5.0,0.05,
9.267730431998643,REOPEN,0.0,0.0,24328.993183433,27.818265049210346,-0.06837606837609655,27.753996987705726,0.35,5.0,0.05,
9.268936002998089,REOPEN,0.0,0.0,24328.993183433,27.818265049210346,-0.06837606837609655,27.75435528920527,0.35,5.0,0.05,
9.270217847999447,REOPEN,0.0,0.0,24328.993183433,27.818265049210346,-0.06837606837609655,27.7546546222052,0.35,5.0,0.05,
9.271400859997811,REOPEN,0.0,0.0,24328.993183433,27.818265049210346,-0.06837606837609655,27.754972696955086,0.35,5.0,0.05,
9.2726557399983,REOPEN,0.0,0.0,24328.993183433,27.818265049210346,0.06837606837609655,27.75526585745549,0.35,5.0,0.05,
9.273830332000216,REOPEN,0.0,0.0,24328.993183433,27.818265049210346,0.06837606837609655,27.755583100955413,0.35,5.0,0.05,
9.275069258997974,REOPEN,0.0,0.0,24329.003638424,27.818265049210346,0.06837606837609655,27.7558969492052,0.35,5.0,0.05,
9.27629335399979,REOPEN,0.0,0.0,24329.003638424,27.818265049210346,0.20512820512823282,27.75618161920513,0.35,5.0,0.05,
9.277523335000296,REOPEN,0.0,0.0,24329.003638424,27.818265049210346,0.20512820512823282,27.756492728455235,0.35,5.0,0.05,
9.278844211999967,REOPEN,0.0,0.0,24329.003638424,27.818265049210346,0.20512820512823282,27.756805374454892,0.35,5.0,0.05,
9.279997396999534,REOPEN,0.0,0.0,24329.003638424,27.818265049210346,0.20512820512823282,27.757127317205708,0.35,5.0,0.05,
9.281167754998023,REOPEN,0.0,0.0,24329.003638424,27.818265049210346,0.20512820512823282,27.757414741704928,0.35,5.0,0.05,
9.282451146998937,REOPEN,0.0,0.0,24329.003638424,27.819180590524148,0.20512820512823282,27.75770828170564,0.35,5.0,0.05,
9.283594672997424,REOPEN,0.0,0.0,24329.003638424,27.819180590524148,0.20512820512823282,27.75802784495547,0.35,5.0,0.05,
9.284828149997338,REOPEN,0.0,0.0,24329.003638424,27.819180590524148,0.3418803418803691,27.75831607495504,0.35,5.0,0.05,
9.286223344999598,REOPEN,0.0,0.0,24329.01478165,27.819180590524148,0.3418803418803691,27.758686097205576,0.35,5.0,0.05,
9.287387983000372,REOPEN,0.0,0.0,24329.01478165,27.819180590524148,0.3418803418803691,27.758971222705007,0.35,5.0,0.05,
9.288742049000575,REOPEN,0.0,0.0,24329.01478165,27.82009613183795,0.3418803418803691,27.759254749455543,0.35,5.0,0.05,
9.289937165998708,REOPEN,0.0,0.0,24329.01478165,27.82009613183795,0.3418803418803691,27.759609567704977,0.35,5.0,0.05,
9.291215368997655,REOPEN,0.0,0.0,24329.01478165,27.819180590524148,0.47863247863250535,27.759905200205615,0.35,5.0,0.05,
9.29239806699843,REOPEN,0.0,0.0,24329.01478165,27.819180590524148,0.47863247863250535,27.76022341270484,0.35,5.0,0.05,
9.293523718999495,REOPEN,0.0,0.0,24329.01478165,27.819180590524148,0.47863247863250535,27.760513710955387,0.35,5.0,0.05,
9.294828637997853,REOPEN,0.0,0.0,24329.01478165,27.819180590524148,0.47863247863250535,27.760796812705415,0.35,5.0,0.05,
9.296036577998166,REOPEN,0.0,0.0,24329.01478165,27.819180590524148,0.47863247863250535,27.761130885955502,0.35,5.0,0.05,
9.297491255998466,REOPEN,0.0,0.0,24329.025819921,27.819180590524148,0.6153846153846416,27.761448477955604,0.35,5.0,0.05,
9.298659132000466,REOPEN,0.0,0.0,24329.025819921,27.819180590524148,0.6153846153846416,27.761784838205607,0.35,5.0,0.05,
9.299839855997561,REOPEN,0.0,0.0,24329.025819921,27.819180590524148,0.6153846153846416,27.762087166705463,0.35,5.0,0.05,
9.301228471998911,REOPEN,0.0,0.0,24329.025819921,27.82009613183795,0.6153846153846416,27.762381867955376,0.35,5.0,0.05,
9.302450562998274,REOPEN,0.0,0.0,24329.025819921,27.82009613183795,0.6153846153846416,27.762737879955715,0.35,5.0,0.05,
9.303740311999718,REOPEN,0.0,0.0,24329.025819921,27.82009613183795,0.6153846153846416,27.763028478955242,0.35,5.0,0.05,
9.3049498879991,REOPEN,0.0,0.0,24329.025819921,27.82009613183795,0.6153846153846416,27.763358713455567,0.35,5.0,0.05,
9.306196913999884,REOPEN,0.0,0.0,24329.025819921,27.82009613183795,0.6153846153846416,27.76366429595557,0.35,5.0,0.05,
9.30760278299931,REOPEN,0.0,0.0,24329.025819921,27.82101167315175,0.7521367521367779,27.763974666454963,0.35,5.0,0.05,
9.308804372998566,REOPEN,0.0,0.0,24329.036845582,27.82101167315175,0.7521367521367779,27.76432655270539,0.35,5.0,0.05,
9.310232029998588,REOPEN,0.0,0.0,24329.036845582,27.82009613183795,0.7521367521367779,27.764620546205627,0.35,5.0,0.05,
9.311438331998943,REOPEN,0.0,0.0,24329.036845582,27.82009613183795,0.7521367521367779,27.764986253705068,0.35,5.0,0.05,
9.312696499000594,REOPEN,0.0,0.0,24329.036845582,27.82009613183795,0.7521367521367779,27.765274638955383,0.35,5.0,0.05,
9.313843436997558,REOPEN,0.0,0.0,24329.036845582,27.82009613183795,0.7521367521367779,27.76558889420496,0.35,5.0,0.05,
9.315027751999878,REOPEN,0.0,0.0,24329.036845582,27.82009613183795,0.7521367521367779,27.765881705704963,0.35,5.0,0.05,
9.316327585998806,REOPEN,0.0,0.0,24329.036845582,27.82101167315175,0.8888888888889142,27.766176106204988,0.35,5.0,0.05,
9.317524121997849,REOPEN,0.0,0.0,24329.036845582,27.82101167315175,0.8888888888889142,27.766503365955508,0.35,5.0,0.05,
9.319577554000716,REOPEN,0.0,0.0,24329.036845582,27.82101167315175,0.8888888888889142,27.766799126955014,0.35,5.0,0.05,
9.320845482998266,REOPEN,0.0,0.0,24329.048158534,27.82101167315175,0.8888888888889142,27.767327829954887,0.35,5.0,0.05,
9.322050094997394,REOPEN,0.0,0.0,24329.048158534,27.82101167315175,0.8888888888889142,27.767630174955706,0.35,5.0,0.05,
9.323399180000706,REOPEN,0.0,0.0,24329.048158534,27.822842755779355,0.8888888888889142,27.767930539705524,0.35,5.0,0.05,
9.324592673998268,REOPEN,0.0,0.0,24329.048158534,27.822842755779355,0.8888888888889142,27.76826879945522,0.35,5.0,0.05,
9.32591737400071,REOPEN,0.0,0.0,24329.048158534,27.821927214465553,0.8888888888889142,27.768568905455616,0.35,5.0,0.05,
9.327076519999537,REOPEN,0.0,0.0,24329.048158534,27.821927214465553,0.8888888888889142,27.768897289205164,0.35,5.0,0.05,
9.328247302997625,REOPEN,0.0,0.0,24329.048158534,27.821927214465553,0.8888888888889142,27.76918825720488,0.35,5.0,0.05,
9.32969810099894,REOPEN,0.0,0.0,24329.048158534,27.822842755779355,1.0256410256410504,27.7694891377055,0.35,5.0,0.05,
9.330895806000626,REOPEN,0.0,0.0,24329.058998526,27.822842755779355,1.0256410256410504,27.769846201455515,0.35,5.0,0.05,
9.332175019000715,REOPEN,0.0,0.0,24329.058998526,27.823758297093157,1.0256410256410504,27.77014293345521,0.35,5.0,0.05,
9.333397480997519,REOPEN,0.0,0.0,24329.058998526,27.823758297093157,1.0256410256410504,27.770462522705678,0.35,5.0,0.05,
9.334549352999602,REOPEN,0.0,0.0,24329.058998526,27.823758297093157,1.0256410256410504,27.770766234705228,0.35,5.0,0.05,
9.335895096999593,REOPEN,0.0,0.0,24329.058998526,27.823758297093157,1.0256410256410504,27.771053000455616,0.35,5.0,0.05,
9.33711321499868,REOPEN,0.0,0.0,24329.058998526,27.823758297093157,1.0256410256410504,27.77139467245572,0.35,5.0,0.05,
9.33849694699893,REOPEN,0.0,0.0,24329.058998526,27.823758297093157,1.0256410256410504,27.77169662145527,0.35,5.0,0.05,
9.339681396999367,REOPEN,0.0,0.0,24329.058998526,27.823758297093157,1.0256410256410504,27.77204360645512,0.35,5.0,0.05,
9.341272350997315,REOPEN,0.0,0.0,24329.069808436,27.823758297093157,1.0256410256410504,27.77244455020493,0.35,5.0,0.05,
9.342629580998619,REOPEN,0.0,0.0,24329.069808436,27.82467383840696,1.0256410256410504,27.77273315845516,0.35,5.0,0.05,
9.343837844000518,REOPEN,0.0,0.0,24329.069808436,27.82467383840696,1.0256410256410504,27.77307806520505,0.35,5.0,0.05,
9.345142795998981,REOPEN,0.0,0.0,24329.069808436,27.82558937972076,1.1623931623931867,27.77337845795548,0.35,5.0,0.05,
9.346331328997621,REOPEN,0.0,0.0,24329.069808436,27.82558937972076,1.1623931623931867,27.773705976955647,0.35,5.0,0.05,
9.347521723997488,REOPEN,0.0,0.0,24329.069808436,27.82558937972076,1.1623931623931867,27.77400322420501,0.35,5.0,0.05,
9.348818482998468,REOPEN,0.0,0.0,24329.069808436,27.826504921034562,1.0256410256410504,27.774296315954892,0.35,5.0,0.05,
9.35001573900081,REOPEN,0.0,0.0,24329.069808436,27.826504921034562,1.0256410256410504,27.77462924870499,0.35,5.0,0.05,
9.351399966999452,REOPEN,0.0,0.0,24329.069808436,27.827420462348364,1.0256410256410504,27.774929158455528,0.35,5.0,0.05,
9.352594009000313,REOPEN,0.0,0.0,24329.081091926,27.827420462348364,1.0256410256410504,27.775270224704876,0.35,5.0,0.05,
9.353969580999546,REOPEN,0.0,0.0,24329.081091926,27.827420462348364,1.1623931623931867,27.775571618955404,0.35,5.0,0.05,
9.35516880099749,REOPEN,0.0,0.0,24329.081091926,27.827420462348364,1.1623931623931867,27.775911375705185,0.35,5.0,0.05,
9.356353390998265,REOPEN,0.0,0.0,24329.081091926,27.827420462348364,1.1623931623931867,27.776211994705157,0.35,5.0,0.05,
9.357630697999411,REOPEN,0.0,0.0,24329.081091926,27.828336003662166,1.1623931623931867,27.776505144955557,0.35,5.0,0.05,
9.358784140000353,REOPEN,0.0,0.0,24329.081091926,27.828336003662166,1.1623931623931867,27.776824150955257,0.35,5.0,0.05,
9.360084992000338,REOPEN,0.0,0.0,24329.081091926,27.829251544975968,1.0256410256410504,27.777114974205254,0.35,5.0,0.05,
9.36126753499775,REOPEN,0.0,0.0,24329.081091926,27.829251544975968,1.0256410256410504,27.777440995705113,0.35,5.0,0.05,
9.362446609997278,REOPEN,0.0,0.0,24329.081091926,27.829251544975968,1.0256410256410504,27.777732485705677,0.35,5.0,0.05,
9.363883481997618,REOPEN,0.0,0.0,24329.092192778,27.83108262760357,1.0256410256410504,27.77804692370548,0.35,5.0,0.05,
9.365072496999346,REOPEN,0.0,0.0,24329.092192778,27.83108262760357,1.0256410256410504,27.778390616705586,0.35,5.0,0.05,
9.366379414997937,REOPEN,0.0,0.0,24329.092192778,27.831998168917373,0.8888888888889142,27.778686839705664,0.35,5.0,0.05,
9.36753427199801,REOPEN,0.0,0.0,24329.092192778,27.831998168917373,0.8888888888889142,27.77901151595554,0.35,5.0,0.05,
9.36868785399929,REOPEN,0.0,0.0,24329.092192778,27.831998168917373,0.8888888888889142,27.779299613955594,0.35,5.0,0.05,
9.369994184999086,REOPEN,0.0,0.0,24329.092192778,27.83566033417258,0.7521367521367779,27.779589950955163,0.35,5.0,0.05,
9.37114167999971,REOPEN,0.0,0.0,24329.092192778,27.83566033417258,0.7521367521367779,27.779913979455635,0.35,5.0,0.05,
9.372447458998067,REOPEN,0.0,0.0,24329.092192778,27.838406958113985,0.6153846153846416,27.780203613205707,0.35,5.0,0.05,
9.373594117998437,REOPEN,0.0,0.0,24329.092192778,27.838406958113985,0.6153846153846416,27.78052897495538,0.35,5.0,0.05,
9.374768528999994,REOPEN,0.0,0.0,24329.10308472,27.838406958113985,0.6153846153846416,27.780815443705727,0.35,5.0,0.05,
9.376164229997812,REOPEN,0.0,0.0,24329.10308472,27.842984664682994,0.20512820512823282,27.781112458955725,0.35,5.0,0.05,
9.377359422000154,REOPEN,0.0,0.0,24329.10308472,27.842984664682994,0.20512820512823282,27.781461446205434,0.35,5.0,0.05,
9.378660307000246,REOPEN,0.0,0.0,24329.10308472,27.847562371252003,-0.06837606837609655,27.781758786205067,0.35,5.0,0.05,
9.37983163899844,REOPEN,0.0,0.0,24329.10308472,27.847562371252003,-0.06837606837609655,27.78208214245526,0.35,5.0,0.05,
9.38104491500053,REOPEN,0.0,0.0,24329.10308472,27.847562371252003,-0.06837606837609655,27.782377739954903,0.35,5.0,0.05,
9.38242492399877,REOPEN,0.0,0.0,24329.10308472,27.852140077821012,-0.47863247863250535,27.782681796954897,0.35,5.0,0.05,
9.383594630999141,REOPEN,0.0,0.0,24329.10308472,27.852140077821012,-0.47863247863250535,27.783023413705017,0.35,5.0,0.05,
9.38567595999848,REOPEN,0.0,0.0,24329.10308472,27.854886701762418,-0.6153846153846416,27.78332287845526,0.35,5.0,0.05,
9.38687465700059,REOPEN,0.0,0.0,24329.11425874,27.854886701762418,-0.6153846153846416,27.783838768205463,0.35,5.0,0.05,
9.388072573998215,REOPEN,0.0,0.0,24329.11425874,27.854886701762418,-0.6153846153846416,27.78413775620495,0.35,5.0,0.05,
9.38941298699865,REOPEN,0.0,0.0,24329.11425874,27.85671778439002,-0.7521367521367779,27.784436427705735,0.35,5.0,0.05,
9.390572795997286,REOPEN,0.0,0.0,24329.11425874,27.85671778439002,-0.7521367521367779,27.78476935495521,0.35,5.0,0.05,
9.391889145997993,REOPEN,0.0,0.0,24329.11425874,27.85671778439002,-0.8888888888889142,27.78505997095501,0.35,5.0,0.05,
9.393109458000254,REOPEN,0.0,0.0,24329.11425874,27.85671778439002,-0.8888888888889142,27.785397847955686,0.35,5.0,0.05,
9.394482584997604,REOPEN,0.0,0.0,24329.11425874,27.85671778439002,-0.7521367521367779,27.785694602705483,0.35,5.0,0.05,
9.395675974999904,REOPEN,0.0,0.0,24329.11425874,27.85671778439002,-0.7521367521367779,27.78603792470542,0.35,5.0,0.05,
9.396873893998418,REOPEN,0.0,0.0,24329.124769848,27.85671778439002,-0.7521367521367779,27.786339906955185,0.35,5.0,0.05,
9.3982279189986,REOPEN,0.0,0.0,24329.124769848,27.857633325703823,-0.6153846153846416,27.786638289454935,0.35,5.0,0.05,
9.399474462999933,REOPEN,0.0,0.0,24329.124769848,27.857633325703823,-0.6153846153846416,27.786982786704833,0.35,5.0,0.05,
9.400729218999913,REOPEN,0.0,0.0,24329.124769848,27.857633325703823,-0.6153846153846416,27.787284197455413,0.35,5.0,0.05,
9.401892097997916,REOPEN,0.0,0.0,24329.124769848,27.857633325703823,-0.6153846153846416,27.787598298205488,0.35,5.0,0.05,
9.403069642998162,REOPEN,0.0,0.0,24329.124769848,27.857633325703823,-0.6153846153846416,27.78789200095573,0.35,5.0,0.05,
9.404494176000298,REOPEN,0.0,0.0,24329.124769848,27.857633325703823,-0.6153846153846416,27.78818424120484,0.35,5.0,0.05,
9.407440402999782,REOPEN,0.0,0.0,24329.124769848,27.857633325703823,-0.6153846153846416,27.788896558955024,0.35,5.0,0.05,
9.40928214700034,REOPEN,0.0,0.0,24329.137256336,27.857633325703823,-0.47863247863250535,27.789337756455573,0.35,5.0,0.05,
9.41078349899908,REOPEN,0.0,0.0,24329.137256336,27.858548867017625,-0.47863247863250535,27.789763410705312,0.35,5.0,0.05,
9.412113004000275,REOPEN,0.0,0.0,24329.137256336,27.858548867017625,-0.47863247863250535,27.79013247595551,0.35,5.0,0.05,
9.413620644998446,REOPEN,0.0,0.0,24329.137256336,27.857633325703823,-0.47863247863250535,27.790456389205723,0.35,5.0,0.05,
9.415022701999987,REOPEN,0.0,0.0,24329.137256336,27.857633325703823,-0.47863247863250535,27.79083593720545,0.35,5.0,0.05,
9.416686796997965,REOPEN,0.0,0.0,24329.137256336,27.858548867017625,-0.3418803418803691,27.79119417845552,0.35,5.0,0.05,
9.418135441999766,REOPEN,0.0,0.0,24329.146693607,27.858548867017625,-0.3418803418803691,27.791660880205676,0.35,5.0,0.05,
9.419482833000075,REOPEN,0.0,0.0,24329.146693607,27.858548867017625,-0.3418803418803691,27.791989594455593,0.35,5.0,0.05,
9.42086944499897,REOPEN,0.0,0.0,24329.146693607,27.858548867017625,-0.20512820512823282,27.792291055454847,0.35,5.0,0.05,
9.422093023000343,REOPEN,0.0,0.0,24329.146693607,27.858548867017625,-0.20512820512823282,27.792639568205708,0.35,5.0,0.05,
9.423729586000263,REOPEN,0.0,0.0,24329.146693607,27.858548867017625,-0.20512820512823282,27.79295265470548,0.35,5.0,0.05,
9.42517692599722,REOPEN,0.0,0.0,24329.146693607,27.858548867017625,-0.20512820512823282,27.79338326770496,0.35,5.0,0.05,
9.426559677998739,REOPEN,0.0,0.0,24329.146693607,27.858548867017625,-0.20512820512823282,27.793737665454977,0.35,5.0,0.05,
9.428090716999577,REOPEN,0.0,0.0,24329.146693607,27.858548867017625,-0.06837606837609655,27.794077387704895,0.35,5.0,0.05,
9.429279636999127,REOPEN,0.0,0.0,24329.157616725,27.858548867017625,-0.06837606837609655,27.794443006955156,0.35,5.0,0.05,
9.43067868199796,REOPEN,0.0,0.0,24329.157616725,27.858548867017625,-0.06837606837609655,27.794736194955043,0.35,5.0,0.05,
9.431845675000659,REOPEN,0.0,0.0,24329.157616725,27.858548867017625,-0.06837606837609655,27.795089231205132,0.35,5.0,0.05,
9.432973880997451,REOPEN,0.0,0.0,24329.157616725,27.858548867017625,-0.06837606837609655,27.79537703995495,0.35,5.0,0.05,
9.43424809499993,REOPEN,0.0,0.0,24329.157616725,27.858548867017625,0.06837606837609655,27.795659323955554,0.35,5.0,0.05,
9.435435004997998,REOPEN,0.0,0.0,24329.157616725,27.858548867017625,0.06837606837609655,27.795979194205323,0.35,5.0,0.05,
9.436676588997216,REOPEN,0.0,0.0,24329.157616725,27.858548867017625,0.06837606837609655,27.796276097205485,0.35,5.0,0.05,
9.437858647997928,REOPEN,0.0,0.0,24329.157616725,27.858548867017625,0.06837606837609655,27.796589057954883,0.35,5.0,0.05,
9.438992981999036,REOPEN,0.0,0.0,24329.157616725,27.858548867017625,0.06837606837609655,27.7968826312049,0.35,5.0,0.05,
9.440244536999671,REOPEN,0.0,0.0,24329.168614607,27.859464408331426,0.06837606837609655,27.79717194995512,0.35,5.0,0.05,
9.441445137999835,REOPEN,0.0,0.0,24329.168614607,27.859464408331426,0.06837606837609655,27.79748432495537,0.35,5.0,0.05,
9.44272667900077,REOPEN,0.0,0.0,24329.168614607,27.86037994964523,0.06837606837609655,27.797779957204988,0.35,5.0,0.05,
9.44388631900074,REOPEN,0.0,0.0,24329.168614607,27.86037994964523,0.06837606837609655,27.798101021454862,0.35,5.0,0.05,
9.445083156999317,REOPEN,0.0,0.0,24329.168614607,27.86037994964523,0.06837606837609655,27.79839207345551,0.35,5.0,0.05,
9.446403304998967,REOPEN,0.0,0.0,24329.168614607,27.86037994964523,0.20512820512823282,27.798692314705043,0.35,5.0,0.05,
9.447542162997706,REOPEN,0.0,0.0,24329.168614607,27.86037994964523,0.20512820512823282,27.799015716455436,0.35,5.0,0.05,
9.448745100999076,REOPEN,0.0,0.0,24329.168614607,27.86129549095903,0.3418803418803691,27.7992997247052,0.35,5.0,0.05,
9.449909334998665,REOPEN,0.0,0.0,24329.168614607,27.86129549095903,0.3418803418803691,27.79960498220546,0.35,5.0,0.05,
9.451233873998717,REOPEN,0.0,0.0,24329.179699331,27.86129549095903,0.3418803418803691,27.799910495205516,0.35,5.0,0.05,
9.452512255000329,REOPEN,0.0,0.0,24329.179699331,27.86129549095903,0.3418803418803691,27.80022916970531,0.35,5.0,0.05,
9.453725306000706,REOPEN,0.0,0.0,24329.179699331,27.86129549095903,0.3418803418803691,27.80055370420498,0.35,5.0,0.05,
9.455085077999684,REOPEN,0.0,0.0,24329.179699331,27.86129549095903,0.3418803418803691,27.800851095205438,0.35,5.0,0.05,
9.456260785998893,REOPEN,0.0,0.0,24329.179699331,27.86129549095903,0.3418803418803691,27.801193723205436,0.35,5.0,0.05,
9.45755839299818,REOPEN,0.0,0.0,24329.179699331,27.86129549095903,0.3418803418803691,27.801486331955424,0.35,5.0,0.05,
9.458726516997558,REOPEN,0.0,0.0,24329.179699331,27.86129549095903,0.3418803418803691,27.801805453705605,0.35,5.0,0.05,
9.459886797998479,REOPEN,0.0,0.0,24329.179699331,27.86129549095903,0.3418803418803691,27.80209951270492,0.35,5.0,0.05,
9.461541673998,REOPEN,0.0,0.0,24329.179699331,27.86129549095903,0.47863247863250535,27.80239217870487,0.35,5.0,0.05,
9.462794961000327,REOPEN,0.0,0.0,24329.190796168,27.86129549095903,0.47863247863250535,27.80281458070524,0.35,5.0,0.05,
9.464258225998492,REOPEN,0.0,0.0,24329.190796168,27.862211032272832,0.47863247863250535,27.803119539705698,0.35,5.0,0.05,
9.465614534998167,REOPEN,0.0,0.0,24329.190796168,27.862211032272832,0.47863247863250535,27.80350230720571,0.35,5.0,0.05,
9.46683395099899,REOPEN,0.0,0.0,24329.190796168,27.862211032272832,0.47863247863250535,27.803830793705423,0.35,5.0,0.05,
9.46818181100025,REOPEN,0.0,0.0,24329.190796168,27.862211032272832,0.47863247863250535,27.804127871454988,0.35,5.0,0.05,
9.469355820998317,REOPEN,0.0,0.0,24329.190796168,27.862211032272832,0.47863247863250535,27.804462469205212,0.35,5.0,0.05,
9.470613251000032,REOPEN,0.0,0.0,24329.190796168,27.863126573586634,0.6153846153846416,27.804755357205543,0.35,5.0,0.05,
9.471794442997634,REOPEN,0.0,0.0,24329.190796168,27.863126573586634,0.6153846153846416,27.805073505955555,0.35,5.0,0.05,
9.4732221689992,REOPEN,0.0,0.0,24329.201779078,27.863126573586634,0.6153846153846416,27.805431238205095,0.35,5.0,0.05,
9.474776785998984,REOPEN,0.0,0.0,24329.201779078,27.863126573586634,0.6153846153846416,27.805726036205236,0.35,5.0,0.05,
9.475980739000079,REOPEN,0.0,0.0,24329.201779078,27.863126573586634,0.6153846153846416,27.806116540205515,0.35,5.0,0.05,
9.477287257999706,REOPEN,0.0,0.0,24329.201779078,27.864042114900435,0.6153846153846416,27.80641531295489,0.35,5.0,0.05,
9.478506543997355,REOPEN,0.0,0.0,24329.201779078,27.864042114900435,0.6153846153846416,27.80673176195571,0.35,5.0,0.05,
9.479716092999297,REOPEN,0.0,0.0,24329.201779078,27.864042114900435,0.6153846153846416,27.807049039455272,0.35,5.0,0.05,
9.481139420000545,REOPEN,0.0,0.0,24329.201779078,27.864957656214237,0.6153846153846416,27.807346860955043,0.35,5.0,0.05,
9.482373681999889,REOPEN,0.0,0.0,24329.201779078,27.864957656214237,0.6153846153846416,27.807713960705335,0.35,5.0,0.05,
9.483690484998078,REOPEN,0.0,0.0,24329.201779078,27.864957656214237,0.6153846153846416,27.808010372705688,0.35,5.0,0.05,
9.485016835998977,REOPEN,0.0,0.0,24329.212797941,27.864957656214237,0.6153846153846416,27.808355033205338,0.35,5.0,0.05,
9.486247821998404,REOPEN,0.0,0.0,24329.212797941,27.864957656214237,0.6153846153846416,27.80868421670541,0.35,5.0,0.05,
9.487757465998584,REOPEN,0.0,0.0,24329.212797941,27.86678873884184,0.6153846153846416,27.808986728455714,0.35,5.0,0.05,
9.48903200299901,REOPEN,0.0,0.0,24329.212797941,27.86678873884184,0.6153846153846416,27.809369207205712,0.35,5.0,0.05,
9.490401562998159,REOPEN,0.0,0.0,24329.212797941,27.867704280155642,0.6153846153846416,27.809682046455713,0.35,5.0,0.05,
9.491686761997698,REOPEN,0.0,0.0,24329.212797941,27.867704280155642,0.6153846153846416,27.81002253970521,0.35,5.0,0.05,
9.493147313998634,REOPEN,0.0,0.0,24329.212797941,27.869535362783246,0.47863247863250535,27.8103506412049,0.35,5.0,0.05,
9.494556405999901,REOPEN,0.0,0.0,24329.212797941,27.869535362783246,0.47863247863250535,27.810722949205704,0.35,5.0,0.05,
9.49603481399754,REOPEN,0.0,0.0,24329.224243436,27.869535362783246,0.47863247863250535,27.811092695705632,0.35,5.0,0.05,
9.497529939999367,REOPEN,0.0,0.0,24329.224243436,27.870450904097048,0.47863247863250535,27.81144620870557,0.35,5.0,0.05,
9.498750597998878,REOPEN,0.0,0.0,24329.224243436,27.870450904097048,0.47863247863250535,27.81180277370506,0.35,5.0,0.05,
9.500108922999061,REOPEN,0.0,0.0,24329.224243436,27.87136644541085,0.47863247863250535,27.81211124920494,0.35,5.0,0.05,
9.50130050000007,REOPEN,0.0,0.0,24329.224243436,27.87136644541085,0.47863247863250535,27.81245022545547,0.35,5.0,0.05,
9.502473571999872,REOPEN,0.0,0.0,24329.224243436,27.87136644541085,0.47863247863250535,27.81273606970492,0.35,5.0,0.05,
9.503790045997448,REOPEN,0.0,0.0,24329.224243436,27.874113069352255,0.3418803418803691,27.813036804705483,0.35,5.0,0.05,
9.504955959000654,REOPEN,0.0,0.0,24329.224243436,27.874113069352255,0.3418803418803691,27.81336668195538,0.35,5.0,0.05,
9.506542819999595,REOPEN,0.0,0.0,24329.234874045,27.87594415197986,0.20512820512823282,27.813707967704907,0.35,5.0,0.05,
9.507803155000147,REOPEN,0.0,0.0,24329.234874045,27.87594415197986,0.20512820512823282,27.814060709705267,0.35,5.0,0.05,
9.509017382999446,REOPEN,0.0,0.0,24329.234874045,27.87594415197986,0.20512820512823282,27.81437318070541,0.35,5.0,0.05,
9.510450440997374,REOPEN,0.0,0.0,24329.234874045,27.879606317235066,-0.06837606837609655,27.814677133705594,0.35,5.0,0.05,
9.511630786000751,REOPEN,0.0,0.0,24329.234874045,27.879606317235066,-0.06837606837609655,27.815032955705213,0.35,5.0,0.05,
9.51305821799906,REOPEN,0.0,0.0,24329.234874045,27.883268482490273,-0.3418803418803691,27.815327877955063,0.35,5.0,0.05,
9.51430284199887,REOPEN,0.0,0.0,24329.234874045,27.883268482490273,-0.3418803418803691,27.815699247455562,0.35,5.0,0.05,
9.515497719999985,REOPEN,0.0,0.0,24329.234874045,27.883268482490273,-0.3418803418803691,27.81599630520534,0.35,5.0,0.05,
9.517190499998833,REOPEN,0.0,0.0,24329.234874045,27.88693064774548,-0.6153846153846416,27.81629305170511,0.35,5.0,0.05,
9.518458387999999,REOPEN,0.0,0.0,24329.245811766,27.88693064774548,-0.6153846153846416,27.816722810205214,0.35,5.0,0.05,
9.519786985998508,REOPEN,0.0,0.0,24329.245811766,27.88784618905928,-0.6153846153846416,27.81703769895514,0.35,5.0,0.05,
9.521033075998275,REOPEN,0.0,0.0,24329.245811766,27.88784618905928,-0.6153846153846416,27.817371341454894,0.35,5.0,0.05,
9.522205956000107,REOPEN,0.0,0.0,24329.245811766,27.88784618905928,-0.6153846153846416,27.817680956205116,0.35,5.0,0.05,
9.523562555998069,REOPEN,0.0,0.0,24329.245811766,27.888761730373083,-0.6153846153846416,27.817967402455473,0.35,5.0,0.05,
9.52477630499925,REOPEN,0.0,0.0,24329.245811766,27.888761730373083,-0.6153846153846416,27.81831000720515,0.35,5.0,0.05,
9.526059493000503,REOPEN,0.0,0.0,24329.245811766,27.888761730373083,-0.6153846153846416,27.818611100704878,0.35,5.0,0.05,
9.527241931999015,REOPEN,0.0,0.0,24329.245811766,27.888761730373083,-0.6153846153846416,27.818936748205054,0.35,5.0,0.05,
9.528460577999795,REOPEN,0.0,0.0,24329.256791343,27.888761730373083,-0.6153846153846416,27.81924108145497,0.35,5.0,0.05,
9.529828229999111,REOPEN,0.0,0.0,24329.256791343,27.888761730373083,-0.6153846153846416,27.819533358955162,0.35,5.0,0.05,
9.531060065997735,REOPEN,0.0,0.0,24329.256791343,27.888761730373083,-0.6153846153846416,27.819877323705008,0.35,5.0,0.05,
9.53244999099843,REOPEN,0.0,0.0,24329.256791343,27.890592813000687,-0.3418803418803691,27.820189981955558,0.35,5.0,0.05,
9.533651497000392,REOPEN,0.0,0.0,24329.256791343,27.890592813000687,-0.3418803418803691,27.820530973955577,0.35,5.0,0.05,
9.535051195998676,REOPEN,0.0,0.0,24329.256791343,27.888761730373083,-0.47863247863250535,27.820834465955635,0.35,5.0,0.05,
9.53626458999861,REOPEN,0.0,0.0,24329.256791343,27.888761730373083,-0.47863247863250535,27.821188022704995,0.35,5.0,0.05,
9.537453379998624,REOPEN,0.0,0.0,24329.256791343,27.888761730373083,-0.47863247863250535,27.82148493770503,0.35,5.0,0.05,
9.538811341000837,REOPEN,0.0,0.0,24329.256791343,27.888761730373083,-0.47863247863250535,27.82178537295524,0.35,5.0,0.05,
9.540017989998887,REOPEN,0.0,0.0,24329.267836844,27.888761730373083,-0.47863247863250535,27.822125442955006,0.35,5.0,0.05,
9.5413917199985,REOPEN,0.0,0.0,24329.267836844,27.889677271686885,-0.20512820512823282,27.822423523955443,0.35,5.0,0.05,
9.542570967998472,REOPEN,0.0,0.0,24329.267836844,27.889677271686885,-0.20512820512823282,27.822770001955654,0.35,5.0,0.05,
9.543735356997786,REOPEN,0.0,0.0,24329.267836844,27.889677271686885,-0.20512820512823282,27.82305769045572,0.35,5.0,0.05,
9.54506123399915,REOPEN,0.0,0.0,24329.267836844,27.889677271686885,-0.20512820512823282,27.823352606705633,0.35,5.0,0.05,
9.546224596000684,REOPEN,0.0,0.0,24329.267836844,27.889677271686885,-0.20512820512823282,27.823683834455117,0.35,5.0,0.05,
9.547510358999716,REOPEN,0.0,0.0,24329.267836844,27.888761730373083,-0.20512820512823282,27.823974760205168,0.35,5.0,0.05,
9.5486580709985,REOPEN,0.0,0.0,24329.267836844,27.888761730373083,-0.20512820512823282,27.824293408705238,0.35,5.0,0.05,
9.549885114000062,REOPEN,0.0,0.0,24329.267836844,27.888761730373083,-0.20512820512823282,27.824580634205198,0.35,5.0,0.05,
9.551289544997417,REOPEN,0.0,0.0,24329.279365413,27.890592813000687,-0.06837606837609655,27.824892610205573,0.35,5.0,0.05,
9.552472797997325,REOPEN,0.0,0.0,24329.279365413,27.890592813000687,-0.06837606837609655,27.82523547970552,0.35,5.0,0.05,
9.553806646999874,REOPEN,0.0,0.0,24329.279365413,27.890592813000687,-0.06837606837609655,27.825537062955412,0.35,5.0,0.05,
9.555003643999953,REOPEN,0.0,0.0,24329.279365413,27.890592813000687,-0.06837606837609655,27.825871913955346,0.35,5.0,0.05,
9.55619114900037,REOPEN,0.0,0.0,24329.279365413,27.890592813000687,-0.06837606837609655,27.82617040845573,0.35,5.0,0.05,
9.557545973999368,REOPEN,0.0,0.0,24329.279365413,27.890592813000687,0.06837606837609655,27.82646706170501,0.35,5.0,0.05,
9.558729274998768,REOPEN,0.0,0.0,24329.279365413,27.890592813000687,0.06837606837609655,27.826804567205293,0.35,5.0,0.05,
9.560035759997845,REOPEN,0.0,0.0,24329.279365413,27.890592813000687,0.06837606837609655,27.827102269205646,0.35,5.0,0.05,
9.561726867999823,REOPEN,0.0,0.0,24329.290237024,27.890592813000687,0.06837606837609655,27.82755638770552,0.35,5.0,0.05,
9.562919398998929,REOPEN,0.0,0.0,24329.290237024,27.890592813000687,0.06837606837609655,27.827851412955646,0.35,5.0,0.05,
9.564244949997374,REOPEN,0.0,0.0,24329.290237024,27.890592813000687,0.06837606837609655,27.828149747204883,0.35,5.0,0.05,
9.565444813000795,REOPEN,0.0,0.0,24329.290237024,27.890592813000687,0.06837606837609655,27.82848362820507,0.35,5.0,0.05,
9.56674177899913,REOPEN,0.0,0.0,24329.290237024,27.890592813000687,0.06837606837609655,27.828778478455682,0.35,5.0,0.05,
9.56795165299991,REOPEN,0.0,0.0,24329.290237024,27.890592813000687,0.06837606837609655,27.829106632204933,0.35,5.0,0.05,
9.569158448997769,REOPEN,0.0,0.0,24329.290237024,27.890592813000687,0.06837606837609655,27.82941383145546,0.35,5.0,0.05,
9.570492538998224,REOPEN,0.0,0.0,24329.290237024,27.890592813000687,0.20512820512823282,27.82970772795536,0.35,5.0,0.05,
9.571675739000057,REOPEN,0.0,0.0,24329.290237024,27.890592813000687,0.20512820512823282,27.830038586705562,0.35,5.0,0.05,
9.57296307499928,REOPEN,0.0,0.0,24329.301104599,27.890592813000687,0.3418803418803691,27.830337236205672,0.35,5.0,0.05,
9.574151015000098,REOPEN,0.0,0.0,24329.301104599,27.890592813000687,0.3418803418803691,27.830660212955557,0.35,5.0,0.05,
9.575497171997995,REOPEN,0.0,0.0,24329.301104599,27.890592813000687,0.3418803418803691,27.83095677895519,0.35,5.0,0.05,
9.576647025998682,REOPEN,0.0,0.0,24329.301104599,27.890592813000687,0.3418803418803691,27.831290416455452,0.35,5.0,0.05,
9.577816405999329,REOPEN,0.0,0.0,24329.301104599,27.890592813000687,0.3418803418803691,27.831580480954948,0.35,5.0,0.05,
9.579096893998212,REOPEN,0.0,0.0,24329.301104599,27.890592813000687,0.47863247863250535,27.831872083205347,0.35,5.0,0.05,
9.580259289999958,REOPEN,0.0,0.0,24329.301104599,27.890592813000687,0.47863247863250535,27.832192432455052,0.35,5.0,0.05,
9.581539175000216,REOPEN,0.0,0.0,24329.301104599,27.89242389562829,0.47863247863250535,27.83248528095512,0.35,5.0,0.05,
9.58274343299854,REOPEN,0.0,0.0,24329.301104599,27.89242389562829,0.47863247863250535,27.832805614705215,0.35,5.0,0.05,
9.583932703997561,REOPEN,0.0,0.0,24329.312036382,27.89242389562829,0.47863247863250535,27.833108584455225,0.35,5.0,0.05,
9.585233903999324,REOPEN,0.0,0.0,24329.312036382,27.89150835431449,0.47863247863250535,27.833400552705392,0.35,5.0,0.05,
9.586445953998918,REOPEN,0.0,0.0,24329.312036382,27.89150835431449,0.47863247863250535,27.833728624955732,0.35,5.0,0.05,
9.587693161000061,REOPEN,0.0,0.0,24329.312036382,27.89242389562829,0.47863247863250535,27.83402668570536,0.35,5.0,0.05,
9.588864528999693,REOPEN,0.0,0.0,24329.312036382,27.89242389562829,0.47863247863250535,27.83434143720526,0.35,5.0,0.05,
9.590035626999452,REOPEN,0.0,0.0,24329.312036382,27.89242389562829,0.47863247863250535,27.834635301205275,0.35,5.0,0.05,
9.591548686999886,REOPEN,0.0,0.0,24329.312036382,27.89242389562829,0.6153846153846416,27.83492828720548,0.35,5.0,0.05,
9.59281917199769,REOPEN,0.0,0.0,24329.312036382,27.89242389562829,0.6153846153846416,27.83531613945572,0.35,5.0,0.05,
9.595042478998948,REOPEN,0.0,0.0,24329.323282175,27.89242389562829,0.6153846153846416,27.83582141870513,0.35,5.0,0.05,
9.596436244999495,REOPEN,0.0,0.0,24329.323282175,27.89150835431449,0.6153846153846416,27.83619251245502,0.35,5.0,0.05,
9.59762287400008,REOPEN,0.0,0.0,24329.323282175,27.89150835431449,0.6153846153846416,27.836530300705384,0.35,5.0,0.05,
9.59898396599965,REOPEN,0.0,0.0,24329.323282175,27.893339436942092,0.7521367521367779,27.83682789445495,0.35,5.0,0.05,
9.600199260999943,REOPEN,0.0,0.0,24329.323282175,27.893339436942092,0.7521367521367779,27.837169765455222,0.35,5.0,0.05,
9.601491296998574,REOPEN,0.0,0.0,24329.323282175,27.893339436942092,0.7521367521367779,27.837467527955162,0.35,5.0,0.05,
9.602654394999263,REOPEN,0.0,0.0,24329.323282175,27.893339436942092,0.7521367521367779,27.83778994595516,0.35,5.0,0.05,
9.603870790997462,REOPEN,0.0,0.0,24329.323282175,27.893339436942092,0.7521367521367779,27.838081572705526,0.35,5.0,0.05,
9.6058010630004,REOPEN,0.0,0.0,24329.334106408,27.894254978255894,0.7521367521367779,27.838529092455722,0.35,5.0,0.05,
9.607000295000034,REOPEN,0.0,0.0,24329.334106408,27.894254978255894,0.7521367521367779,27.838868776955245,0.35,5.0,0.05,
9.608281960998283,REOPEN,0.0,0.0,24329.334106408,27.893339436942092,0.8888888888889142,27.839168385954984,0.35,5.0,0.05,
9.609446419999585,REOPEN,0.0,0.0,24329.334106408,27.893339436942092,0.8888888888889142,27.8394879839557,0.35,5.0,0.05,
9.61059388799913,REOPEN,0.0,0.0,24329.334106408,27.893339436942092,0.8888888888889142,27.83977670570541,0.35,5.0,0.05,
9.611928734000685,REOPEN,0.0,0.0,24329.334106408,27.895170519569696,1.0256410256410504,27.840068390205055,0.35,5.0,0.05,
9.613095396998688,REOPEN,0.0,0.0,24329.334106408,27.895170519569696,1.0256410256410504,27.840403289705613,0.35,5.0,0.05,
9.614370849998522,REOPEN,0.0,0.0,24329.334106408,27.894254978255894,0.8888888888889142,27.84069084695559,0.35,5.0,0.05,
9.615555047999806,REOPEN,0.0,0.0,24329.334106408,27.894254978255894,0.8888888888889142,27.841011115705008,0.35,5.0,0.05,
9.616735012998106,REOPEN,0.0,0.0,24329.344934885,27.894254978255894,0.8888888888889142,27.84130615620554,0.35,5.0,0.05,
9.61816516899853,REOPEN,0.0,0.0,24329.344934885,27.894254978255894,0.8888888888889142,27.841602203704973,0.35,5.0,0.05,
9.619427186000394,REOPEN,0.0,0.0,24329.344934885,27.894254978255894,0.8888888888889142,27.841965929455476,0.35,5.0,0.05,
9.620791607998399,REOPEN,0.0,0.0,24329.344934885,27.895170519569696,1.1623931623931867,27.84227773270552,0.35,5.0,0.05,
9.622009695998713,REOPEN,0.0,0.0,24329.344934885,27.895170519569696,1.1623931623931867,27.84262283945511,0.35,5.0,0.05,
9.623206342999765,REOPEN,0.0,0.0,24329.344934885,27.895170519569696,1.1623931623931867,27.842922236205162,0.35,5.0,0.05,
9.624600463997922,REOPEN,0.0,0.0,24329.344934885,27.895170519569696,1.0256410256410504,27.843223841455732,0.35,5.0,0.05,
9.625778972000262,REOPEN,0.0,0.0,24329.344934885,27.895170519569696,1.0256410256410504,27.8435696787051,0.35,5.0,0.05,
9.627199943999585,REOPEN,0.0,0.0,24329.344934885,27.895170519569696,1.0256410256410504,27.84386380620483,0.35,5.0,0.05,
9.629272131998732,REOPEN,0.0,0.0,24329.356557133,27.895170519569696,1.0256410256410504,27.844411207955567,0.35,5.0,0.05,
9.630937931997323,REOPEN,0.0,0.0,24329.356557133,27.896086060883498,1.1623931623931867,27.84475060520483,0.35,5.0,0.05,
9.632265383999766,REOPEN,0.0,0.0,24329.356557133,27.896086060883498,1.1623931623931867,27.845175536205282,0.35,5.0,0.05,
9.63378902399927,REOPEN,0.0,0.0,24329.356557133,27.8970016021973,1.1623931623931867,27.845487683205214,0.35,5.0,0.05,
9.635122150000825,REOPEN,0.0,0.0,24329.356557133,27.8970016021973,1.1623931623931867,27.84587925670487,0.35,5.0,0.05,
9.636657113998808,REOPEN,0.0,0.0,24329.356557133,27.8970016021973,1.1623931623931867,27.84621991620545,0.35,5.0,0.05,
9.638026378997893,REOPEN,0.0,0.0,24329.356557133,27.8970016021973,1.1623931623931867,27.846599081705357,0.35,5.0,0.05,
9.640055604999361,REOPEN,0.0,0.0,24329.367330853,27.8970016021973,1.1623931623931867,27.84710316220528,0.35,5.0,0.05,
9.641827944000397,REOPEN,0.0,0.0,24329.367330853,27.8970016021973,1.299145299145323,27.847451897705035,0.35,5.0,0.05,
9.643225796997285,REOPEN,0.0,0.0,24329.367330853,27.8970016021973,1.299145299145323,27.847898044205543,0.35,5.0,0.05,
9.64476621599897,REOPEN,0.0,0.0,24329.367330853,27.8979171435111,1.299145299145323,27.848240410205584,0.35,5.0,0.05,
9.646090649999678,REOPEN,0.0,0.0,24329.367330853,27.8979171435111,1.299145299145323,27.848624385955667,0.35,5.0,0.05,
9.647645258999546,REOPEN,0.0,0.0,24329.367330853,27.8979171435111,1.299145299145323,27.84895756695507,0.35,5.0,0.05,
9.64898728299886,REOPEN,0.0,0.0,24329.367330853,27.8979171435111,1.299145299145323,27.84935368795552,0.35,5.0,0.05,
9.650396955999895,REOPEN,0.0,0.0,24329.37838321,27.8979171435111,1.299145299145323,27.84969708770543,0.35,5.0,0.05,
9.652067936000094,REOPEN,0.0,0.0,24329.37838321,27.898832684824903,1.299145299145323,27.850027137455548,0.35,5.0,0.05,
9.65337813899896,REOPEN,0.0,0.0,24329.37838321,27.898832684824903,1.299145299145323,27.85044769820572,0.35,5.0,0.05,
9.654838333997759,REOPEN,0.0,0.0,24329.37838321,27.899748226138705,1.4358974358974592,27.850769606955076,0.35,5.0,0.05,
9.656123758999456,REOPEN,0.0,0.0,24329.37838321,27.899748226138705,1.4358974358974592,27.851139519455067,0.35,5.0,0.05,
9.657419589999336,REOPEN,0.0,0.0,24329.37838321,27.899748226138705,1.4358974358974592,27.851459240205735,0.35,5.0,0.05,
9.658950794997509,REOPEN,0.0,0.0,24329.37838321,27.899748226138705,1.299145299145323,27.85178115095507,0.35,5.0,0.05,
9.660687771000084,REOPEN,0.0,0.0,24329.389146122,27.899748226138705,1.299145299145323,27.852281930205685,0.35,5.0,0.05,
9.66221638999923,REOPEN,0.0,0.0,24329.389146122,27.900663767452507,1.4358974358974592,27.852603115455643,0.35,5.0,0.05,
9.663532729999133,REOPEN,0.0,0.0,24329.389146122,27.900663767452507,1.4358974358974592,27.852988084205684,0.35,5.0,0.05,
9.664797085999453,REOPEN,0.0,0.0,24329.389146122,27.900663767452507,1.4358974358974592,27.85330717295485,0.35,5.0,0.05,
9.666397565000807,REOPEN,0.0,0.0,24329.389146122,27.90157930876631,1.4358974358974592,27.853629162955734,0.35,5.0,0.05,
9.66766706099952,REOPEN,0.0,0.0,24329.389146122,27.90157930876631,1.4358974358974592,27.854024989955654,0.35,5.0,0.05,
9.66922058199998,REOPEN,0.0,0.0,24329.389146122,27.90249485008011,1.4358974358974592,27.854344475455513,0.35,5.0,0.05,
9.670564414998807,REOPEN,0.0,0.0,24329.389146122,27.90249485008011,1.4358974358974592,27.854736297955718,0.35,5.0,0.05,
9.671929919000831,REOPEN,0.0,0.0,24329.399987695,27.90249485008011,1.4358974358974592,27.855074541705584,0.35,5.0,0.05,
9.673497572999622,REOPEN,0.0,0.0,24329.399987695,27.904325932707714,1.299145299145323,27.85541130545564,0.35,5.0,0.05,
9.674768878998293,REOPEN,0.0,0.0,24329.399987695,27.904325932707714,1.299145299145323,27.855800113954977,0.35,5.0,0.05,
9.676285052999447,REOPEN,0.0,0.0,24329.399987695,27.906157015335317,1.299145299145323,27.856126030705603,0.35,5.0,0.05,
9.677573370998289,REOPEN,0.0,0.0,24329.399987695,27.906157015335317,1.299145299145323,27.85650185545503,0.35,5.0,0.05,
9.678802269998414,REOPEN,0.0,0.0,24329.399987695,27.906157015335317,1.299145299145323,27.856818058704924,0.35,5.0,0.05,
9.680289945998084,REOPEN,0.0,0.0,24329.399987695,27.90798809796292,1.1623931623931867,27.857122653705595,0.35,5.0,0.05,
9.681652200000826,REOPEN,0.0,0.0,24329.399987695,27.90798809796292,1.1623931623931867,27.857504078205714,0.35,5.0,0.05,
9.6831230530006,REOPEN,0.0,0.0,24329.410969563,27.910734721904326,1.0256410256410504,27.857838203455252,0.35,5.0,0.05,
9.684454807000293,REOPEN,0.0,0.0,24329.410969563,27.910734721904326,1.0256410256410504,27.858208883705196,0.35,5.0,0.05,
9.686005202998786,REOPEN,0.0,0.0,24329.410969563,27.914396887159533,0.6153846153846416,27.858540695955092,0.35,5.0,0.05,
9.687328741998499,REOPEN,0.0,0.0,24329.410969563,27.914396887159533,0.6153846153846416,27.858930874205292,0.35,5.0,0.05,
9.688678974998766,REOPEN,0.0,0.0,24329.410969563,27.914396887159533,0.6153846153846416,27.85926974320548,0.35,5.0,0.05,
9.690212831999816,REOPEN,0.0,0.0,24329.410969563,27.918974593728542,0.47863247863250535,27.859598375205245,0.35,5.0,0.05,
9.691554550998262,REOPEN,0.0,0.0,24329.410969563,27.918974593728542,0.47863247863250535,27.85999759795552,0.35,5.0,0.05,
9.693449111997325,REOPEN,0.0,0.0,24329.410969563,27.92355230029755,0.06837606837609655,27.860321785704876,0.35,5.0,0.05,
9.69464344899825,REOPEN,0.0,0.0,24329.422055141,27.92355230029755,0.06837606837609655,27.860786167955233,0.35,5.0,0.05,
9.695841370998096,REOPEN,0.0,0.0,24329.422055141,27.92355230029755,0.06837606837609655,27.861080685705495,0.35,5.0,0.05,
9.697192487998109,REOPEN,0.0,0.0,24329.422055141,27.929961089494164,-0.47863247863250535,27.861381068205013,0.35,5.0,0.05,
9.698427416999039,REOPEN,0.0,0.0,24329.422055141,27.929961089494164,-0.47863247863250535,27.86172250545544,0.35,5.0,0.05,
9.699987949999922,REOPEN,0.0,0.0,24329.422055141,27.93362325474937,-0.6153846153846416,27.862031247705566,0.35,5.0,0.05,
9.701309743999445,REOPEN,0.0,0.0,24329.422055141,27.93362325474937,-0.6153846153846416,27.862436418955006,0.35,5.0,0.05,
9.702652130999923,REOPEN,0.0,0.0,24329.422055141,27.93362325474937,-0.6153846153846416,27.86275761870504,0.35,5.0,0.05,
9.70477249599935,REOPEN,0.0,0.0,24329.422055141,27.936369878690776,-1.0256410256410504,27.86309267695517,0.35,5.0,0.05,
9.706202715999098,REOPEN,0.0,0.0,24329.433363603,27.936369878690776,-1.0256410256410504,27.863628311955402,0.35,5.0,0.05,
9.70785796400014,REOPEN,0.0,0.0,24329.433363603,27.937285420004578,-1.0256410256410504,27.863988578954853,0.35,5.0,0.05,
9.709181731999706,REOPEN,0.0,0.0,24329.433363603,27.937285420004578,-1.0256410256410504,27.86439916770498,0.35,5.0,0.05,
9.71052417899773,REOPEN,0.0,0.0,24329.433363603,27.937285420004578,-1.0256410256410504,27.864737076705318,0.35,5.0,0.05,
9.712118620998808,REOPEN,0.0,0.0,24329.433363603,27.93911650263218,-1.0256410256410504,27.865057540204837,0.35,5.0,0.05,
9.71341569499782,REOPEN,0.0,0.0,24329.433363603,27.93911650263218,-1.0256410256410504,27.865462412455166,0.35,5.0,0.05,
9.715426548998948,REOPEN,0.0,0.0,24329.433363603,27.940032043945983,-1.1623931623931867,27.865778451955087,0.35,5.0,0.05,
9.716749434999656,REOPEN,0.0,0.0,24329.444026469,27.940032043945983,-1.1623931623931867,27.86628460795557,0.35,5.0,0.05,
9.718026259997714,REOPEN,0.0,0.0,24329.444026469,27.940032043945983,-1.1623931623931867,27.866618938455325,0.35,5.0,0.05,
9.719634902998223,REOPEN,0.0,0.0,24329.444026469,27.940947585259785,-1.0256410256410504,27.86693136445549,0.35,5.0,0.05,
9.720948073998443,REOPEN,0.0,0.0,24329.444026469,27.940947585259785,-1.0256410256410504,27.86734250595557,0.35,5.0,0.05,
9.722511022999242,REOPEN,0.0,0.0,24329.444026469,27.94277866788739,-1.1623931623931867,27.867664940205508,0.35,5.0,0.05,
9.723795892998169,REOPEN,0.0,0.0,24329.444026469,27.94277866788739,-1.1623931623931867,27.868056410455686,0.35,5.0,0.05,
9.72507946299811,REOPEN,0.0,0.0,24329.444026469,27.94277866788739,-1.1623931623931867,27.868378172205233,0.35,5.0,0.05,
9.727462656999705,REOPEN,0.0,0.0,24329.455447998,27.94369420920119,-1.1623931623931867,27.868862588205523,0.35,5.0,0.05,
9.728964072997769,REOPEN,0.0,0.0,24329.455447998,27.944609750514992,-1.0256410256410504,27.869302265205555,0.35,5.0,0.05,
9.730253007997817,REOPEN,0.0,0.0,24329.455447998,27.944609750514992,-1.0256410256410504,27.869671749455414,0.35,5.0,0.05,
9.731732633998035,REOPEN,0.0,0.0,24329.455447998,27.945525291828794,-1.1623931623931867,27.869984475705245,0.35,5.0,0.05,
9.733007453000027,REOPEN,0.0,0.0,24329.455447998,27.945525291828794,-1.1623931623931867,27.870360314955654,0.35,5.0,0.05,
9.734539095999935,REOPEN,0.0,0.0,24329.455447998,27.947356374456398,-1.299145299145323,27.87068239820521,0.35,5.0,0.05,
9.735898931998236,REOPEN,0.0,0.0,24329.455447998,27.947356374456398,-1.299145299145323,27.871068327705437,0.35,5.0,0.05,
9.7379321169974,REOPEN,0.0,0.0,24329.466343675,27.947356374456398,-1.299145299145323,27.871583088455303,0.35,5.0,0.05,
9.739582643000176,REOPEN,0.0,0.0,24329.466343675,27.950102998397803,-1.299145299145323,27.871910748705453,0.35,5.0,0.05,
9.740879846998723,REOPEN,0.0,0.0,24329.466343675,27.950102998397803,-1.299145299145323,27.87232711745539,0.35,5.0,0.05,
9.742422150000493,REOPEN,0.0,0.0,24329.466343675,27.951934081025406,-1.5726495726495955,27.872649561955335,0.35,5.0,0.05,
9.743751179998071,REOPEN,0.0,0.0,24329.466343675,27.951934081025406,-1.5726495726495955,27.87303520620528,0.35,5.0,0.05,
9.745352337999066,REOPEN,0.0,0.0,24329.466343675,27.955596246280614,-1.7094017094017318,27.87337266320494,0.35,5.0,0.05,
9.746650056000362,REOPEN,0.0,0.0,24329.466343675,27.955596246280614,-1.7094017094017318,27.87376732945497,0.35,5.0,0.05,
9.74803827699725,REOPEN,0.0,0.0,24329.466343675,27.955596246280614,-1.7094017094017318,27.87411378245499,0.35,5.0,0.05,
9.750533001999429,REOPEN,0.0,0.0,24329.477482935,27.961089494163424,-2.1196581196581405,27.874642721204985,0.35,5.0,0.05,
9.751997266997932,REOPEN,0.0,0.0,24329.477482935,27.962005035477226,-2.256410256410277,27.87506434145555,0.35,5.0,0.05,
9.753288021998742,REOPEN,0.0,0.0,24329.477482935,27.962005035477226,-2.256410256410277,27.875429643204846,0.35,5.0,0.05,
9.754814103998797,REOPEN,0.0,0.0,24329.477482935,27.96383611810483,-2.256410256410277,27.875751585955662,0.35,5.0,0.05,
9.756159116997878,REOPEN,0.0,0.0,24329.477482935,27.96383611810483,-2.256410256410277,27.876134852705512,0.35,5.0,0.05,
9.75788777499838,REOPEN,0.0,0.0,24329.477482935,27.96383611810483,-2.256410256410277,27.876478489205077,0.35,5.0,0.05,
9.75985451499946,REOPEN,0.0,0.0,24329.488274547,27.96383611810483,-2.256410256410277,27.87706371070501,0.35,5.0,0.05,
9.76117910299945,REOPEN,0.0,0.0,24329.488274547,27.96383611810483,-2.256410256410277,27.877401042205314,0.35,5.0,0.05,
9.762834060999012,REOPEN,0.0,0.0,24329.488274547,27.96383611810483,-2.1196581196581405,27.87772596070547,0.35,5.0,0.05,
9.764188949997333,REOPEN,0.0,0.0,24329.488274547,27.96383611810483,-2.1196581196581405,27.878140491454836,0.35,5.0,0.05,
9.765725928999018,REOPEN,0.0,0.0,24329.488274547,27.96475165941863,-1.9829059829060043,27.878487552955015,0.35,5.0,0.05,
9.767029354999977,REOPEN,0.0,0.0,24329.488274547,27.96475165941863,-1.9829059829060043,27.87886596170531,0.35,5.0,0.05,
9.76830488899941,REOPEN,0.0,0.0,24329.488274547,27.96475165941863,-1.9829059829060043,27.8791887767052,0.35,5.0,0.05,
9.769889278999472,REOPEN,0.0,0.0,24329.488274547,27.96383611810483,-1.9829059829060043,27.879504621955242,0.35,5.0,0.05,
9.77117560699844,REOPEN,0.0,0.0,24329.499316102,27.96383611810483,-1.9829059829060043,27.87989991420502,0.35,5.0,0.05,
9.77278621000005,REOPEN,0.0,0.0,24329.499316102,27.96475165941863,-1.846153846153868,27.880223866205164,0.35,5.0,0.05,
9.774141776997567,REOPEN,0.0,0.0,24329.499316102,27.96475165941863,-1.846153846153868,27.880635256954996,0.35,5.0,0.05,
9.775468397998338,REOPEN,0.0,0.0,24329.499316102,27.96475165941863,-1.846153846153868,27.880969908205337,0.35,5.0,0.05,
9.777300832000037,REOPEN,0.0,0.0,24329.499316102,27.962920576791028,-1.7094017094017318,27.88130008795499,0.35,5.0,0.05,
9.778667056998529,REOPEN,0.0,0.0,24329.499316102,27.962920576791028,-1.7094017094017318,27.881767806205538,0.35,5.0,0.05,
9.780327581000165,REOPEN,0.0,0.0,24329.499316102,27.96475165941863,-1.5726495726495955,27.882105244705166,0.35,5.0,0.05,
9.782030509999458,REOPEN,0.0,0.0,24329.510372656,27.96475165941863,-1.5726495726495955,27.882591665705625,0.35,5.0,0.05,
9.783394701000361,REOPEN,0.0,0.0,24329.510372656,27.96475165941863,-1.5726495726495955,27.882947039455324,0.35,5.0,0.05,
9.785139188999892,REOPEN,0.0,0.0,24329.510372656,27.96383611810483,-1.5726495726495955,27.88327829020502,0.35,5.0,0.05,
9.786583648998203,REOPEN,0.0,0.0,24329.510372656,27.96383611810483,-1.5726495726495955,27.883721995955533,0.35,5.0,0.05,
9.78812952899898,REOPEN,0.0,0.0,24329.510372656,27.96475165941863,-1.4358974358974592,27.8840789599549,0.35,5.0,0.05,
9.789468413000577,REOPEN,0.0,0.0,24329.510372656,27.96475165941863,-1.4358974358974592,27.884462700705193,0.35,5.0,0.05,
9.790801186998578,REOPEN,0.0,0.0,24329.510372656,27.96475165941863,-1.4358974358974592,27.88480040870538,0.35,5.0,0.05,
9.793659579998348,REOPEN,0.0,0.0,24329.521509899,27.96383611810483,-1.299145299145323,27.8851351049557,0.35,5.0,0.05,
9.794957389000047,REOPEN,0.0,0.0,24329.521509899,27.96383611810483,-1.299145299145323,27.885849612455353,0.35,5.0,0.05,
9.796213245997933,REOPEN,0.0,0.0,24329.521509899,27.96383611810483,-1.299145299145323,27.886167077455433,0.35,5.0,0.05,
9.79771899899788,REOPEN,0.0,0.0,24329.521509899,27.96383611810483,-1.1623931623931867,27.886476404705284,0.35,5.0,0.05,
9.798960625998006,REOPEN,0.0,0.0,24329.521509899,27.96383611810483,-1.1623931623931867,27.88685425920496,0.35,5.0,0.05,
9.80032269199728,REOPEN,0.0,0.0,24329.521509899,27.96383611810483,-1.1623931623931867,27.88716182345572,0.35,5.0,0.05,
9.801504043000023,REOPEN,0.0,0.0,24329.521509899,27.96383611810483,-1.1623931623931867,27.887502161955602,0.35,5.0,0.05,
9.802699497999129,REOPEN,0.0,0.0,24329.521509899,27.96383611810483,-1.1623931623931867,27.88779237145493,0.35,5.0,0.05,
9.804145636997418,REOPEN,0.0,0.0,24329.532443274,27.96383611810483,-1.0256410256410504,27.888104261455304,0.35,5.0,0.05,
9.805403210000804,REOPEN,0.0,0.0,24329.532443274,27.96383611810483,-1.0256410256410504,27.88845900120534,0.35,5.0,0.05,
9.806919111997559,REOPEN,0.0,0.0,24329.532443274,27.96475165941863,-0.8888888888889142,27.8887724919555,0.35,5.0,0.05,
9.808249892997992,REOPEN,0.0,0.0,24329.532443274,27.96475165941863,-0.8888888888889142,27.889159032955398,0.35,5.0,0.05,
9.809523796997382,REOPEN,0.0,0.0,24329.532443274,27.96475165941863,-0.8888888888889142,27.88948591970486,0.35,5.0,0.05,
9.81114301299749,REOPEN,0.0,0.0,24329.532443274,27.96383611810483,-0.8888888888889142,27.889813102955053,0.35,5.0,0.05,
9.812408347999735,REOPEN,0.0,0.0,24329.532443274,27.96383611810483,-0.8888888888889142,27.89021683645526,0.35,5.0,0.05,
9.813837941997917,REOPEN,0.0,0.0,24329.532443274,27.96475165941863,-0.8888888888889142,27.890529767955307,0.35,5.0,0.05,
9.815232263998041,REOPEN,0.0,0.0,24329.543234821,27.96475165941863,-0.8888888888889142,27.890905849204977,0.35,5.0,0.05,
9.816458288998547,REOPEN,0.0,0.0,24329.543234821,27.96475165941863,-0.8888888888889142,27.891236365454937,0.35,5.0,0.05,
9.817874358999688,REOPEN,0.0,0.0,24329.543234821,27.96475165941863,-0.6153846153846416,27.891531552705167,0.35,5.0,0.05,
9.819083803999092,REOPEN,0.0,0.0,24329.543234821,27.96475165941863,-0.6153846153846416,27.891890058205284,0.35,5.0,0.05,
9.820433822998893,REOPEN,0.0,0.0,24329.543234821,27.96383611810483,-0.6153846153846416,27.892191699955696,0.35,5.0,0.05,
9.82164300599834,REOPEN,0.0,0.0,24329.543234821,27.96383611810483,-0.6153846153846416,27.89252743620502,0.35,5.0,0.05,
9.822871848999057,REOPEN,0.0,0.0,24329.543234821,27.96383611810483,-0.6153846153846416,27.89283214595573,0.35,5.0,0.05,
9.824220006998075,REOPEN,0.0,0.0,24329.543234821,27.96383611810483,-0.47863247863250535,27.893142197955534,0.35,5.0,0.05,
9.825775987999805,REOPEN,0.0,0.0,24329.554299966,27.96383611810483,-0.47863247863250535,27.893569319704987,0.35,5.0,0.05,
9.827155577000667,REOPEN,0.0,0.0,24329.554299966,27.96383611810483,-0.47863247863250535,27.89386180995509,0.35,5.0,0.05,
9.828372091000347,REOPEN,0.0,0.0,24329.554299966,27.96383611810483,-0.47863247863250535,27.89421152420484,0.35,5.0,0.05,
9.829521856998326,REOPEN,0.0,0.0,24329.554299966,27.96383611810483,-0.47863247863250535,27.894509735205723,0.35,5.0,0.05,
9.830836695997277,REOPEN,0.0,0.0,24329.554299966,27.96475165941863,-0.47863247863250535,27.894796037955096,0.35,5.0,0.05,
9.83203267099816,REOPEN,0.0,0.0,24329.554299966,27.96475165941863,-0.47863247863250535,27.89513348895573,0.35,5.0,0.05,
9.833346311999776,REOPEN,0.0,0.0,24329.554299966,27.96475165941863,-0.3418803418803691,27.895425319455647,0.35,5.0,0.05,
9.834511993998603,REOPEN,0.0,0.0,24329.554299966,27.96475165941863,-0.3418803418803691,27.895754223205152,0.35,5.0,0.05,
9.835822265999013,REOPEN,0.0,0.0,24329.554299966,27.962920576791028,-0.20512820512823282,27.896045388705282,0.35,5.0,0.05,
9.837078895998275,REOPEN,0.0,0.0,24329.565307475,27.962920576791028,-0.20512820512823282,27.896391217455424,0.35,5.0,0.05,
9.838224090999574,REOPEN,0.0,0.0,24329.565307475,27.962920576791028,-0.20512820512823282,27.896685996955533,0.35,5.0,0.05,
9.839576693000708,REOPEN,0.0,0.0,24329.565307475,27.96475165941863,-0.20512820512823282,27.896974050955144,0.35,5.0,0.05,
9.84088852000059,REOPEN,0.0,0.0,24329.565307475,27.96475165941863,-0.20512820512823282,27.897316495705603,0.35,5.0,0.05,
9.842441408000013,REOPEN,0.0,0.0,24329.565307475,27.96475165941863,-0.06837606837609655,27.897654947455088,0.35,5.0,0.05,
9.84376995799903,REOPEN,0.0,0.0,24329.565307475,27.96475165941863,-0.06837606837609655,27.898041388955356,0.35,5.0,0.05,
9.845092334999208,REOPEN,0.0,0.0,24329.565307475,27.96475165941863,-0.06837606837609655,27.898374027704925,0.35,5.0,0.05,
9.846828376998019,REOPEN,0.0,0.0,24329.565307475,27.96383611810483,-0.06837606837609655,27.89870376895535,0.35,5.0,0.05,
9.848232208998525,REOPEN,0.0,0.0,24329.576446023,27.96383611810483,-0.06837606837609655,27.899163319204966,0.35,5.0,0.05,
9.849599675999343,REOPEN,0.0,0.0,24329.576446023,27.96475165941863,0.06837606837609655,27.89948401670565,0.35,5.0,0.05,
9.85081204800008,REOPEN,0.0,0.0,24329.576446023,27.96475165941863,0.06837606837609655,27.89982021570497,0.35,5.0,0.05,
9.852045400999486,REOPEN,0.0,0.0,24329.576446023,27.96475165941863,0.06837606837609655,27.90012615695516,0.35,5.0,0.05,
9.853514821999852,REOPEN,0.0,0.0,24329.576446023,27.96475165941863,0.20512820512823282,27.900435472955472,0.35,5.0,0.05,
9.854780951998691,REOPEN,0.0,0.0,24329.576446023,27.96475165941863,0.20512820512823282,27.9008097167057,0.35,5.0,0.05,
9.856120165997709,REOPEN,0.0,0.0,24329.576446023,27.96383611810483,0.20512820512823282,27.901123169705464,0.35,5.0,0.05,
9.857264278998628,REOPEN,0.0,0.0,24329.576446023,27.96383611810483,0.20512820512823282,27.901447725455476,0.35,5.0,0.05,
9.858923682997556,REOPEN,0.0,0.0,24329.587343655,27.96383611810483,0.20512820512823282,27.90183645620484,0.35,5.0,0.05,
9.86056823599938,REOPEN,0.0,0.0,24329.587343655,27.96475165941863,0.3418803418803691,27.90215935045537,0.35,5.0,0.05,
9.861814595999022,REOPEN,0.0,0.0,24329.587343655,27.96475165941863,0.3418803418803691,27.90256801120497,0.35,5.0,0.05,
9.863227982998069,REOPEN,0.0,0.0,24329.587343655,27.96475165941863,0.3418803418803691,27.90287860520541,0.35,5.0,0.05,
9.864479497999127,REOPEN,0.0,0.0,24329.587343655,27.96475165941863,0.3418803418803691,27.903232169955594,0.35,5.0,0.05,
9.8657388779975,REOPEN,0.0,0.0,24329.587343655,27.96475165941863,0.3418803418803691,27.903544016454838,0.35,5.0,0.05,
9.867157818000123,REOPEN,0.0,0.0,24329.587343655,27.96383611810483,0.47863247863250535,27.903864905204976,0.35,5.0,0.05,
9.868442651000805,REOPEN,0.0,0.0,24329.587343655,27.96383611810483,0.47863247863250535,27.904209941455086,0.35,5.0,0.05,
9.869916994997766,REOPEN,0.0,0.0,24329.598148683,27.965667200732433,0.47863247863250535,27.90454221270513,0.35,5.0,0.05,
9.871168067998951,REOPEN,0.0,0.0,24329.598148683,27.965667200732433,0.47863247863250535,27.904906474705534,0.35,5.0,0.05,
9.872442898998997,REOPEN,0.0,0.0,24329.598148683,27.965667200732433,0.47863247863250535,27.905216492455587,0.35,5.0,0.05,
9.873832527999184,REOPEN,0.0,0.0,24329.598148683,27.96475165941863,0.6153846153846416,27.90553251445501,0.35,5.0,0.05,
9.875012639000488,REOPEN,0.0,0.0,24329.598148683,27.96475165941863,0.6153846153846416,27.905880475705565,0.35,5.0,0.05,
9.876398904998496,REOPEN,0.0,0.0,24329.598148683,27.96383611810483,0.6153846153846416,27.90617000370505,0.35,5.0,0.05,
9.877614248998725,REOPEN,0.0,0.0,24329.598148683,27.96383611810483,0.6153846153846416,27.906521497704965,0.35,5.0,0.05,
9.878982193000411,REOPEN,0.0,0.0,24329.598148683,27.965667200732433,0.7521367521367779,27.90682404995507,0.35,5.0,0.05,
9.880571219997364,REOPEN,0.0,0.0,24329.598148683,27.965667200732433,0.7521367521367779,27.907168711705275,0.35,5.0,0.05,
9.881764231999114,REOPEN,0.0,0.0,24329.609182717,27.965667200732433,0.7521367521367779,27.907560775705427,0.35,5.0,0.05,
9.883161276000465,REOPEN,0.0,0.0,24329.609182717,27.96475165941863,0.7521367521367779,27.907864524205728,0.35,5.0,0.05,
9.884504867997748,REOPEN,0.0,0.0,24329.609182717,27.96475165941863,0.7521367521367779,27.908215434205452,0.35,5.0,0.05,
9.886057167997933,REOPEN,0.0,0.0,24329.609182717,27.96475165941863,0.7521367521367779,27.908556827205324,0.35,5.0,0.05,
9.887328673998127,REOPEN,0.0,0.0,24329.609182717,27.96475165941863,0.7521367521367779,27.908948564705064,0.35,5.0,0.05,
9.88853583799937,REOPEN,0.0,0.0,24329.609182717,27.96475165941863,0.7521367521367779,27.909253985204963,0.35,5.0,0.05,
9.890026739998575,REOPEN,0.0,0.0,24329.609182717,27.965667200732433,0.8888888888889142,27.909556489705686,0.35,5.0,0.05,
9.891551193999476,REOPEN,0.0,0.0,24329.620059083,27.965667200732433,0.8888888888889142,27.910002208955596,0.35,5.0,0.05,
9.892982571000175,REOPEN,0.0,0.0,24329.620059083,27.965667200732433,0.8888888888889142,27.910308031704993,0.35,5.0,0.05,
9.894245429997682,REOPEN,0.0,0.0,24329.620059083,27.965667200732433,0.8888888888889142,27.91067033945503,0.35,5.0,0.05,
9.895452487999137,REOPEN,0.0,0.0,24329.620059083,27.965667200732433,0.8888888888889142,27.910982951455047,0.35,5.0,0.05,
9.8967974829975,REOPEN,0.0,0.0,24329.620059083,27.965667200732433,1.0256410256410504,27.911281233954945,0.35,5.0,0.05,
9.898023341000226,REOPEN,0.0,0.0,24329.620059083,27.965667200732433,1.0256410256410504,27.911618025705614,0.35,5.0,0.05,
9.899457667997922,REOPEN,0.0,0.0,24329.620059083,27.966582742046235,1.1623931623931867,27.911928714455392,0.35,5.0,0.05,
9.900668678998045,REOPEN,0.0,0.0,24329.620059083,27.966582742046235,1.1623931623931867,27.912290377954854,0.35,5.0,0.05,
9.90189204899798,REOPEN,0.0,0.0,24329.620059083,27.966582742046235,1.1623931623931867,27.91258546270503,0.35,5.0,0.05,
9.903390658000717,REOPEN,0.0,0.0,24329.631046723,27.966582742046235,1.1623931623931867,27.91289983120489,0.35,5.0,0.05,
9.90455879000001,REOPEN,0.0,0.0,24329.631046723,27.966582742046235,1.1623931623931867,27.91326769995569,0.35,5.0,0.05,
9.905915580999135,REOPEN,0.0,0.0,24329.631046723,27.966582742046235,1.1623931623931867,27.91355641445491,0.35,5.0,0.05,
9.90715709199867,REOPEN,0.0,0.0,24329.631046723,27.966582742046235,1.1623931623931867,27.913902184955553,0.35,5.0,0.05,
9.908471717000793,REOPEN,0.0,0.0,24329.631046723,27.966582742046235,1.1623931623931867,27.914223183455327,0.35,5.0,0.05,
9.90980313199907,REOPEN,0.0,0.0,24329.631046723,27.967498283360037,1.299145299145323,27.914541168455365,0.35,5.0,0.05,
9.911014304998389,REOPEN,0.0,0.0,24329.631046723,27.967498283360037,1.299145299145323,27.91486812170526,0.35,5.0,0.05,
9.912786190998304,REOPEN,0.0,0.0,24329.631046723,27.967498283360037,1.1623931623931867,27.915175869205562,0.35,5.0,0.05,
9.914152909997938,REOPEN,0.0,0.0,24329.642069548,27.967498283360037,1.1623931623931867,27.915637876705226,0.35,5.0,0.05,
9.915561609999713,REOPEN,0.0,0.0,24329.642069548,27.967498283360037,1.1623931623931867,27.91597056620551,0.35,5.0,0.05,
9.917273159997421,REOPEN,0.0,0.0,24329.642069548,27.96841382467384,1.299145299145323,27.916329264205636,0.35,5.0,0.05,
9.918630234999,REOPEN,0.0,0.0,24329.642069548,27.96841382467384,1.299145299145323,27.916754945705655,0.35,5.0,0.05,
9.920118260997697,REOPEN,0.0,0.0,24329.642069548,27.96841382467384,1.299145299145323,27.91708794095532,0.35,5.0,0.05,
9.92145379199792,REOPEN,0.0,0.0,24329.642069548,27.96841382467384,1.299145299145323,27.91746001245567,0.35,5.0,0.05,
9.92300272599823,REOPEN,0.0,0.0,24329.642069548,27.96841382467384,1.299145299145323,27.917791315454927,0.35,5.0,0.05,
9.924561457999516,REOPEN,0.0,0.0,24329.652957486,27.96841382467384,1.299145299145323,27.91822788070524,0.35,5.0,0.05,
9.925999627997953,REOPEN,0.0,0.0,24329.652957486,27.96841382467384,1.299145299145323,27.91857963170562,0.35,5.0,0.05,
9.927585558998544,REOPEN,0.0,0.0,24329.652957486,27.96932936598764,1.4358974358974592,27.918933851455698,0.35,5.0,0.05,
9.928958448999765,REOPEN,0.0,0.0,24329.652957486,27.96932936598764,1.4358974358974592,27.919327095205084,0.35,5.0,0.05,
9.930700398999761,REOPEN,0.0,0.0,24329.652957486,27.970244907301442,1.4358974358974592,27.919678556204893,0.35,5.0,0.05,
9.932145556998876,REOPEN,0.0,0.0,24329.652957486,27.970244907301442,1.4358974358974592,27.920115081455627,0.35,5.0,0.05,
9.933614985999156,REOPEN,0.0,0.0,24329.652957486,27.970244907301442,1.4358974358974592,27.9204839439549,0.35,5.0,0.05,
9.936057022998284,REOPEN,0.0,0.0,24329.652957486,27.970244907301442,1.299145299145323,27.920846884204842,0.35,5.0,0.05,
9.93737719499768,REOPEN,0.0,0.0,24329.664667694,27.970244907301442,1.299145299145323,27.921446514705643,0.35,5.0,0.05,
9.938790708998567,REOPEN,0.0,0.0,24329.664667694,27.971160448615244,1.5726495726495955,27.921765108705152,0.35,5.0,0.05,
9.940034224997362,REOPEN,0.0,0.0,24329.664667694,27.971160448615244,1.5726495726495955,27.92212505645559,0.35,5.0,0.05,
9.941240492000361,REOPEN,0.0,0.0,24329.664667694,27.971160448615244,1.5726495726495955,27.92243324895528,0.35,5.0,0.05,
9.942707120997511,REOPEN,0.0,0.0,24329.664667694,27.972075989929046,1.4358974358974592,27.922734918205173,0.35,5.0,0.05,
9.943950442000641,REOPEN,0.0,0.0,24329.664667694,27.972075989929046,1.4358974358974592,27.92310537720507,0.35,5.0,0.05,
9.94556062799893,REOPEN,0.0,0.0,24329.664667694,27.971160448615244,1.4358974358974592,27.923412145455153,0.35,5.0,0.05,
9.947012681997876,REOPEN,0.0,0.0,24329.675346553,27.971160448615244,1.4358974358974592,27.923831578705652,0.35,5.0,0.05,
9.94854887099791,REOPEN,0.0,0.0,24329.675346553,27.971160448615244,1.4358974358974592,27.92419777670559,0.35,5.0,0.05,
9.950491850999242,REOPEN,0.0,0.0,24329.675346553,27.972991531242847,1.7094017094017318,27.924592407455314,0.35,5.0,0.05,
9.951873423997313,REOPEN,0.0,0.0,24329.675346553,27.972991531242847,1.7094017094017318,27.92505996220509,0.35,5.0,0.05,
9.953623383000377,REOPEN,0.0,0.0,24329.675346553,27.97390707255665,1.4358974358974592,27.925408760705544,0.35,5.0,0.05,
9.954961863997596,REOPEN,0.0,0.0,24329.675346553,27.97390707255665,1.4358974358974592,27.92584790445519,0.35,5.0,0.05,
9.956256820998533,REOPEN,0.0,0.0,24329.675346553,27.97390707255665,1.4358974358974592,27.926171890705085,0.35,5.0,0.05,
9.95808887900057,REOPEN,0.0,0.0,24329.686190825,27.97390707255665,1.5726495726495955,27.92653881045546,0.35,5.0,0.05,
9.959476230000291,REOPEN,0.0,0.0,24329.686190825,27.97390707255665,1.5726495726495955,27.926959604455554,0.35,5.0,0.05,
9.961077461997775,REOPEN,0.0,0.0,24329.686190825,27.975738155184253,1.7094017094017318,27.927302271954908,0.35,5.0,0.05,
9.962412061999203,REOPEN,0.0,0.0,24329.686190825,27.975738155184253,1.7094017094017318,27.92770182670531,0.35,5.0,0.05,
9.96373904400025,REOPEN,0.0,0.0,24329.686190825,27.975738155184253,1.7094017094017318,27.928031183705137,0.35,5.0,0.05,
9.965459413000644,REOPEN,0.0,0.0,24329.686190825,27.976653696498055,1.4358974358974592,27.92836887220485,0.35,5.0,0.05,
9.966746278998471,REOPEN,0.0,0.0,24329.686190825,27.976653696498055,1.4358974358974592,27.928793512205196,0.35,5.0,0.05,
9.968650318998698,REOPEN,0.0,0.0,24329.686190825,27.978484779125658,1.4358974358974592,27.929112719705266,0.35,5.0,0.05,
9.969988352000655,REOPEN,0.0,0.0,24329.697247383,27.978484779125658,1.4358974358974592,27.92959395220489,0.35,5.0,0.05,
9.971598621999874,REOPEN,0.0,0.0,24329.697247383,27.98031586175326,1.299145299145323,27.92992483995524,0.35,5.0,0.05,
9.972837196997716,REOPEN,0.0,0.0,24329.697247383,27.98031586175326,1.299145299145323,27.930323462705495,0.35,5.0,0.05,
9.974131638999097,REOPEN,0.0,0.0,24329.697247383,27.98031586175326,1.299145299145323,27.9306406552055,0.35,5.0,0.05,
9.975744458999543,REOPEN,0.0,0.0,24329.697247383,27.983062485694667,1.1623931623931867,27.93096934270536,0.35,5.0,0.05,
9.976933257999917,REOPEN,0.0,0.0,24329.697247383,27.983062485694667,1.1623931623931867,27.931358230455338,0.35,5.0,0.05,
9.97825491599724,REOPEN,0.0,0.0,24329.697247383,27.986724650949874,0.8888888888889142,27.9316556949557,0.35,5.0,0.05,
9.979581067000254,REOPEN,0.0,0.0,24329.708129287,27.986724650949874,0.8888888888889142,27.93201979720518,0.35,5.0,0.05,
9.980777202999889,REOPEN,0.0,0.0,24329.708129287,27.986724650949874,0.8888888888889142,27.932316961955188,0.35,5.0,0.05,
9.982527721000224,REOPEN,0.0,0.0,24329.708129287,27.992217898832685,0.47863247863250535,27.932618751704943,0.35,5.0,0.05,
9.983932127997832,REOPEN,0.0,0.0,24329.708129287,27.992217898832685,0.47863247863250535,27.933076449205622,0.35,5.0,0.05,
9.985721827000816,REOPEN,0.0,0.0,24329.708129287,27.996795605401694,0.06837606837609655,27.933421839455626,0.35,5.0,0.05,
9.987101766000706,REOPEN,0.0,0.0,24329.708129287,27.996795605401694,0.06837606837609655,27.933870482955648,0.35,5.0,0.05,
9.988413996998133,REOPEN,0.0,0.0,24329.708129287,27.996795605401694,0.06837606837609655,27.934208163705556,0.35,5.0,0.05,
9.990084392000426,REOPEN,0.0,0.0,24329.708129287,28.004119935912108,-0.3418803418803691,27.93453109270515,0.35,5.0,0.05,
9.991486435999832,REOPEN,0.0,0.0,24329.719238928,28.004119935912108,-0.3418803418803691,27.93496204970554,0.35,5.0,0.05,
9.993077087998245,REOPEN,0.0,0.0,24329.719238928,28.007782101167315,-0.7521367521367779,27.935300224954993,0.35,5.0,0.05,
9.994412355998065,REOPEN,0.0,0.0,24329.719238928,28.007782101167315,-0.7521367521367779,27.935704206455306,0.35,5.0,0.05,
9.995679152998491,REOPEN,0.0,0.0,24329.719238928,28.007782101167315,-0.7521367521367779,27.93602925345524,0.35,5.0,0.05,
9.997308140998939,REOPEN,0.0,0.0,24329.719238928,28.00961318379492,-0.8888888888889142,27.93635059520559,0.35,5.0,0.05,
9.99872627899822,REOPEN,0.0,0.0,24329.719238928,28.00961318379492,-0.8888888888889142,27.9367747994552,0.35,5.0,0.05,
10.000313500997436,REOPEN,0.0,0.0,24329.719238928,28.00961318379492,-0.8888888888889142,27.937118654955633,0.35,5.0,0.05,
10.001909884998895,REOPEN,0.0,0.0,24329.730331721,28.00961318379492,-0.8888888888889142,27.937573668705703,0.35,5.0,0.05,
10.003148756997689,REOPEN,0.0,0.0,24329.730331721,28.00961318379492,-0.8888888888889142,27.93790618270534,0.35,5.0,0.05,
10.00459336700078,REOPEN,0.0,0.0,24329.730331721,28.00961318379492,-0.7521367521367779,27.938208483205493,0.35,5.0,0.05,
10.00578336900071,REOPEN,0.0,0.0,24329.730331721,28.00961318379492,-0.7521367521367779,27.938567331705165,0.35,5.0,0.05,
10.007203699999081,REOPEN,0.0,0.0,24329.730331721,28.00961318379492,-0.7521367521367779,27.938869095205085,0.35,5.0,0.05,
10.008411987997533,REOPEN,0.0,0.0,24329.730331721,28.00961318379492,-0.7521367521367779,27.939223508205508,0.35,5.0,0.05,
10.009566532997269,REOPEN,0.0,0.0,24329.730331721,28.00961318379492,-0.7521367521367779,27.93951999245521,0.35,5.0,0.05,
10.010933361998468,REOPEN,0.0,0.0,24329.730331721,28.01052872510872,-0.6153846153846416,27.939808484205535,0.35,5.0,0.05,
10.012173937997431,REOPEN,0.0,0.0,24329.730331721,28.01052872510872,-0.6153846153846416,27.94015961395555,0.35,5.0,0.05,
10.01356585999747,REOPEN,0.0,0.0,24329.741539885,28.01052872510872,-0.47863247863250535,27.940466531954847,0.35,5.0,0.05,
10.014804602000368,REOPEN,0.0,0.0,24329.741539885,28.01052872510872,-0.47863247863250535,27.94081435220553,0.35,5.0,0.05,
10.016213498998695,REOPEN,0.0,0.0,24329.741539885,28.011444266422522,-0.47863247863250535,27.94112396695484,0.35,5.0,0.05,
10.017416457998479,REOPEN,0.0,0.0,24329.741539885,28.011444266422522,-0.47863247863250535,27.941475539955285,0.35,5.0,0.05,
10.018573730998469,REOPEN,0.0,0.0,24329.741539885,28.011444266422522,-0.47863247863250535,27.94177095670559,0.35,5.0,0.05,
10.019841053999698,REOPEN,0.0,0.0,24329.741539885,28.01052872510872,-0.47863247863250535,27.942058966205444,0.35,5.0,0.05,
10.021049301998573,REOPEN,0.0,0.0,24329.741539885,28.01052872510872,-0.47863247863250535,27.942381667955054,0.35,5.0,0.05,
10.022567714000616,REOPEN,0.0,0.0,24329.741539885,28.011444266422522,-0.3418803418803691,27.942683854705614,0.35,5.0,0.05,
10.023855034000007,REOPEN,0.0,0.0,24329.752271131,28.011444266422522,-0.3418803418803691,27.943073706955623,0.35,5.0,0.05,
10.025077592999878,REOPEN,0.0,0.0,24329.752271131,28.011444266422522,-0.3418803418803691,27.943389234455502,0.35,5.0,0.05,
10.026536468998529,REOPEN,0.0,0.0,24329.752271131,28.011444266422522,-0.3418803418803691,27.943691430954935,0.35,5.0,0.05,
10.027748885997426,REOPEN,0.0,0.0,24329.752271131,28.011444266422522,-0.3418803418803691,27.944054714205343,0.35,5.0,0.05,
10.029091222997522,REOPEN,0.0,0.0,24329.752271131,28.01052872510872,-0.3418803418803691,27.94435767195548,0.35,5.0,0.05,
10.030299116999231,REOPEN,0.0,0.0,24329.752271131,28.01052872510872,-0.3418803418803691,27.944695430705472,0.35,5.0,0.05,
10.031445900000108,REOPEN,0.0,0.0,24329.752271131,28.01052872510872,-0.3418803418803691,27.944984980954835,0.35,5.0,0.05,
10.032770493999124,REOPEN,0.0,0.0,24329.752271131,28.012359807736324,-0.06837606837609655,27.945277373705288,0.35,5.0,0.05,
10.03395314899899,REOPEN,0.0,0.0,24329.752271131,28.012359807736324,-0.06837606837609655,27.945613235205677,0.35,5.0,0.05,
10.035266393999336,REOPEN,0.0,0.0,24329.763238641,28.011444266422522,-0.20512820512823282,27.94591518295558,0.35,5.0,0.05,
10.03647400099726,REOPEN,0.0,0.0,24329.763238641,28.011444266422522,-0.20512820512823282,27.94623715595528,0.35,5.0,0.05,
10.037633739997545,REOPEN,0.0,0.0,24329.763238641,28.011444266422522,-0.20512820512823282,27.946535195705586,0.35,5.0,0.05,
10.038972930000455,REOPEN,0.0,0.0,24329.763238641,28.012359807736324,-0.06837606837609655,27.946827533705367,0.35,5.0,0.05,
10.040152948000468,REOPEN,0.0,0.0,24329.763238641,28.012359807736324,-0.06837606837609655,27.94716296820527,0.35,5.0,0.05,
10.04147523699794,REOPEN,0.0,0.0,24329.763238641,28.012359807736324,0.06837606837609655,27.947457269955088,0.35,5.0,0.05,
10.042667337998864,REOPEN,0.0,0.0,24329.763238641,28.012359807736324,0.06837606837609655,27.947791967204942,0.35,5.0,0.05,
10.043851062000613,REOPEN,0.0,0.0,24329.763238641,28.012359807736324,0.06837606837609655,27.948086840454856,0.35,5.0,0.05,
10.045238615999551,REOPEN,0.0,0.0,24329.763238641,28.012359807736324,-0.06837606837609655,27.94838259670498,0.35,5.0,0.05,
10.046446689997538,REOPEN,0.0,0.0,24329.774379011,28.012359807736324,-0.06837606837609655,27.9487345739549,0.35,5.0,0.05,
10.047738204997586,REOPEN,0.0,0.0,24329.774379011,28.012359807736324,-0.06837606837609655,27.94902829670493,0.35,5.0,0.05,
10.048970454998198,REOPEN,0.0,0.0,24329.774379011,28.012359807736324,-0.06837606837609655,27.94935559420494,0.35,5.0,0.05,
10.050153680000221,REOPEN,0.0,0.0,24329.774379011,28.012359807736324,-0.06837606837609655,27.949662627955625,0.35,5.0,0.05,
10.051593828000478,REOPEN,0.0,0.0,24329.774379011,28.013275349050126,0.20512820512823282,27.9499573814551,0.35,5.0,0.05,
10.052971691999119,REOPEN,0.0,0.0,24329.774379011,28.013275349050126,0.20512820512823282,27.95032617120571,0.35,5.0,0.05,
10.054616011999315,REOPEN,0.0,0.0,24329.774379011,28.014190890363928,0.06837606837609655,27.950677095455397,0.35,5.0,0.05,
10.055920777998836,REOPEN,0.0,0.0,24329.774379011,28.014190890363928,0.06837606837609655,27.951087397205377,0.35,5.0,0.05,
10.05750980999801,REOPEN,0.0,0.0,24329.785706852,28.014190890363928,0.06837606837609655,27.95142948320565,0.35,5.0,0.05,
10.058734056998219,REOPEN,0.0,0.0,24329.785706852,28.014190890363928,0.06837606837609655,27.951804644204934,0.35,5.0,0.05,
10.059914170000411,REOPEN,0.0,0.0,24329.785706852,28.014190890363928,0.06837606837609655,27.95209992320499,0.35,5.0,0.05,
10.061283856997761,REOPEN,0.0,0.0,24329.785706852,28.014190890363928,0.3418803418803691,27.95240013670493,0.35,5.0,0.05,
10.06246470199767,REOPEN,0.0,0.0,24329.785706852,28.014190890363928,0.3418803418803691,27.95273679520553,0.35,5.0,0.05,
10.063728433997312,REOPEN,0.0,0.0,24329.785706852,28.01510643167773,0.20512820512823282,27.95303397570526,0.35,5.0,0.05,
10.064879605997703,REOPEN,0.0,0.0,24329.785706852,28.01510643167773,0.20512820512823282,27.953348241955176,0.35,5.0,0.05,
10.06603212600021,REOPEN,0.0,0.0,24329.785706852,28.01510643167773,0.20512820512823282,27.953635082455115,0.35,5.0,0.05,
10.067309292000573,REOPEN,0.0,0.0,24329.785706852,28.01602197299153,0.3418803418803691,27.95392350645536,0.35,5.0,0.05,
10.068484218998492,REOPEN,0.0,0.0,24329.796326419,28.01602197299153,0.3418803418803691,27.95424884470551,0.35,5.0,0.05,
10.069731895000587,REOPEN,0.0,0.0,24329.796326419,28.01602197299153,0.3418803418803691,27.954537608455688,0.35,5.0,0.05,
10.07092694200037,REOPEN,0.0,0.0,24329.796326419,28.01602197299153,0.3418803418803691,27.954852635955397,0.35,5.0,0.05,
10.072108274998754,REOPEN,0.0,0.0,24329.796326419,28.01602197299153,0.3418803418803691,27.955153488705513,0.35,5.0,0.05,
10.073449731000437,REOPEN,0.0,0.0,24329.796326419,28.01510643167773,0.3418803418803691,27.955446960705125,0.35,5.0,0.05,
10.07470433799972,REOPEN,0.0,0.0,24329.796326419,28.01510643167773,0.3418803418803691,27.95577852595536,0.35,5.0,0.05,
10.076218638998398,REOPEN,0.0,0.0,24329.796326419,28.01602197299153,0.47863247863250535,27.956107588455346,0.35,5.0,0.05,
10.07756491499822,REOPEN,0.0,0.0,24329.796326419,28.01602197299153,0.47863247863250535,27.956483408705502,0.35,5.0,0.05,
10.078870318000554,REOPEN,0.0,0.0,24329.807379466,28.01602197299153,0.47863247863250535,27.956836383954872,0.35,5.0,0.05,
10.08037517699995,REOPEN,0.0,0.0,24329.807379466,28.017853055619135,0.3418803418803691,27.957138668205083,0.35,5.0,0.05,
10.081606940999336,REOPEN,0.0,0.0,24329.807379466,28.017853055619135,0.3418803418803691,27.95751841720496,0.35,5.0,0.05,
10.08304657899862,REOPEN,0.0,0.0,24329.807379466,28.017853055619135,0.3418803418803691,27.957829494955625,0.35,5.0,0.05,
10.084236937000242,REOPEN,0.0,0.0,24329.807379466,28.017853055619135,0.3418803418803691,27.958182008455445,0.35,5.0,0.05,
10.085415395999007,REOPEN,0.0,0.0,24329.807379466,28.017853055619135,0.3418803418803691,27.958479030205602,0.35,5.0,0.05,
10.08683667799778,REOPEN,0.0,0.0,24329.807379466,28.018768596932937,0.3418803418803691,27.95877606095521,0.35,5.0,0.05,
10.088057826000295,REOPEN,0.0,0.0,24329.807379466,28.018768596932937,0.3418803418803691,27.95913272270493,0.35,5.0,0.05,
10.08939799899963,REOPEN,0.0,0.0,24329.807379466,28.01968413824674,0.47863247863250535,27.9594363059555,0.35,5.0,0.05,
10.09097092599768,REOPEN,0.0,0.0,24329.818434166,28.01968413824674,0.47863247863250535,27.959864819455582,0.35,5.0,0.05,
10.092252638998616,REOPEN,0.0,0.0,24329.818434166,28.01968413824674,0.47863247863250535,27.960163835704883,0.35,5.0,0.05,
10.093898520997755,REOPEN,0.0,0.0,24329.818434166,28.021515220874342,0.3418803418803691,27.960500091704965,0.35,5.0,0.05,
10.095163001999026,REOPEN,0.0,0.0,24329.818434166,28.021515220874342,0.3418803418803691,27.960909856705733,0.35,5.0,0.05,
10.096529215999908,REOPEN,0.0,0.0,24329.818434166,28.022430762188144,0.20512820512823282,27.961212781205653,0.35,5.0,0.05,
10.097713675997511,REOPEN,0.0,0.0,24329.818434166,28.022430762188144,0.20512820512823282,27.961550994205503,0.35,5.0,0.05,
10.09906922799928,REOPEN,0.0,0.0,24329.818434166,28.02609292744335,0.20512820512823282,27.961845815204946,0.35,5.0,0.05,
10.100325923998753,REOPEN,0.0,0.0,24329.818434166,28.02609292744335,0.20512820512823282,27.96218740620545,0.35,5.0,0.05,
10.102107356000488,REOPEN,0.0,0.0,24329.829430628,28.02609292744335,0.20512820512823282,27.962626504454896,0.35,5.0,0.05,
10.103501919998962,REOPEN,0.0,0.0,24329.829430628,28.027924010070954,0.06837606837609655,27.9629542317057,0.35,5.0,0.05,
10.104660455999692,REOPEN,0.0,0.0,24329.829430628,28.027924010070954,0.06837606837609655,27.963292608705636,0.35,5.0,0.05,
10.105963382997288,REOPEN,0.0,0.0,24329.829430628,28.032501716639963,-0.3418803418803691,27.963584988704973,0.35,5.0,0.05,
10.10715042800075,REOPEN,0.0,0.0,24329.829430628,28.032501716639963,-0.3418803418803691,27.96391107120555,0.35,5.0,0.05,
10.108331059000193,REOPEN,0.0,0.0,24329.829430628,28.032501716639963,-0.3418803418803691,27.964206784205565,0.35,5.0,0.05,
10.109634991000348,REOPEN,0.0,0.0,24329.829430628,28.03524834058137,-0.6153846153846416,27.964500437455648,0.35,5.0,0.05,
10.1108382229977,REOPEN,0.0,0.0,24329.829430628,28.03524834058137,-0.6153846153846416,27.964839623205556,0.35,5.0,0.05,
10.112143259997538,REOPEN,0.0,0.0,24329.840275984,28.037994964522774,-0.7521367521367779,27.9651326862054,0.35,5.0,0.05,
10.113499230999878,REOPEN,0.0,0.0,24329.840275984,28.037994964522774,-0.7521367521367779,27.965466245455467,0.35,5.0,0.05,
10.114710503999959,REOPEN,0.0,0.0,24329.840275984,28.037994964522774,-0.7521367521367779,27.965801147705427,0.35,5.0,0.05,
10.11617897600081,REOPEN,0.0,0.0,24329.840275984,28.039826047150378,-0.8888888888889142,27.966100178704913,0.35,5.0,0.05,
10.117393663000257,REOPEN,0.0,0.0,24329.840275984,28.039826047150378,-0.8888888888889142,27.96646946595549,0.35,5.0,0.05,
10.118577224999171,REOPEN,0.0,0.0,24329.840275984,28.039826047150378,-0.8888888888889142,27.966765237455114,0.35,5.0,0.05,
10.119762045000243,REOPEN,0.0,0.0,24329.840275984,28.039826047150378,-0.8888888888889142,27.967063993705345,0.35,5.0,0.05,
10.120942535999347,REOPEN,0.0,0.0,24329.840275984,28.039826047150378,-0.8888888888889142,27.967359778455396,0.35,5.0,0.05,
10.123069399000087,REOPEN,0.0,0.0,24329.840275984,28.04074158846418,-0.7521367521367779,27.96765700745484,0.35,5.0,0.05,
10.124314241998945,REOPEN,0.0,0.0,24329.851662672,28.04074158846418,-0.7521367521367779,27.968193144955443,0.35,5.0,0.05,
10.125671251000313,REOPEN,0.0,0.0,24329.851662672,28.039826047150378,-0.7521367521367779,27.96850197795495,0.35,5.0,0.05,
10.126875429999927,REOPEN,0.0,0.0,24329.851662672,28.039826047150378,-0.7521367521367779,27.96883947545532,0.35,5.0,0.05,
10.128067309000471,REOPEN,0.0,0.0,24329.851662672,28.039826047150378,-0.7521367521367779,27.96914064170553,0.35,5.0,0.05,
10.129433608999534,REOPEN,0.0,0.0,24329.851662672,28.04074158846418,-0.6153846153846416,27.96943792645518,0.35,5.0,0.05,
10.130624153000099,REOPEN,0.0,0.0,24329.851662672,28.04074158846418,-0.6153846153846416,27.9697836054552,0.35,5.0,0.05,
10.131946823999897,REOPEN,0.0,0.0,24329.851662672,28.04165712977798,-0.6153846153846416,27.970076308705323,0.35,5.0,0.05,
10.133215058998758,REOPEN,0.0,0.0,24329.851662672,28.04165712977798,-0.6153846153846416,27.970405247955135,0.35,5.0,0.05,
10.134490484000708,REOPEN,0.0,0.0,24329.862397606,28.04165712977798,-0.6153846153846416,27.97073886095543,0.35,5.0,0.05,
10.136126684999908,REOPEN,0.0,0.0,24329.862397606,28.04165712977798,-0.6153846153846416,27.971048945705228,0.35,5.0,0.05,
10.137350495999272,REOPEN,0.0,0.0,24329.862397606,28.04165712977798,-0.6153846153846416,27.971460032705657,0.35,5.0,0.05,
10.138677077000466,REOPEN,0.0,0.0,24329.862397606,28.04165712977798,-0.47863247863250535,27.971755823954958,0.35,5.0,0.05,
10.139919919998647,REOPEN,0.0,0.0,24329.862397606,28.04165712977798,-0.47863247863250535,27.97209339070516,0.35,5.0,0.05,
10.141155599998456,REOPEN,0.0,0.0,24329.862397606,28.04165712977798,-0.47863247863250535,27.972404608455257,0.35,5.0,0.05,
10.142548428000737,REOPEN,0.0,0.0,24329.862397606,28.042572671091783,-0.3418803418803691,27.97270862195503,0.35,5.0,0.05,
10.143749923998257,REOPEN,0.0,0.0,24329.862397606,28.042572671091783,-0.3418803418803691,27.97305936395562,0.35,5.0,0.05,
10.145514870000625,REOPEN,0.0,0.0,24329.873773563,28.04165712977798,-0.47863247863250535,27.973447490955117,0.35,5.0,0.05,
10.146730713997385,REOPEN,0.0,0.0,24329.873773563,28.04165712977798,-0.47863247863250535,27.97379914720525,0.35,5.0,0.05,
10.148129019999033,REOPEN,0.0,0.0,24329.873773563,28.042572671091783,-0.3418803418803691,27.97410386220556,0.35,5.0,0.05,
10.149306317998708,REOPEN,0.0,0.0,24329.873773563,28.042572671091783,-0.3418803418803691,27.974453186454888,0.35,5.0,0.05,
10.150443007998547,REOPEN,0.0,0.0,24329.873773563,28.042572671091783,-0.3418803418803691,27.974735208954847,0.35,5.0,0.05,
10.151729891000286,REOPEN,0.0,0.0,24329.873773563,28.042572671091783,-0.20512820512823282,27.975027686704856,0.35,5.0,0.05,
10.15291581099882,REOPEN,0.0,0.0,24329.873773563,28.042572671091783,-0.20512820512823282,27.97535275195562,0.35,5.0,0.05,
10.154226974998892,REOPEN,0.0,0.0,24329.873773563,28.042572671091783,-0.20512820512823282,27.975648408955315,0.35,5.0,0.05,
10.155863031999615,REOPEN,0.0,0.0,24329.884393449,28.042572671091783,-0.20512820512823282,27.976087863954966,0.35,5.0,0.05,
10.157066302999738,REOPEN,0.0,0.0,24329.884393449,28.042572671091783,-0.20512820512823282,27.976387458705652,0.35,5.0,0.05,
10.158491024998511,REOPEN,0.0,0.0,24329.884393449,28.042572671091783,-0.06837606837609655,27.9766880519551,0.35,5.0,0.05,
10.159756365999783,REOPEN,0.0,0.0,24329.884393449,28.042572671091783,-0.06837606837609655,27.977044517454964,0.35,5.0,0.05,
10.16125723100049,REOPEN,0.0,0.0,24329.884393449,28.042572671091783,-0.06837606837609655,27.977375724955458,0.35,5.0,0.05,
10.162507326000195,REOPEN,0.0,0.0,24329.884393449,28.042572671091783,-0.06837606837609655,27.977741006704967,0.35,5.0,0.05,
10.163713904999895,REOPEN,0.0,0.0,24329.884393449,28.042572671091783,-0.06837606837609655,27.97804930945542,0.35,5.0,0.05,
10.165187924998463,REOPEN,0.0,0.0,24329.884393449,28.042572671091783,0.06837606837609655,27.97835071495549,0.35,5.0,0.05,
10.166475513000478,REOPEN,0.0,0.0,24329.884393449,28.042572671091783,0.06837606837609655,27.978725692955344,0.35,5.0,0.05,
10.168581226000242,REOPEN,0.0,0.0,24329.895773178,28.043488212405585,0.06837606837609655,27.97921008345522,0.35,5.0,0.05,
10.169870783000079,REOPEN,0.0,0.0,24329.895773178,28.043488212405585,0.06837606837609655,27.979580220955107,0.35,5.0,0.05,
10.171129266000207,REOPEN,0.0,0.0,24329.895773178,28.043488212405585,0.06837606837609655,27.979893779705456,0.35,5.0,0.05,
10.172639688000345,REOPEN,0.0,0.0,24329.895773178,28.044403753719386,0.20512820512823282,27.98020969270558,0.35,5.0,0.05,
10.17387204699844,REOPEN,0.0,0.0,24329.895773178,28.044403753719386,0.20512820512823282,27.980587517954994,0.35,5.0,0.05,
10.175271434000024,REOPEN,0.0,0.0,24329.895773178,28.043488212405585,0.20512820512823282,27.98089834220493,0.35,5.0,0.05,
10.17649828499998,REOPEN,0.0,0.0,24329.895773178,28.043488212405585,0.20512820512823282,27.981235927705278,0.35,5.0,0.05,
10.178178164998826,REOPEN,0.0,0.0,24329.906538732,28.043488212405585,0.20512820512823282,27.981628537705113,0.35,5.0,0.05,
10.179922437997448,REOPEN,0.0,0.0,24329.906538732,28.043488212405585,0.3418803418803691,27.981988003205082,0.35,5.0,0.05,
10.181288224997843,REOPEN,0.0,0.0,24329.906538732,28.043488212405585,0.3418803418803691,27.982421414204985,0.35,5.0,0.05,
10.182804826999927,REOPEN,0.0,0.0,24329.906538732,28.043488212405585,0.3418803418803691,27.982768014454926,0.35,5.0,0.05,
10.18402041599984,REOPEN,0.0,0.0,24329.906538732,28.043488212405585,0.3418803418803691,27.983125158205006,0.35,5.0,0.05,
10.185260979000304,REOPEN,0.0,0.0,24329.906538732,28.043488212405585,0.3418803418803691,27.983426369955417,0.35,5.0,0.05,
10.186798383998394,REOPEN,0.0,0.0,24329.906538732,28.044403753719386,0.3418803418803691,27.98373576070528,0.35,5.0,0.05,
10.188161476999085,REOPEN,0.0,0.0,24329.906538732,28.044403753719386,0.3418803418803691,27.984129366455385,0.35,5.0,0.05,
10.18968891699842,REOPEN,0.0,0.0,24329.917506264,28.044403753719386,0.47863247863250535,27.984483003205717,0.35,5.0,0.05,
10.19096397300018,REOPEN,0.0,0.0,24329.917506264,28.044403753719386,0.47863247863250535,27.98484858470558,0.35,5.0,0.05,
10.192398331000732,REOPEN,0.0,0.0,24329.917506264,28.044403753719386,0.47863247863250535,27.985165647205143,0.35,5.0,0.05,
10.19359524399988,REOPEN,0.0,0.0,24329.917506264,28.044403753719386,0.47863247863250535,27.98551924395499,0.35,5.0,0.05,
10.194803984999453,REOPEN,0.0,0.0,24329.917506264,28.044403753719386,0.47863247863250535,27.98582194670555,0.35,5.0,0.05,
10.196147146998555,REOPEN,0.0,0.0,24329.917506264,28.044403753719386,0.6153846153846416,27.986122226454903,0.35,5.0,0.05,
10.197354932999588,REOPEN,0.0,0.0,24329.917506264,28.044403753719386,0.6153846153846416,27.98645847220498,0.35,5.0,0.05,
10.198760742998275,REOPEN,0.0,0.0,24329.917506264,28.044403753719386,0.6153846153846416,27.986756964455274,0.35,5.0,0.05,
10.200423377998959,REOPEN,0.0,0.0,24329.9288889,28.044403753719386,0.6153846153846416,27.987223243955235,0.35,5.0,0.05,
10.201632268999674,REOPEN,0.0,0.0,24329.9288889,28.044403753719386,0.6153846153846416,27.987524727705498,0.35,5.0,0.05,
10.203102109997417,REOPEN,0.0,0.0,24329.9288889,28.045319295033188,0.7521367521367779,27.98782954945502,0.35,5.0,0.05,
10.204316482999275,REOPEN,0.0,0.0,24329.9288889,28.045319295033188,0.7521367521367779,27.98820088745517,0.35,5.0,0.05,
10.205867054999544,REOPEN,0.0,0.0,24329.9288889,28.045319295033188,0.7521367521367779,27.98851136795522,0.35,5.0,0.05,
10.207145746997412,REOPEN,0.0,0.0,24329.9288889,28.045319295033188,0.7521367521367779,27.988897947454937,0.35,5.0,0.05,
10.208373743000266,REOPEN,0.0,0.0,24329.9288889,28.045319295033188,0.7521367521367779,27.98920890195543,0.35,5.0,0.05,
10.20980523199978,REOPEN,0.0,0.0,24329.9288889,28.04623483634699,0.8888888888889142,27.989514807705312,0.35,5.0,0.05,
10.211174613999901,REOPEN,0.0,0.0,24329.93966494,28.04623483634699,0.8888888888889142,27.989909644205476,0.35,5.0,0.05,
10.212556140999368,REOPEN,0.0,0.0,24329.93966494,28.04623483634699,0.7521367521367779,27.990221267954915,0.35,5.0,0.05,
10.213738582999213,REOPEN,0.0,0.0,24329.93966494,28.04623483634699,0.7521367521367779,27.990556423705605,0.35,5.0,0.05,
10.21487718699791,REOPEN,0.0,0.0,24329.93966494,28.04623483634699,0.7521367521367779,27.990849881705365,0.35,5.0,0.05,
10.216135664999456,REOPEN,0.0,0.0,24329.93966494,28.04623483634699,0.8888888888889142,27.991137736455606,0.35,5.0,0.05,
10.217289390999213,REOPEN,0.0,0.0,24329.93966494,28.04623483634699,0.8888888888889142,27.991452562204834,0.35,5.0,0.05,
10.218481675998191,REOPEN,0.0,0.0,24329.93966494,28.04715037766079,1.0256410256410504,27.991730563205714,0.35,5.0,0.05,
10.219606692997331,REOPEN,0.0,0.0,24329.93966494,28.04715037766079,1.0256410256410504,27.992033074205686,0.35,5.0,0.05,
10.220752042998356,REOPEN,0.0,0.0,24329.93966494,28.04715037766079,1.0256410256410504,27.992323587455324,0.35,5.0,0.05,
10.221925825000653,REOPEN,0.0,0.0,24329.95021135,28.04715037766079,0.8888888888889142,27.992601122954987,0.35,5.0,0.05,
10.223044556998502,REOPEN,0.0,0.0,24329.95021135,28.04715037766079,0.8888888888889142,27.99289414270563,0.35,5.0,0.05,
10.224256649999006,REOPEN,0.0,0.0,24329.95021135,28.048065918974594,0.8888888888889142,27.993179915705262,0.35,5.0,0.05,
10.22542960300052,REOPEN,0.0,0.0,24329.95021135,28.048065918974594,0.8888888888889142,27.993486574454913,0.35,5.0,0.05,
10.226550218998455,REOPEN,0.0,0.0,24329.95021135,28.048065918974594,0.8888888888889142,27.993769797705248,0.35,5.0,0.05,
10.227734210999188,REOPEN,0.0,0.0,24329.95021135,28.048065918974594,1.0256410256410504,27.994050423455086,0.35,5.0,0.05,
10.228838237999298,REOPEN,0.0,0.0,24329.95021135,28.048065918974594,1.0256410256410504,27.99434595120558,0.35,5.0,0.05,
10.230026543998974,REOPEN,0.0,0.0,24329.95021135,28.048981460288395,1.0256410256410504,27.994626134955546,0.35,5.0,0.05,
10.231230133998906,REOPEN,0.0,0.0,24329.95021135,28.048981460288395,1.0256410256410504,27.99492623870494,0.35,5.0,0.05,
10.232549776999804,REOPEN,0.0,0.0,24329.961068766,28.049897001602197,0.8888888888889142,27.995250344955387,0.35,5.0,0.05,
10.233764185999462,REOPEN,0.0,0.0,24329.961068766,28.049897001602197,0.8888888888889142,27.99555267045573,0.35,5.0,0.05,
10.23494302600011,REOPEN,0.0,0.0,24329.961068766,28.049897001602197,0.8888888888889142,27.99586288445564,0.35,5.0,0.05,
10.236230284997873,REOPEN,0.0,0.0,24329.961068766,28.049897001602197,0.8888888888889142,27.996151989705616,0.35,5.0,0.05,
10.237414737999643,REOPEN,0.0,0.0,24329.961068766,28.049897001602197,0.8888888888889142,27.996474035205686,0.35,5.0,0.05,
10.238588890999381,REOPEN,0.0,0.0,24329.961068766,28.050812542916,1.0256410256410504,27.996769339205024,0.35,5.0,0.05,
10.239756556999055,REOPEN,0.0,0.0,24329.961068766,28.050812542916,1.0256410256410504,27.997067033705683,0.35,5.0,0.05,
10.24090024600082,REOPEN,0.0,0.0,24329.961068766,28.050812542916,1.0256410256410504,27.99735599895532,0.35,5.0,0.05,
10.242167452997819,REOPEN,0.0,0.0,24329.961068766,28.052643625543602,1.0256410256410504,27.997640150204937,0.35,5.0,0.05,
10.243492724999669,REOPEN,0.0,0.0,24329.972089468,28.052643625543602,1.0256410256410504,27.998006680455113,0.35,5.0,0.05,
10.244658628998877,REOPEN,0.0,0.0,24329.972089468,28.053559166857404,0.8888888888889142,27.99828605045561,0.35,5.0,0.05,
10.245821983997303,REOPEN,0.0,0.0,24329.972089468,28.053559166857404,0.8888888888889142,27.99857881770506,0.35,5.0,0.05,
10.247006850997423,REOPEN,0.0,0.0,24329.972089468,28.053559166857404,0.8888888888889142,27.99887421295491,0.35,5.0,0.05,
10.24827675099732,REOPEN,0.0,0.0,24329.972089468,28.054474708171206,0.8888888888889142,27.999170462454934,0.35,5.0,0.05,
10.24944859199968,REOPEN,0.0,0.0,24329.972089468,28.054474708171206,0.8888888888889142,27.999486566955532,0.35,5.0,0.05,
10.250673436999932,REOPEN,0.0,0.0,24329.972089468,28.05630579079881,0.8888888888889142,27.999777073705012,0.35,5.0,0.05,
10.251834935999796,REOPEN,0.0,0.0,24329.972089468,28.05630579079881,0.8888888888889142,28.00008418195514,0.35,5.0,0.05,
10.253017807997821,REOPEN,0.0,0.0,24329.972089468,28.05630579079881,0.8888888888889142,28.00037961395494,0.35,5.0,0.05,
10.254790011000296,REOPEN,0.0,0.0,24329.972089468,28.059967956054017,0.6153846153846416,28.000675557705584,0.35,5.0,0.05,
10.256033331999788,REOPEN,0.0,0.0,24329.983408821,28.059967956054017,0.6153846153846416,28.00112505045538,0.35,5.0,0.05,
10.25743893300023,REOPEN,0.0,0.0,24329.983408821,28.06179903868162,0.47863247863250535,28.001430979954897,0.35,5.0,0.05,
10.258651051997731,REOPEN,0.0,0.0,24329.983408821,28.06179903868162,0.47863247863250535,28.00177990020486,0.35,5.0,0.05,
10.259823856998992,REOPEN,0.0,0.0,24329.983408821,28.06179903868162,0.47863247863250535,28.002081800705604,0.35,5.0,0.05,
10.261246685000515,REOPEN,0.0,0.0,24329.983408821,28.06637674525063,0.06837606837609655,28.00238139745536,0.35,5.0,0.05,
10.262422200998117,REOPEN,0.0,0.0,24329.983408821,28.06637674525063,0.06837606837609655,28.002731420454914,0.35,5.0,0.05,
10.263693541997782,REOPEN,0.0,0.0,24329.983408821,28.070038910505836,-0.20512820512823282,28.003021810205176,0.35,5.0,0.05,
10.264892187999067,REOPEN,0.0,0.0,24329.983408821,28.070038910505836,-0.20512820512823282,28.00334424370569,0.35,5.0,0.05,
10.266084311999293,REOPEN,0.0,0.0,24329.994430768,28.070038910505836,-0.20512820512823282,28.003646567955478,0.35,5.0,0.05,
10.267400486998667,REOPEN,0.0,0.0,24329.994430768,28.074616617074845,-0.47863247863250535,28.003938068205137,0.35,5.0,0.05,
10.268553619000159,REOPEN,0.0,0.0,24329.994430768,28.074616617074845,-0.47863247863250535,28.00426699420543,0.35,5.0,0.05,
10.269889596998837,REOPEN,0.0,0.0,24329.994430768,28.078278782330052,-0.6153846153846416,28.004555866705708,0.35,5.0,0.05,
10.271086370998091,REOPEN,0.0,0.0,24329.994430768,28.078278782330052,-0.6153846153846416,28.004894123955204,0.35,5.0,0.05,
10.272436437000579,REOPEN,0.0,0.0,24329.994430768,28.080109864957656,-0.8888888888889142,28.005192284955704,0.35,5.0,0.05,
10.273635457000637,REOPEN,0.0,0.0,24329.994430768,28.080109864957656,-0.8888888888889142,28.005527715205538,0.35,5.0,0.05,
10.274939481998445,REOPEN,0.0,0.0,24329.994430768,28.080109864957656,-0.8888888888889142,28.005830358455135,0.35,5.0,0.05,
10.276754407997942,REOPEN,0.0,0.0,24329.994430768,28.079194323643854,-0.8888888888889142,28.00616157470497,0.35,5.0,0.05,
10.27812149699821,REOPEN,0.0,0.0,24330.005335632,28.079194323643854,-0.8888888888889142,28.00663340570511,0.35,5.0,0.05,
10.279745236999588,REOPEN,0.0,0.0,24330.005335632,28.079194323643854,-0.7521367521367779,28.006966091954858,0.35,5.0,0.05,
10.281052430000273,REOPEN,0.0,0.0,24330.005335632,28.079194323643854,-0.7521367521367779,28.007371824455298,0.35,5.0,0.05,
10.282305895998434,REOPEN,0.0,0.0,24330.005335632,28.079194323643854,-0.7521367521367779,28.00768772645508,0.35,5.0,0.05,
10.283849538998766,REOPEN,0.0,0.0,24330.005335632,28.078278782330052,-0.6153846153846416,28.008015437455036,0.35,5.0,0.05,
10.285119468997436,REOPEN,0.0,0.0,24330.005335632,28.078278782330052,-0.6153846153846416,28.00838849870572,0.35,5.0,0.05,
10.286517016000289,REOPEN,0.0,0.0,24330.005335632,28.079194323643854,-0.47863247863250535,28.00870618070487,0.35,5.0,0.05,
10.288089261997811,REOPEN,0.0,0.0,24330.016475304,28.079194323643854,-0.47863247863250535,28.009118536955178,0.35,5.0,0.05,
10.289453265999327,REOPEN,0.0,0.0,24330.016475304,28.079194323643854,-0.47863247863250535,28.009454988455694,0.35,5.0,0.05,
10.29100520999782,REOPEN,0.0,0.0,24330.016475304,28.080109864957656,-0.47863247863250535,28.009789402455247,0.35,5.0,0.05,
10.292264381998393,REOPEN,0.0,0.0,24330.016475304,28.080109864957656,-0.47863247863250535,28.010182225204993,0.35,5.0,0.05,
10.293703175997507,REOPEN,0.0,0.0,24330.016475304,28.080109864957656,-0.47863247863250535,28.010492073455246,0.35,5.0,0.05,
10.294917527997313,REOPEN,0.0,0.0,24330.016475304,28.080109864957656,-0.47863247863250535,28.010851834955723,0.35,5.0,0.05,
10.296104982997349,REOPEN,0.0,0.0,24330.016475304,28.080109864957656,-0.47863247863250535,28.011149240955568,0.35,5.0,0.05,
10.29755209799987,REOPEN,0.0,0.0,24330.016475304,28.080109864957656,-0.3418803418803691,28.01144740445536,0.35,5.0,0.05,
10.298873100000492,REOPEN,0.0,0.0,24330.027391855,28.080109864957656,-0.3418803418803691,28.011839101955523,0.35,5.0,0.05,
10.300218016000144,REOPEN,0.0,0.0,24330.027391855,28.080109864957656,-0.20512820512823282,28.012142508705004,0.35,5.0,0.05,
10.30142343300031,REOPEN,0.0,0.0,24330.027391855,28.080109864957656,-0.20512820512823282,28.012475482705234,0.35,5.0,0.05,
10.302594559998397,REOPEN,0.0,0.0,24330.027391855,28.080109864957656,-0.20512820512823282,28.012772926205365,0.35,5.0,0.05,
10.303939214998536,REOPEN,0.0,0.0,24330.027391855,28.080109864957656,-0.3418803418803691,28.01306693545532,0.35,5.0,0.05,
10.30513533499834,REOPEN,0.0,0.0,24330.027391855,28.080109864957656,-0.3418803418803691,28.01340938445494,0.35,5.0,0.05,
10.306494418997318,REOPEN,0.0,0.0,24330.027391855,28.080109864957656,-0.20512820512823282,28.013701764205074,0.35,5.0,0.05,
10.307676431999425,REOPEN,0.0,0.0,24330.027391855,28.080109864957656,-0.20512820512823282,28.014044926204882,0.35,5.0,0.05,
10.308883827998216,REOPEN,0.0,0.0,24330.027391855,28.080109864957656,-0.20512820512823282,28.014340170955187,0.35,5.0,0.05,
10.310326045997499,REOPEN,0.0,0.0,24330.038640359,28.081025406271458,-0.06837606837609655,28.01465517020508,0.35,5.0,0.05,
10.31151083399891,REOPEN,0.0,0.0,24330.038640359,28.081025406271458,-0.06837606837609655,28.015001377955308,0.35,5.0,0.05,
10.312823774998833,REOPEN,0.0,0.0,24330.038640359,28.080109864957656,-0.06837606837609655,28.015294722205475,0.35,5.0,0.05,
10.31419859000016,REOPEN,0.0,0.0,24330.038640359,28.080109864957656,-0.06837606837609655,28.015634557954876,0.35,5.0,0.05,
10.315789681997558,REOPEN,0.0,0.0,24330.038640359,28.081025406271458,0.06837606837609655,28.015986363205705,0.35,5.0,0.05,
10.317058869997709,REOPEN,0.0,0.0,24330.038640359,28.081025406271458,0.06837606837609655,28.016375626955345,0.35,5.0,0.05,
10.31827092399908,REOPEN,0.0,0.0,24330.038640359,28.081025406271458,0.06837606837609655,28.016689690205133,0.35,5.0,0.05,
10.319781238998985,REOPEN,0.0,0.0,24330.038640359,28.080109864957656,0.06837606837609655,28.01698563895527,0.35,5.0,0.05,
10.321253792997595,REOPEN,0.0,0.0,24330.049762245,28.080109864957656,0.06837606837609655,28.017437451705085,0.35,5.0,0.05,
10.32257537699843,REOPEN,0.0,0.0,24330.049762245,28.081025406271458,0.06837606837609655,28.017736080955295,0.35,5.0,0.05,
10.323837870000716,REOPEN,0.0,0.0,24330.049762245,28.081025406271458,0.06837606837609655,28.01806692670518,0.35,5.0,0.05,
10.325084659998538,REOPEN,0.0,0.0,24330.049762245,28.081025406271458,0.06837606837609655,28.01838821570484,0.35,5.0,0.05,
10.326479686998937,REOPEN,0.0,0.0,24330.049762245,28.081025406271458,0.20512820512823282,28.018689534705594,0.35,5.0,0.05,
10.327658791997237,REOPEN,0.0,0.0,24330.049762245,28.081025406271458,0.20512820512823282,28.019040367455567,0.35,5.0,0.05,
10.329035577997274,REOPEN,0.0,0.0,24330.049762245,28.081025406271458,0.20512820512823282,28.019335820954915,0.35,5.0,0.05,
10.33025907299816,REOPEN,0.0,0.0,24330.049762245,28.081025406271458,0.20512820512823282,28.019683421455305,0.35,5.0,0.05,
10.331659396997566,REOPEN,0.0,0.0,24330.049762245,28.081025406271458,0.20512820512823282,28.020000920955248,0.35,5.0,0.05,
10.334006108998437,REOPEN,0.0,0.0,24330.061118429,28.08194094758526,0.3418803418803691,28.0205471874556,0.35,5.0,0.05,
10.335419480998098,REOPEN,0.0,0.0,24330.061118429,28.081025406271458,0.3418803418803691,28.020935269455116,0.35,5.0,0.05,
10.3366636369974,REOPEN,0.0,0.0,24330.061118429,28.081025406271458,0.3418803418803691,28.02127728095504,0.35,5.0,0.05,
10.338064335999661,REOPEN,0.0,0.0,24330.061118429,28.081025406271458,0.3418803418803691,28.021590261455025,0.35,5.0,0.05,
10.339276105998579,REOPEN,0.0,0.0,24330.061118429,28.081025406271458,0.3418803418803691,28.021941673705008,0.35,5.0,0.05,
10.340611895997426,REOPEN,0.0,0.0,24330.061118429,28.081025406271458,0.47863247863250535,28.02223644895505,0.35,5.0,0.05,
10.341887758000667,REOPEN,0.0,0.0,24330.061118429,28.081025406271458,0.47863247863250535,28.022579612954836,0.35,5.0,0.05,
10.34356997699797,REOPEN,0.0,0.0,24330.071802903,28.081025406271458,0.47863247863250535,28.02295072145491,0.35,5.0,0.05,
10.345490169998811,REOPEN,0.0,0.0,24330.071802903,28.08194094758526,0.6153846153846416,28.023340500205016,0.35,5.0,0.05,
10.346847139997408,REOPEN,0.0,0.0,24330.071802903,28.08194094758526,0.6153846153846416,28.023808012705125,0.35,5.0,0.05,
10.348471339999378,REOPEN,0.0,0.0,24330.071802903,28.08194094758526,0.6153846153846416,28.024147365954853,0.35,5.0,0.05,
10.349801255000784,REOPEN,0.0,0.0,24330.071802903,28.08194094758526,0.6153846153846416,28.024550973955705,0.35,5.0,0.05,
10.351090562999161,REOPEN,0.0,0.0,24330.071802903,28.08194094758526,0.6153846153846416,28.024882856705084,0.35,5.0,0.05,
10.352896643998974,REOPEN,0.0,0.0,24330.071802903,28.08285648889906,0.7521367521367779,28.025212203705017,0.35,5.0,0.05,
10.354247190000024,REOPEN,0.0,0.0,24330.082452835,28.08285648889906,0.7521367521367779,28.025657291705578,0.35,5.0,0.05,
10.355863532000512,REOPEN,0.0,0.0,24330.082452835,28.08194094758526,0.6153846153846416,28.025985292955305,0.35,5.0,0.05,
10.357243245998689,REOPEN,0.0,0.0,24330.082452835,28.08194094758526,0.6153846153846416,28.02640486345492,0.35,5.0,0.05,
10.358504769999854,REOPEN,0.0,0.0,24330.082452835,28.08194094758526,0.6153846153846416,28.02673494720559,0.35,5.0,0.05,
10.360061919000145,REOPEN,0.0,0.0,24330.082452835,28.083772030212863,0.8888888888889142,28.027050507705574,0.35,5.0,0.05,
10.361368814999878,REOPEN,0.0,0.0,24330.082452835,28.083772030212863,0.8888888888889142,28.027448463955373,0.35,5.0,0.05,
10.362889322997944,REOPEN,0.0,0.0,24330.082452835,28.083772030212863,0.8888888888889142,28.027768230705554,0.35,5.0,0.05,
10.364351361000445,REOPEN,0.0,0.0,24330.082452835,28.083772030212863,0.8888888888889142,28.02815790120487,0.35,5.0,0.05,
10.366244665998238,REOPEN,0.0,0.0,24330.093496322,28.083772030212863,0.8888888888889142,28.028638694454933,0.35,5.0,0.05,
10.368122067000513,REOPEN,0.0,0.0,24330.093496322,28.083772030212863,0.7521367521367779,28.02899068695526,0.35,5.0,0.05,
10.369601678998151,REOPEN,0.0,0.0,24330.093496322,28.083772030212863,0.7521367521367779,28.029477111705567,0.35,5.0,0.05,
10.371320524998737,REOPEN,0.0,0.0,24330.093496322,28.084687571526665,1.0256410256410504,28.029839857954833,0.35,5.0,0.05,
10.372751232000155,REOPEN,0.0,0.0,24330.093496322,28.084687571526665,1.0256410256410504,28.03027231895569,0.35,5.0,0.05,
10.374169688999245,REOPEN,0.0,0.0,24330.093496322,28.084687571526665,1.0256410256410504,28.030627259454853,0.35,5.0,0.05,
10.377286644998094,REOPEN,0.0,0.0,24330.093496322,28.083772030212863,0.8888888888889142,28.030990280955415,0.35,5.0,0.05,
10.378829543999018,REOPEN,0.0,0.0,24330.105770988,28.083772030212863,0.8888888888889142,28.031770555955084,0.35,5.0,0.05,
10.380388705998485,REOPEN,0.0,0.0,24330.105770988,28.085603112840467,1.0256410256410504,28.032140312205705,0.35,5.0,0.05,
10.381633298999077,REOPEN,0.0,0.0,24330.105770988,28.085603112840467,1.0256410256410504,28.032522911455565,0.35,5.0,0.05,
10.383038750998821,REOPEN,0.0,0.0,24330.105770988,28.085603112840467,1.0256410256410504,28.032829621955464,0.35,5.0,0.05,
10.384250887000235,REOPEN,0.0,0.0,24330.105770988,28.085603112840467,1.0256410256410504,28.03318206020551,0.35,5.0,0.05,
10.385671996999008,REOPEN,0.0,0.0,24330.105770988,28.08651865415427,1.0256410256410504,28.033484616205463,0.35,5.0,0.05,
10.387450959999114,REOPEN,0.0,0.0,24330.115839307,28.08651865415427,1.0256410256410504,28.033962481205457,0.35,5.0,0.05,
10.388671623000846,REOPEN,0.0,0.0,24330.115839307,28.08651865415427,1.0256410256410504,28.034285653704977,0.35,5.0,0.05,
10.38994188200013,REOPEN,0.0,0.0,24330.115839307,28.08651865415427,1.1623931623931867,28.034587430955547,0.35,5.0,0.05,
10.391134520999913,REOPEN,0.0,0.0,24330.115839307,28.08651865415427,1.1623931623931867,28.034904268205104,0.35,5.0,0.05,
10.39234448299976,REOPEN,0.0,0.0,24330.115839307,28.08743419546807,1.1623931623931867,28.035201188455652,0.35,5.0,0.05,
10.39353246599785,REOPEN,0.0,0.0,24330.115839307,28.08743419546807,1.1623931623931867,28.035501607705122,0.35,5.0,0.05,
10.394679617998918,REOPEN,0.0,0.0,24330.115839307,28.08743419546807,1.1623931623931867,28.035801124205612,0.35,5.0,0.05,
10.396015258000261,REOPEN,0.0,0.0,24330.115839307,28.08743419546807,1.1623931623931867,28.036089024455144,0.35,5.0,0.05,
10.3971826579982,REOPEN,0.0,0.0,24330.115839307,28.08743419546807,1.1623931623931867,28.036427825455142,0.35,5.0,0.05,
10.398388374000206,REOPEN,0.0,0.0,24330.126258893,28.089265278095674,1.299145299145323,28.036711519455388,0.35,5.0,0.05,
10.399531756000215,REOPEN,0.0,0.0,24330.126258893,28.089265278095674,1.299145299145323,28.03701228770526,0.35,5.0,0.05,
10.400655634999566,REOPEN,0.0,0.0,24330.126258893,28.089265278095674,1.299145299145323,28.037300788204924,0.35,5.0,0.05,
10.402061412998592,REOPEN,0.0,0.0,24330.126258893,28.089265278095674,1.1623931623931867,28.037586601205042,0.35,5.0,0.05,
10.40323535099742,REOPEN,0.0,0.0,24330.126258893,28.089265278095674,1.1623931623931867,28.037937434205126,0.35,5.0,0.05,
10.404451049998897,REOPEN,0.0,0.0,24330.126258893,28.089265278095674,1.1623931623931867,28.038225824205732,0.35,5.0,0.05,
10.405637887997727,REOPEN,0.0,0.0,24330.126258893,28.089265278095674,1.1623931623931867,28.038527812955657,0.35,5.0,0.05,
10.406786379997357,REOPEN,0.0,0.0,24330.126258893,28.089265278095674,1.1623931623931867,28.038827378955396,0.35,5.0,0.05,
10.40805363599793,REOPEN,0.0,0.0,24330.126258893,28.091096360723277,1.299145299145323,28.03911057445523,0.35,5.0,0.05,
10.409241332999954,REOPEN,0.0,0.0,24330.137632301,28.091096360723277,1.299145299145323,28.0394334192056,0.35,5.0,0.05,
10.410841831999278,REOPEN,0.0,0.0,24330.137632301,28.091096360723277,1.299145299145323,28.0397391837055,0.35,5.0,0.05,
10.412155072997848,REOPEN,0.0,0.0,24330.137632301,28.091096360723277,1.299145299145323,28.04014825195511,0.35,5.0,0.05,
10.413623183998425,REOPEN,0.0,0.0,24330.137632301,28.091096360723277,1.299145299145323,28.040498024455268,0.35,5.0,0.05,
10.415307969000423,REOPEN,0.0,0.0,24330.137632301,28.09201190203708,1.1623931623931867,28.04083713420507,0.35,5.0,0.05,
10.416624206998677,REOPEN,0.0,0.0,24330.137632301,28.09201190203708,1.1623931623931867,28.041262819955158,0.35,5.0,0.05,
10.418118527999468,REOPEN,0.0,0.0,24330.137632301,28.09292744335088,1.1623931623931867,28.04158245795545,0.35,5.0,0.05,
10.419382567997673,REOPEN,0.0,0.0,24330.137632301,28.09292744335088,1.1623931623931867,28.0419564164554,0.35,5.0,0.05,
10.420930816999316,REOPEN,0.0,0.0,24330.148735087,28.094758525978484,1.1623931623931867,28.04226967445495,0.35,5.0,0.05,
10.422229021998646,REOPEN,0.0,0.0,24330.148735087,28.094758525978484,1.1623931623931867,28.04265893420554,0.35,5.0,0.05,
10.423480361998372,REOPEN,0.0,0.0,24330.148735087,28.094758525978484,1.1623931623931867,28.042985031205284,0.35,5.0,0.05,
10.42495291799787,REOPEN,0.0,0.0,24330.148735087,28.095674067292286,1.0256410256410504,28.043294741205067,0.35,5.0,0.05,
10.426402319000772,REOPEN,0.0,0.0,24330.148735087,28.095674067292286,1.0256410256410504,28.043694270204945,0.35,5.0,0.05,
10.428075739000633,REOPEN,0.0,0.0,24330.148735087,28.09750514991989,1.0256410256410504,28.04403390795553,0.35,5.0,0.05,
10.429477612997289,REOPEN,0.0,0.0,24330.148735087,28.09750514991989,1.0256410256410504,28.04445603395518,0.35,5.0,0.05,
10.430822086000262,REOPEN,0.0,0.0,24330.148735087,28.09750514991989,1.0256410256410504,28.044803606705067,0.35,5.0,0.05,
10.43248339999991,REOPEN,0.0,0.0,24330.160455783,28.101167315175097,0.7521367521367779,28.045134940205138,0.35,5.0,0.05,
10.433701286998257,REOPEN,0.0,0.0,24330.160455783,28.101167315175097,0.7521367521367779,28.04554934745513,0.35,5.0,0.05,
10.4349355489976,REOPEN,0.0,0.0,24330.160455783,28.105745021744106,0.47863247863250535,28.045840375705232,0.35,5.0,0.05,
10.436121006998292,REOPEN,0.0,0.0,24330.160455783,28.105745021744106,0.47863247863250535,28.046155007705714,0.35,5.0,0.05,
10.437291342997923,REOPEN,0.0,0.0,24330.160455783,28.105745021744106,0.47863247863250535,28.046450679205485,0.35,5.0,0.05,
10.438502988999971,REOPEN,0.0,0.0,24330.160455783,28.109407186999313,0.20512820512823282,28.046730818704894,0.35,5.0,0.05,
10.439644440000848,REOPEN,0.0,0.0,24330.160455783,28.109407186999313,0.20512820512823282,28.047040471455624,0.35,5.0,0.05,
10.440910573997826,REOPEN,0.0,0.0,24330.160455783,28.11215381094072,-0.06837606837609655,28.04733777595495,0.35,5.0,0.05,
10.442077847998007,REOPEN,0.0,0.0,24330.170394021,28.11215381094072,-0.06837606837609655,28.047643261455526,0.35,5.0,0.05,
10.443242925997765,REOPEN,0.0,0.0,24330.170394021,28.11215381094072,-0.06837606837609655,28.0479346809557,0.35,5.0,0.05,
10.444507566997345,REOPEN,0.0,0.0,24330.170394021,28.11306935225452,-0.20512820512823282,28.048236921205465,0.35,5.0,0.05,
10.445659344997694,REOPEN,0.0,0.0,24330.170394021,28.11306935225452,-0.20512820512823282,28.048544885954946,0.35,5.0,0.05,
10.44687783399786,REOPEN,0.0,0.0,24330.170394021,28.113984893568322,-0.06837606837609655,28.04882855245571,0.35,5.0,0.05,
10.448059123998974,REOPEN,0.0,0.0,24330.170394021,28.113984893568322,-0.06837606837609655,28.049139526205657,0.35,5.0,0.05,
10.449226590997569,REOPEN,0.0,0.0,24330.170394021,28.113984893568322,-0.06837606837609655,28.04943269495518,0.35,5.0,0.05,
10.45049937099975,REOPEN,0.0,0.0,24330.170394021,28.114900434882124,-0.06837606837609655,28.049724513205113,0.35,5.0,0.05,
10.451687745997333,REOPEN,0.0,0.0,24330.170394021,28.114900434882124,-0.06837606837609655,28.050040631455452,0.35,5.0,0.05,
10.453028087998973,REOPEN,0.0,0.0,24330.181440129,28.115815976195925,-0.20512820512823282,28.050350525204998,0.35,5.0,0.05,
10.454223675998946,REOPEN,0.0,0.0,24330.181440129,28.115815976195925,-0.20512820512823282,28.050681618455677,0.35,5.0,0.05,
10.45542970599854,REOPEN,0.0,0.0,24330.181440129,28.115815976195925,-0.20512820512823282,28.050976065705548,0.35,5.0,0.05,
10.456708195000829,REOPEN,0.0,0.0,24330.181440129,28.115815976195925,-0.06837606837609655,28.051273675705055,0.35,5.0,0.05,
10.457887287997437,REOPEN,0.0,0.0,24330.181440129,28.115815976195925,-0.06837606837609655,28.051599873454983,0.35,5.0,0.05,
10.459090636999463,REOPEN,0.0,0.0,24330.181440129,28.115815976195925,0.06837606837609655,28.051888597955006,0.35,5.0,0.05,
10.460239395000826,REOPEN,0.0,0.0,24330.181440129,28.115815976195925,0.06837606837609655,28.052190223955698,0.35,5.0,0.05,
10.461498116997973,REOPEN,0.0,0.0,24330.181440129,28.115815976195925,0.06837606837609655,28.052482695205548,0.35,5.0,0.05,
10.462680991000525,REOPEN,0.0,0.0,24330.181440129,28.115815976195925,0.06837606837609655,28.052790741205648,0.35,5.0,0.05,
10.463854403998994,REOPEN,0.0,0.0,24330.192396932,28.115815976195925,0.06837606837609655,28.053092178705377,0.35,5.0,0.05,
10.465073031999054,REOPEN,0.0,0.0,24330.192396932,28.115815976195925,0.06837606837609655,28.053382012705264,0.35,5.0,0.05,
10.466236801999912,REOPEN,0.0,0.0,24330.192396932,28.115815976195925,0.06837606837609655,28.05368269820567,0.35,5.0,0.05,
10.467492117997608,REOPEN,0.0,0.0,24330.192396932,28.115815976195925,0.06837606837609655,28.053984956205134,0.35,5.0,0.05,
10.468597175997274,REOPEN,0.0,0.0,24330.192396932,28.115815976195925,0.06837606837609655,28.054285180455302,0.35,5.0,0.05,
10.469741177999822,REOPEN,0.0,0.0,24330.192396932,28.115815976195925,0.06837606837609655,28.054561367205245,0.35,5.0,0.05,
10.470949426999141,REOPEN,0.0,0.0,24330.192396932,28.116731517509727,0.20512820512823282,28.054851912455455,0.35,5.0,0.05,
10.47209230199951,REOPEN,0.0,0.0,24330.192396932,28.116731517509727,0.20512820512823282,28.055153909705517,0.35,5.0,0.05,
10.473346656999638,REOPEN,0.0,0.0,24330.192396932,28.116731517509727,0.20512820512823282,28.055438088705635,0.35,5.0,0.05,
10.474731756999972,REOPEN,0.0,0.0,24330.192396932,28.116731517509727,0.20512820512823282,28.055755714205155,0.35,5.0,0.05,
10.476004853000632,REOPEN,0.0,0.0,24330.203361964,28.116731517509727,0.20512820512823282,28.056106726704932,0.35,5.0,0.05,
10.477344861999882,REOPEN,0.0,0.0,24330.203361964,28.11764705882353,0.3418803418803691,28.056424794205235,0.35,5.0,0.05,
10.47847847599769,REOPEN,0.0,0.0,24330.203361964,28.11764705882353,0.3418803418803691,28.056753818455512,0.35,5.0,0.05,
10.479671884997515,REOPEN,0.0,0.0,24330.203361964,28.11764705882353,0.3418803418803691,28.057032440455735,0.35,5.0,0.05,
10.480854714998713,REOPEN,0.0,0.0,24330.203361964,28.11764705882353,0.3418803418803691,28.057332680205512,0.35,5.0,0.05,
10.482039791997522,REOPEN,0.0,0.0,24330.203361964,28.11764705882353,0.3418803418803691,28.0576322144557,0.35,5.0,0.05,
10.483327963000193,REOPEN,0.0,0.0,24330.203361964,28.11764705882353,0.3418803418803691,28.05792594395509,0.35,5.0,0.05,
10.48447674199997,REOPEN,0.0,0.0,24330.203361964,28.11764705882353,0.3418803418803691,28.058249483455732,0.35,5.0,0.05,
10.485819505000109,REOPEN,0.0,0.0,24330.214365957,28.11764705882353,0.47863247863250535,28.058576254705734,0.35,5.0,0.05,
10.487008717998833,REOPEN,0.0,0.0,24330.214365957,28.11764705882353,0.47863247863250535,28.058873913705177,0.35,5.0,0.05,
10.48816818799969,REOPEN,0.0,0.0,24330.214365957,28.11764705882353,0.47863247863250535,28.059170195955197,0.35,5.0,0.05,
10.48939576399789,REOPEN,0.0,0.0,24330.214365957,28.11764705882353,0.47863247863250535,28.05945862345518,0.35,5.0,0.05,
10.490515622997918,REOPEN,0.0,0.0,24330.214365957,28.11764705882353,0.47863247863250535,28.05976135845551,0.35,5.0,0.05,
10.491686328998185,REOPEN,0.0,0.0,24330.214365957,28.11764705882353,0.47863247863250535,28.06004211095526,0.35,5.0,0.05,
10.492796791000728,REOPEN,0.0,0.0,24330.214365957,28.11764705882353,0.47863247863250535,28.060333746705076,0.35,5.0,0.05,
10.493915995997668,REOPEN,0.0,0.0,24330.214365957,28.11764705882353,0.47863247863250535,28.060611324455316,0.35,5.0,0.05,
10.495153525000205,REOPEN,0.0,0.0,24330.214365957,28.11856260013733,0.6153846153846416,28.06089300195483,0.35,5.0,0.05,
10.496314451000217,REOPEN,0.0,0.0,24330.214365957,28.11856260013733,0.6153846153846416,28.061208369955715,0.35,5.0,0.05,
10.497495928997523,REOPEN,0.0,0.0,24330.225516779,28.11856260013733,0.6153846153846416,28.061487337704897,0.35,5.0,0.05,
10.498649638000643,REOPEN,0.0,0.0,24330.225516779,28.11856260013733,0.6153846153846416,28.061787471454885,0.35,5.0,0.05,
10.499871348998568,REOPEN,0.0,0.0,24330.225516779,28.119478141451133,0.6153846153846416,28.062078985205083,0.35,5.0,0.05,
10.50109989900011,REOPEN,0.0,0.0,24330.225516779,28.119478141451133,0.6153846153846416,28.062393302454915,0.35,5.0,0.05,
10.50228361599875,REOPEN,0.0,0.0,24330.225516779,28.119478141451133,0.6153846153846416,28.062698163705612,0.35,5.0,0.05,
10.503587682000216,REOPEN,0.0,0.0,24330.225516779,28.119478141451133,0.7521367521367779,28.062986529955673,0.35,5.0,0.05,
10.504774852997798,REOPEN,0.0,0.0,24330.225516779,28.119478141451133,0.7521367521367779,28.063321009455215,0.35,5.0,0.05,
10.506037385999662,REOPEN,0.0,0.0,24330.225516779,28.119478141451133,0.7521367521367779,28.063611224205054,0.35,5.0,0.05,
10.507215694000479,REOPEN,0.0,0.0,24330.225516779,28.119478141451133,0.7521367521367779,28.0639238697054,0.35,5.0,0.05,
10.508427307999227,REOPEN,0.0,0.0,24330.236515952,28.119478141451133,0.7521367521367779,28.064234306455113,0.35,5.0,0.05,
10.509748165997735,REOPEN,0.0,0.0,24330.236515952,28.119478141451133,0.7521367521367779,28.064522672455062,0.35,5.0,0.05,
10.510970057999657,REOPEN,0.0,0.0,24330.236515952,28.119478141451133,0.7521367521367779,28.06486003845523,0.35,5.0,0.05,
10.512351321998722,REOPEN,0.0,0.0,24330.236515952,28.119478141451133,0.8888888888889142,28.065174388955278,0.35,5.0,0.05,
10.51356227100041,REOPEN,0.0,0.0,24330.236515952,28.119478141451133,0.8888888888889142,28.065510162455688,0.35,5.0,0.05,
10.514812609999353,REOPEN,0.0,0.0,24330.236515952,28.119478141451133,0.8888888888889142,28.065812350204872,0.35,5.0,0.05,
10.516507640000782,REOPEN,0.0,0.0,24330.236515952,28.120393682764934,0.8888888888889142,28.066132556704837,0.35,5.0,0.05,
10.517791680998926,REOPEN,0.0,0.0,24330.236515952,28.120393682764934,0.8888888888889142,28.066556212955696,0.35,5.0,0.05,
10.519228663000831,REOPEN,0.0,0.0,24330.247465468,28.120393682764934,0.8888888888889142,28.066881028205465,0.35,5.0,0.05,
10.52065321199916,REOPEN,0.0,0.0,24330.247465468,28.120393682764934,0.8888888888889142,28.06727498945522,0.35,5.0,0.05,
10.521912116997555,REOPEN,0.0,0.0,24330.247465468,28.120393682764934,0.8888888888889142,28.06758569645492,0.35,5.0,0.05,
10.523354447999736,REOPEN,0.0,0.0,24330.247465468,28.120393682764934,1.0256410256410504,28.067907851455423,0.35,5.0,0.05,
10.524742632998823,REOPEN,0.0,0.0,24330.247465468,28.120393682764934,1.0256410256410504,28.06829256595531,0.35,5.0,0.05,
10.526229993000015,REOPEN,0.0,0.0,24330.247465468,28.121309224078736,1.0256410256410504,28.06862040220542,0.35,5.0,0.05,
10.527565387998038,REOPEN,0.0,0.0,24330.247465468,28.121309224078736,1.0256410256410504,28.068985730954886,0.35,5.0,0.05,
10.528898840999318,REOPEN,0.0,0.0,24330.247465468,28.121309224078736,1.0256410256410504,28.069321688205058,0.35,5.0,0.05,
10.530469335997623,REOPEN,0.0,0.0,24330.258595783,28.122224765392538,1.0256410256410504,28.069652228455674,0.35,5.0,0.05,
10.531740449998324,REOPEN,0.0,0.0,24330.258595783,28.122224765392538,1.0256410256410504,28.07004625795573,0.35,5.0,0.05,
10.533173408999573,REOPEN,0.0,0.0,24330.258595783,28.122224765392538,1.0256410256410504,28.07035898820552,0.35,5.0,0.05,
10.534420444997522,REOPEN,0.0,0.0,24330.258595783,28.122224765392538,1.0256410256410504,28.070716028955324,0.35,5.0,0.05,
10.535610915998404,REOPEN,0.0,0.0,24330.258595783,28.122224765392538,1.0256410256410504,28.071027463455287,0.35,5.0,0.05,
10.53706509100084,REOPEN,0.0,0.0,24330.258595783,28.122224765392538,1.1623931623931867,28.071325429205466,0.35,5.0,0.05,
10.538577986000746,REOPEN,0.0,0.0,24330.258595783,28.122224765392538,1.1623931623931867,28.071717076455137,0.35,5.0,0.05,
10.540563769998698,REOPEN,0.0,0.0,24330.258595783,28.12405584802014,1.0256410256410504,28.07208500245499,0.35,5.0,0.05,
10.5427324150005,REOPEN,0.0,0.0,24330.269775903,28.12405584802014,1.0256410256410504,28.072755640204853,0.35,5.0,0.05,
10.544560095000634,REOPEN,0.0,0.0,24330.269775903,28.12405584802014,1.0256410256410504,28.073124090704844,0.35,5.0,0.05,
10.545929564999824,REOPEN,0.0,0.0,24330.269775903,28.12405584802014,1.0256410256410504,28.073578150455,0.35,5.0,0.05,
10.547566601999279,REOPEN,0.0,0.0,24330.269775903,28.125886930647745,1.0256410256410504,28.07391323595541,0.35,5.0,0.05,
10.548948706000374,REOPEN,0.0,0.0,24330.269775903,28.125886930647745,1.0256410256410504,28.07432640770505,0.35,5.0,0.05,
10.550801731998945,REOPEN,0.0,0.0,24330.269775903,28.125886930647745,1.0256410256410504,28.074669562455277,0.35,5.0,0.05,
10.552595156997995,REOPEN,0.0,0.0,24330.280849292,28.125886930647745,1.0256410256410504,28.075232860205254,0.35,5.0,0.05,
10.554090706998977,REOPEN,0.0,0.0,24330.280849292,28.125886930647745,1.0256410256410504,28.07559167095544,0.35,5.0,0.05,
10.555937901997822,REOPEN,0.0,0.0,24330.280849292,28.12863355458915,1.0256410256410504,28.075990395205302,0.35,5.0,0.05,
10.55743057699874,REOPEN,0.0,0.0,24330.280849292,28.12863355458915,1.0256410256410504,28.076442971955224,0.35,5.0,0.05,
10.559058077000373,REOPEN,0.0,0.0,24330.280849292,28.130464637216754,0.8888888888889142,28.076790860705408,0.35,5.0,0.05,
10.560552770999493,REOPEN,0.0,0.0,24330.280849292,28.130464637216754,0.8888888888889142,28.077206681954998,0.35,5.0,0.05,
10.562115000997437,REOPEN,0.0,0.0,24330.280849292,28.130464637216754,0.8888888888889142,28.077578351455053,0.35,5.0,0.05,
10.564198594998743,REOPEN,0.0,0.0,24330.292245225,28.132295719844358,0.7521367521367779,28.07806736970499,0.35,5.0,0.05,
10.565593843999523,REOPEN,0.0,0.0,24330.292245225,28.13412680247196,0.7521367521367779,28.078487721204986,0.35,5.0,0.05,
10.566832452997915,REOPEN,0.0,0.0,24330.292245225,28.13412680247196,0.7521367521367779,28.0788217622053,0.35,5.0,0.05,
10.568196964999515,REOPEN,0.0,0.0,24330.292245225,28.135957885099565,0.47863247863250535,28.07913013345526,0.35,5.0,0.05,
10.569417577000422,REOPEN,0.0,0.0,24330.292245225,28.135957885099565,0.47863247863250535,28.079472236205696,0.35,5.0,0.05,
10.570726399000705,REOPEN,0.0,0.0,24330.292245225,28.137788967727168,0.47863247863250535,28.07977238670494,0.35,5.0,0.05,
10.572165223999036,REOPEN,0.0,0.0,24330.292245225,28.137788967727168,0.47863247863250535,28.08013084120514,0.35,5.0,0.05,
10.573622481999337,REOPEN,0.0,0.0,24330.292245225,28.137788967727168,0.47863247863250535,28.08050391995541,0.35,5.0,0.05,
10.575078806999954,REOPEN,0.0,0.0,24330.303164169,28.141451132982375,0.3418803418803691,28.080834207704832,0.35,5.0,0.05,
10.576322548000462,REOPEN,0.0,0.0,24330.303164169,28.141451132982375,0.3418803418803691,28.08119017845504,0.35,5.0,0.05,
10.577736114999425,REOPEN,0.0,0.0,24330.303164169,28.14419775692378,0.06837606837609655,28.081514298455225,0.35,5.0,0.05,
10.579048526000406,REOPEN,0.0,0.0,24330.303164169,28.14419775692378,0.06837606837609655,28.08186823445569,0.35,5.0,0.05,
10.580468052998185,REOPEN,0.0,0.0,24330.303164169,28.14419775692378,0.06837606837609655,28.082213766955213,0.35,5.0,0.05,
10.581921016997512,REOPEN,0.0,0.0,24330.303164169,28.146944380865186,-0.06837606837609655,28.082540395205363,0.35,5.0,0.05,
10.583327891999943,REOPEN,0.0,0.0,24330.303164169,28.146944380865186,-0.06837606837609655,28.08293200045548,0.35,5.0,0.05,
10.58628313999725,REOPEN,0.0,0.0,24330.31428815,28.147859922178988,-0.20512820512823282,28.083269962955022,0.35,5.0,0.05,
10.587674805999995,REOPEN,0.0,0.0,24330.31428815,28.147859922178988,-0.20512820512823282,28.084017523704937,0.35,5.0,0.05,
10.589027071997407,REOPEN,0.0,0.0,24330.31428815,28.147859922178988,-0.20512820512823282,28.08435565145512,0.35,5.0,0.05,
10.59059406400047,REOPEN,0.0,0.0,24330.31428815,28.14877546349279,-0.20512820512823282,28.084692861455117,0.35,5.0,0.05,
10.591909521997877,REOPEN,0.0,0.0,24330.31428815,28.14877546349279,-0.20512820512823282,28.085080689955724,0.35,5.0,0.05,
10.593488703998446,REOPEN,0.0,0.0,24330.31428815,28.14969100480659,-0.06837606837609655,28.085405866955192,0.35,5.0,0.05,
10.594727232997684,REOPEN,0.0,0.0,24330.31428815,28.14969100480659,-0.06837606837609655,28.08579961145508,0.35,5.0,0.05,
10.596413112998562,REOPEN,0.0,0.0,24330.324734343,28.14969100480659,-0.06837606837609655,28.086180758205522,0.35,5.0,0.05,
10.598029194999981,REOPEN,0.0,0.0,24330.324734343,28.14969100480659,-0.06837606837609655,28.086537045205226,0.35,5.0,0.05,
10.599255271998118,REOPEN,0.0,0.0,24330.324734343,28.14969100480659,-0.06837606837609655,28.086931097705495,0.35,5.0,0.05,
10.600643219997437,REOPEN,0.0,0.0,24330.324734343,28.14969100480659,0.06837606837609655,28.08723944145506,0.35,5.0,0.05,
10.601903581999068,REOPEN,0.0,0.0,24330.324734343,28.14969100480659,0.06837606837609655,28.08758514970534,0.35,5.0,0.05,
10.603111981999973,REOPEN,0.0,0.0,24330.324734343,28.14969100480659,0.06837606837609655,28.087899823205156,0.35,5.0,0.05,
10.604771805999917,REOPEN,0.0,0.0,24330.324734343,28.14969100480659,0.06837606837609655,28.08822382520568,0.35,5.0,0.05,
10.606190529997548,REOPEN,0.0,0.0,24330.324734343,28.14969100480659,0.06837606837609655,28.088637207455143,0.35,5.0,0.05,
10.607892563999485,REOPEN,0.0,0.0,24330.335684431,28.14969100480659,0.20512820512823282,28.089021341205374,0.35,5.0,0.05,
10.609181320000062,REOPEN,0.0,0.0,24330.335684431,28.14969100480659,0.20512820512823282,28.08940922795548,0.35,5.0,0.05,
10.610508141999162,REOPEN,0.0,0.0,24330.335684431,28.14969100480659,0.20512820512823282,28.08971844195505,0.35,5.0,0.05,
10.612014070000441,REOPEN,0.0,0.0,24330.335684431,28.14969100480659,0.20512820512823282,28.09005514545563,0.35,5.0,0.05,
10.613350963998528,REOPEN,0.0,0.0,24330.335684431,28.14969100480659,0.20512820512823282,28.09043138545487,0.35,5.0,0.05,
10.614761356999225,REOPEN,0.0,0.0,24330.335684431,28.14969100480659,0.20512820512823282,28.090765442204905,0.35,5.0,0.05,
10.615952741998626,REOPEN,0.0,0.0,24330.335684431,28.14969100480659,0.20512820512823282,28.091111417705655,0.35,5.0,0.05,
10.617144437997922,REOPEN,0.0,0.0,24330.335684431,28.14969100480659,0.20512820512823282,28.091412907705056,0.35,5.0,0.05,
10.618482219000725,REOPEN,0.0,0.0,24330.346548228,28.150606546120393,0.47863247863250535,28.09170499295535,0.35,5.0,0.05,
10.61966858699816,REOPEN,0.0,0.0,24330.346548228,28.150606546120393,0.47863247863250535,28.092036773704898,0.35,5.0,0.05,
10.620972272998188,REOPEN,0.0,0.0,24330.346548228,28.150606546120393,0.3418803418803691,28.09233634495515,0.35,5.0,0.05,
10.622343256000022,REOPEN,0.0,0.0,24330.346548228,28.150606546120393,0.3418803418803691,28.092687988705187,0.35,5.0,0.05,
10.623742617997777,REOPEN,0.0,0.0,24330.346548228,28.150606546120393,0.3418803418803691,28.093018219704867,0.35,5.0,0.05,
10.625280689000647,REOPEN,0.0,0.0,24330.346548228,28.151522087434195,0.3418803418803691,28.093374855955084,0.35,5.0,0.05,
10.626612192998437,REOPEN,0.0,0.0,24330.346548228,28.151522087434195,0.3418803418803691,28.09376326170561,0.35,5.0,0.05,
10.628062472998863,REOPEN,0.0,0.0,24330.346548228,28.151522087434195,0.47863247863250535,28.094077443455284,0.35,5.0,0.05,
10.629492296000535,REOPEN,0.0,0.0,24330.357550642,28.151522087434195,0.47863247863250535,28.09447050895553,0.35,5.0,0.05,
10.630942014999164,REOPEN,0.0,0.0,24330.357550642,28.151522087434195,0.47863247863250535,28.094800351705565,0.35,5.0,0.05,
10.632147985998017,REOPEN,0.0,0.0,24330.357550642,28.151522087434195,0.47863247863250535,28.095158487205047,0.35,5.0,0.05,
10.633517472997482,REOPEN,0.0,0.0,24330.357550642,28.151522087434195,0.47863247863250535,28.095485248705266,0.35,5.0,0.05,
10.634994732998166,REOPEN,0.0,0.0,24330.357550642,28.152437628747997,0.6153846153846416,28.095806188955542,0.35,5.0,0.05,
10.636411275998398,REOPEN,0.0,0.0,24330.357550642,28.152437628747997,0.6153846153846416,28.096202912205193,0.35,5.0,0.05,
10.637842643998738,REOPEN,0.0,0.0,24330.357550642,28.152437628747997,0.6153846153846416,28.096528689455702,0.35,5.0,0.05,
10.639295484998001,REOPEN,0.0,0.0,24330.357550642,28.152437628747997,0.6153846153846416,28.096922006454882,0.35,5.0,0.05,
10.640598350997607,REOPEN,0.0,0.0,24330.368983219,28.152437628747997,0.6153846153846416,28.09725709570514,0.35,5.0,0.05,
10.642045231998054,REOPEN,0.0,0.0,24330.368983219,28.152437628747997,0.7521367521367779,28.097572383205737,0.35,5.0,0.05,
10.643275988000823,REOPEN,0.0,0.0,24330.368983219,28.152437628747997,0.7521367521367779,28.09793051895533,0.35,5.0,0.05,
10.64482440899883,REOPEN,0.0,0.0,24330.368983219,28.152437628747997,0.7521367521367779,28.098245771955156,0.35,5.0,0.05,
10.64608514399879,REOPEN,0.0,0.0,24330.368983219,28.152437628747997,0.7521367521367779,28.09864082145534,0.35,5.0,0.05,
10.647238456000196,REOPEN,0.0,0.0,24330.368983219,28.152437628747997,0.7521367521367779,28.098938322205434,0.35,5.0,0.05,
10.648579286000313,REOPEN,0.0,0.0,24330.368983219,28.1533531700618,0.8888888888889142,28.099225192204834,0.35,5.0,0.05,
10.649763173998508,REOPEN,0.0,0.0,24330.368983219,28.1533531700618,0.8888888888889142,28.099565481455578,0.35,5.0,0.05,
10.651253211999574,REOPEN,0.0,0.0,24330.379700034,28.1533531700618,1.0256410256410504,28.099915116205487,0.35,5.0,0.05,
10.652488394000102,REOPEN,0.0,0.0,24330.379700034,28.1533531700618,1.0256410256410504,28.10023647395567,0.35,5.0,0.05,
10.653659727999184,REOPEN,0.0,0.0,24330.379700034,28.1533531700618,1.0256410256410504,28.100539936205244,0.35,5.0,0.05,
10.655030550999072,REOPEN,0.0,0.0,24330.379700034,28.1533531700618,0.8888888888889142,28.100834498205153,0.35,5.0,0.05,
10.656230178999976,REOPEN,0.0,0.0,24330.379700034,28.1533531700618,0.8888888888889142,28.101177803955146,0.35,5.0,0.05,
10.657542490000196,REOPEN,0.0,0.0,24330.379700034,28.1542687113756,1.0256410256410504,28.1014753794557,0.35,5.0,0.05,
10.658722207997926,REOPEN,0.0,0.0,24330.379700034,28.1542687113756,1.0256410256410504,28.10180277495558,0.35,5.0,0.05,
10.659908253997855,REOPEN,0.0,0.0,24330.379700034,28.1542687113756,1.0256410256410504,28.10210203820545,0.35,5.0,0.05,
10.661305906000052,REOPEN,0.0,0.0,24330.379700034,28.1542687113756,1.0256410256410504,28.10239609745488,0.35,5.0,0.05,
10.662640477999958,REOPEN,0.0,0.0,24330.391132424,28.1542687113756,1.0256410256410504,28.102775984705225,0.35,5.0,0.05,
10.66393723299916,REOPEN,0.0,0.0,24330.391132424,28.1542687113756,1.0256410256410504,28.10307888745549,0.35,5.0,0.05,
10.665161286997318,REOPEN,0.0,0.0,24330.391132424,28.1542687113756,1.0256410256410504,28.103405141955157,0.35,5.0,0.05,
10.666345342000568,REOPEN,0.0,0.0,24330.391132424,28.1542687113756,1.0256410256410504,28.1037097212052,0.35,5.0,0.05,
10.66768542799764,REOPEN,0.0,0.0,24330.391132424,28.1542687113756,1.0256410256410504,28.104002537955715,0.35,5.0,0.05,
10.668880508997972,REOPEN,0.0,0.0,24330.391132424,28.1542687113756,1.0256410256410504,28.104342278954867,0.35,5.0,0.05,
10.670479270000214,REOPEN,0.0,0.0,24330.391132424,28.155184252689402,1.1623931623931867,28.104667845705556,0.35,5.0,0.05,
10.671822517997498,REOPEN,0.0,0.0,24330.391132424,28.155184252689402,1.1623931623931867,28.105054337455407,0.35,5.0,0.05,
10.673317050997866,REOPEN,0.0,0.0,24330.401576326,28.155184252689402,1.1623931623931867,28.105399065455025,0.35,5.0,0.05,
10.674608533998253,REOPEN,0.0,0.0,24330.401576326,28.155184252689402,1.1623931623931867,28.10576357495531,0.35,5.0,0.05,
10.675884640000731,REOPEN,0.0,0.0,24330.401576326,28.155184252689402,1.1623931623931867,28.106075941455423,0.35,5.0,0.05,
10.677432119999139,REOPEN,0.0,0.0,24330.401576326,28.155184252689402,1.299145299145323,28.106428256955517,0.35,5.0,0.05,
10.678754616998049,REOPEN,0.0,0.0,24330.401576326,28.155184252689402,1.299145299145323,28.106782702454915,0.35,5.0,0.05,
10.68026909299806,REOPEN,0.0,0.0,24330.401576326,28.157015335317006,1.299145299145323,28.10712561470566,0.35,5.0,0.05,
10.681598721999762,REOPEN,0.0,0.0,24330.401576326,28.157015335317006,1.299145299145323,28.107515805455044,0.35,5.0,0.05,
10.682804960000794,REOPEN,0.0,0.0,24330.401576326,28.157015335317006,1.299145299145323,28.107820065205054,0.35,5.0,0.05,
10.68424382900048,REOPEN,0.0,0.0,24330.412600642,28.157015335317006,1.299145299145323,28.108138632205304,0.35,5.0,0.05,
10.685505044999445,REOPEN,0.0,0.0,24330.412600642,28.157015335317006,1.299145299145323,28.108487592955065,0.35,5.0,0.05,
10.686803158998373,REOPEN,0.0,0.0,24330.412600642,28.157015335317006,1.4358974358974592,28.108793600705688,0.35,5.0,0.05,
10.688000046000525,REOPEN,0.0,0.0,24330.412600642,28.157015335317006,1.4358974358974592,28.109121762704966,0.35,5.0,0.05,
10.68915607999952,REOPEN,0.0,0.0,24330.412600642,28.157015335317006,1.4358974358974592,28.10941589420556,0.35,5.0,0.05,
10.690530616997421,REOPEN,0.0,0.0,24330.412600642,28.157930876630807,1.299145299145323,28.109708604205046,0.35,5.0,0.05,
10.691716400997393,REOPEN,0.0,0.0,24330.412600642,28.157930876630807,1.299145299145323,28.110052189455494,0.35,5.0,0.05,
10.693313976000354,REOPEN,0.0,0.0,24330.412600642,28.157015335317006,1.299145299145323,28.110376861955523,0.35,5.0,0.05,
10.695073332997708,REOPEN,0.0,0.0,24330.412600642,28.157015335317006,1.299145299145323,28.110759425955187,0.35,5.0,0.05,
10.696408724998037,REOPEN,0.0,0.0,24330.423596653,28.157015335317006,1.299145299145323,28.11120285570498,0.35,5.0,0.05,
10.698106150997774,REOPEN,0.0,0.0,24330.423596653,28.15884641794461,1.5726495726495955,28.11154438170572,0.35,5.0,0.05,
10.699376680997375,REOPEN,0.0,0.0,24330.423596653,28.15884641794461,1.5726495726495955,28.11195938595531,0.35,5.0,0.05,
10.700791441999172,REOPEN,0.0,0.0,24330.423596653,28.15884641794461,1.4358974358974592,28.1122656079556,0.35,5.0,0.05,
10.702111659000366,REOPEN,0.0,0.0,24330.423596653,28.15884641794461,1.4358974358974592,28.112625604955177,0.35,5.0,0.05,
10.703398412999377,REOPEN,0.0,0.0,24330.423596653,28.15884641794461,1.4358974358974592,28.112960543205666,0.35,5.0,0.05,
10.70492448100049,REOPEN,0.0,0.0,24330.423596653,28.15884641794461,1.4358974358974592,28.113275202205408,0.35,5.0,0.05,
10.706206906997977,REOPEN,0.0,0.0,24330.434749719,28.15884641794461,1.4358974358974592,28.113676728954964,0.35,5.0,0.05,
10.707576696997421,REOPEN,0.0,0.0,24330.434749719,28.160677500572213,1.5726495726495955,28.113972952205152,0.35,5.0,0.05,
10.70878551900023,REOPEN,0.0,0.0,24330.434749719,28.160677500572213,1.5726495726495955,28.11431496220532,0.35,5.0,0.05,
10.709946238999692,REOPEN,0.0,0.0,24330.434749719,28.160677500572213,1.5726495726495955,28.11461331720559,0.35,5.0,0.05,
10.711271504998876,REOPEN,0.0,0.0,24330.434749719,28.160677500572213,1.4358974358974592,28.1149071762052,0.35,5.0,0.05,
10.712450958999398,REOPEN,0.0,0.0,24330.434749719,28.160677500572213,1.4358974358974592,28.115234576705483,0.35,5.0,0.05,
10.713688779000222,REOPEN,0.0,0.0,24330.434749719,28.160677500572213,1.5726495726495955,28.115528041955734,0.35,5.0,0.05,
10.714989181997225,REOPEN,0.0,0.0,24330.434749719,28.160677500572213,1.5726495726495955,28.115847014705217,0.35,5.0,0.05,
10.716401522000524,REOPEN,0.0,0.0,24330.434749719,28.161593041886015,1.5726495726495955,28.11617098195486,0.35,5.0,0.05,
10.717635237997456,REOPEN,0.0,0.0,24330.445617976,28.161593041886015,1.5726495726495955,28.116522288455165,0.35,5.0,0.05,
10.718864030997793,REOPEN,0.0,0.0,24330.445617976,28.161593041886015,1.5726495726495955,28.11683291345573,0.35,5.0,0.05,
10.7203789769992,REOPEN,0.0,0.0,24330.445617976,28.161593041886015,1.5726495726495955,28.117141987705075,0.35,5.0,0.05,
10.721574118000717,REOPEN,0.0,0.0,24330.445617976,28.161593041886015,1.5726495726495955,28.11751763145505,0.35,5.0,0.05,
10.722963379997964,REOPEN,0.0,0.0,24330.445617976,28.162508583199816,1.7094017094017318,28.11781487320561,0.35,5.0,0.05,
10.724160900997958,REOPEN,0.0,0.0,24330.445617976,28.162508583199816,1.7094017094017318,28.118168791205356,0.35,5.0,0.05,
10.725294874999236,REOPEN,0.0,0.0,24330.445617976,28.162508583199816,1.7094017094017318,28.118455509705676,0.35,5.0,0.05,
10.726631505000114,REOPEN,0.0,0.0,24330.445617976,28.162508583199816,1.5726495726495955,28.11873323595548,0.35,5.0,0.05,
10.7280412839973,REOPEN,0.0,0.0,24330.456609361,28.162508583199816,1.5726495726495955,28.119139310955255,0.35,5.0,0.05,
10.729389140997228,REOPEN,0.0,0.0,24330.456609361,28.163424124513618,1.5726495726495955,28.11943079220557,0.35,5.0,0.05,
10.730628216999321,REOPEN,0.0,0.0,24330.456609361,28.163424124513618,1.5726495726495955,28.119767332205377,0.35,5.0,0.05,
10.731834946000163,REOPEN,0.0,0.0,24330.456609361,28.163424124513618,1.5726495726495955,28.12008185570496,0.35,5.0,0.05,
10.73324793899883,REOPEN,0.0,0.0,24330.456609361,28.16433966582742,1.5726495726495955,28.120375883454948,0.35,5.0,0.05,
10.734589125000639,REOPEN,0.0,0.0,24330.456609361,28.16433966582742,1.5726495726495955,28.12074078120488,0.35,5.0,0.05,
10.736014988000534,REOPEN,0.0,0.0,24330.456609361,28.16525520714122,1.5726495726495955,28.121073955205723,0.35,5.0,0.05,
10.737246402997698,REOPEN,0.0,0.0,24330.456609361,28.16525520714122,1.5726495726495955,28.12142598120547,0.35,5.0,0.05,
10.738484835997951,REOPEN,0.0,0.0,24330.456609361,28.16525520714122,1.5726495726495955,28.121733562205485,0.35,5.0,0.05,
10.74013465799726,REOPEN,0.0,0.0,24330.467705802,28.166170748455023,1.5726495726495955,28.122051590704835,0.35,5.0,0.05,
10.741339786000026,REOPEN,0.0,0.0,24330.467705802,28.166170748455023,1.5726495726495955,28.122457289205634,0.35,5.0,0.05,
10.742671477997646,REOPEN,0.0,0.0,24330.467705802,28.167086289768825,1.5726495726495955,28.122755721954967,0.35,5.0,0.05,
10.743971714000509,REOPEN,0.0,0.0,24330.467705802,28.167086289768825,1.5726495726495955,28.123093298204843,0.35,5.0,0.05,
10.745193355000083,REOPEN,0.0,0.0,24330.467705802,28.167086289768825,1.5726495726495955,28.123423986455713,0.35,5.0,0.05,
10.746631300997251,REOPEN,0.0,0.0,24330.467705802,28.168001831082627,1.5726495726495955,28.123715720705626,0.35,5.0,0.05,
10.747888677000446,REOPEN,0.0,0.0,24330.467705802,28.168001831082627,1.5726495726495955,28.124083142705352,0.35,5.0,0.05,
10.749198946999968,REOPEN,0.0,0.0,24330.467705802,28.16891737239643,1.5726495726495955,28.12439891870556,0.35,5.0,0.05,
10.75043736799853,REOPEN,0.0,0.0,24330.478741064,28.16891737239643,1.5726495726495955,28.12472507845498,0.35,5.0,0.05,
10.75159833699945,REOPEN,0.0,0.0,24330.478741064,28.16891737239643,1.5726495726495955,28.125026658205137,0.35,5.0,0.05,
10.752894741999626,REOPEN,0.0,0.0,24330.478741064,28.171663996337834,1.4358974358974592,28.12531851895485,0.35,5.0,0.05,
10.754048693997902,REOPEN,0.0,0.0,24330.478741064,28.171663996337834,1.4358974358974592,28.125639011205315,0.35,5.0,0.05,
10.755303465997713,REOPEN,0.0,0.0,24330.478741064,28.172579537651636,1.299145299145323,28.12593091320516,0.35,5.0,0.05,
10.75642939699901,REOPEN,0.0,0.0,24330.478741064,28.172579537651636,1.299145299145323,28.126232062705206,0.35,5.0,0.05,
10.757734591999906,REOPEN,0.0,0.0,24330.478741064,28.17532616159304,1.1623931623931867,28.126526724955077,0.35,5.0,0.05,
10.758924173998821,REOPEN,0.0,0.0,24330.478741064,28.17532616159304,1.1623931623931867,28.126855346704836,0.35,5.0,0.05,
10.760102813997946,REOPEN,0.0,0.0,24330.478741064,28.17532616159304,1.1623931623931867,28.12715617195547,0.35,5.0,0.05,
10.76139690799755,REOPEN,0.0,0.0,24330.489611252,28.178072785534447,1.0256410256410504,28.12744576245543,0.35,5.0,0.05,
10.762568704998557,REOPEN,0.0,0.0,24330.489611252,28.178072785534447,1.0256410256410504,28.12776560395516,0.35,5.0,0.05,
10.763803727000777,REOPEN,0.0,0.0,24330.489611252,28.181734950789654,0.8888888888889142,28.128057231705064,0.35,5.0,0.05,
10.764984811998147,REOPEN,0.0,0.0,24330.489611252,28.181734950789654,0.8888888888889142,28.128370034455223,0.35,5.0,0.05,
10.7662925730001,REOPEN,0.0,0.0,24330.489611252,28.181734950789654,0.8888888888889142,28.12867360095563,0.35,5.0,0.05,
10.76769834299921,REOPEN,0.0,0.0,24330.489611252,28.183566033417257,0.47863247863250535,28.12900506545568,0.35,5.0,0.05,
10.768918539997685,REOPEN,0.0,0.0,24330.489611252,28.183566033417257,0.47863247863250535,28.12935011045513,0.35,5.0,0.05,
10.770206974000757,REOPEN,0.0,0.0,24330.489611252,28.18539711604486,0.47863247863250535,28.18539711604486,0,0,0,OPEN_STOP
10.772606479000387,RETURN_ZERO_VERIFY,0.0,0.0,24330.500627277,28.187228198672464,0.3418803418803691,28.187228198672464,0,0,0,
10.78350724199845,RETURN_ZERO_VERIFY,0.0,0.0,24330.511634484,28.17990386816205,-6.358974358974365,28.17990386816205,0,0,0,
10.795070331998431,RETURN_ZERO_VERIFY,0.0,0.0,24330.522722519,28.17441062027924,-14.153846153846132,28.17441062027924,0,0,0,
10.805174913999508,RETURN_ZERO_VERIFY,0.0,0.0,24330.533773352,28.170748455024032,-13.333333333333314,28.170748455024032,0,0,0,
10.816381904998707,RETURN_ZERO_VERIFY,0.0,0.0,24330.544779191,28.16525520714122,-8.683760683760681,28.16525520714122,0,0,0,
10.827238165999006,RETURN_ZERO_VERIFY,0.0,0.0,24330.555667232,28.162508583199816,-4.854700854700866,28.162508583199816,0,0,0,
10.838300364997849,RETURN_ZERO_VERIFY,0.0,0.0,24330.566682111,28.162508583199816,-2.803418803418822,28.162508583199816,0,0,0,
10.849621773999388,RETURN_ZERO_VERIFY,0.0,0.0,24330.577793474,28.161593041886015,-1.1623931623931867,28.161593041886015,0,0,0,
10.8602761559996,RETURN_ZERO_VERIFY,0.0,0.0,24330.588676047,28.162508583199816,-0.47863247863250535,28.162508583199816,0,0,0,
10.87140328699752,RETURN_ZERO_VERIFY,0.0,0.0,24330.59975438,28.162508583199816,-0.3418803418803691,28.162508583199816,0,0,0,
